#
# A fatal error has been detected by the Java Runtime Environment:
#
#  SIGSEGV (0xb) at pc=0x00007f20ed052851, pid=14971, tid=0x00007f20f66ff6c0
#
# JRE version: Java(TM) SE Runtime Environment (8.0_202-b08) (build 1.8.0_202-b08)
# Java VM: Java HotSpot(TM) 64-Bit Server VM (25.202-b08 mixed mode linux-amd64 compressed oops)
# Problematic frame:
# C  [libt2k.so+0x52851]  t2k_SetStyling+0x51
#
# Core dump written. Default location: /home/superBits/projetos/carameloCode/source/carameloCodeCRM/webApp/core or core.14971
#
# If you would like to submit a bug report, please visit:
#   http://bugreport.java.com/bugreport/crash.jsp
# The crash happened outside the Java Virtual Machine in native code.
# See problematic frame for where to report the bug.
#

---------------  T H R E A D  ---------------

Current thread (0x00007f2010004800):  JavaThread "qtp1035361293-75" [_thread_in_native, id=15143, stack(0x00007f20f6600000,0x00007f20f6700000)]

siginfo: si_signo: 11 (SIGSEGV), si_code: 1 (SEGV_MAPERR), si_addr: 0x00000000000000c0

Registers:
RAX=0x0000000000000000, RBX=0x000000000600010b, RCX=0x00007f20285c6d90, RDX=0x00007f20285c6a00
RSP=0x00007f20f6617088, RBP=0x00007f20f66170d0, RSI=0x0000000000000000, RDI=0x0000000000000000
R8 =0x0000000000000000, R9 =0x000000000600010b, R10=0x00007f2119020a7c, R11=0x00007f212e3bfc30
R12=0x00007f20285c6d90, R13=0x00007f202866a240, R14=0x0000000000000000, R15=0x000000000600010b
RIP=0x00007f20ed052851, EFLAGS=0x0000000000010246, CSGSFS=0x002b000000000033, ERR=0x0000000000000006
  TRAPNO=0x000000000000000e

Top of Stack: (sp=0x00007f20f6617088)
0x00007f20f6617088:   00007f20ed0304fe 00007f20c1ba4330
0x00007f20f6617098:   00000000ed4c7868 00007f212e513a29
0x00007f20f66170a8:   0000093c10004ce0 00007f20285c6d90
0x00007f20f66170b8:   000000000000001a 00007f20f6617650
0x00007f20f66170c8:   00007f20285c6a00 00007f20f6617580
0x00007f20f66170d8:   00007f20ed0309d6 00007f20ed4c6620
0x00007f20f66170e8:   00007f2010004800 00000000ffffffff
0x00007f20f66170f8:   00007f20100036d0 00007f20ed4c6620
0x00007f20f6617108:   00000000ffffffff 000000000000093c
0x00007f20f6617118:   00007f2010004800 00007f20f66171c0
0x00007f20f6617128:   00007f212dcbddab 00007f2010004800
0x00007f20f6617138:   00007f212dcbdf27 00007f20ed4c6620
0x00007f20f6617148:   0000019f7b1c6760 000000000000004e
0x00007f20f6617158:   0000000000000000 00007f20ed4c79f8
0x00007f20f6617168:   0000000000000000 00007f20f66171d0
0x00007f20f6617178:   00007f212dcbf2db 00007f20ed4c6620
0x00007f20f6617188:   00007f2010004800 0000060000000000
0x00007f20f6617198:   00007f212805aea0 00007f20ed4c6620
0x00007f20f66171a8:   00007f20f6617280 0000000000000003
0x00007f20f66171b8:   00007f212805aea0 00007f2010004800
0x00007f20f66171c8:   00007f20f6617200 00007f20f6617240
0x00007f20f66171d8:   00007f202866a240 00007f20f6617240
0x00007f20f66171e8:   00007f212dcbf2db 00007f212805aea0
0x00007f20f66171f8:   00007f2010003601 00007f20f6617658
0x00007f20f6617208:   00007f20100049f8 00007f20f66172b0
0x00007f20f6617218:   0000000000000003 00007f2000000000
0x00007f20f6617228:   00007f212dcbfb20 00007f2000000004
0x00007f20f6617238:   00007f212805aea0 00007f20f66172d0
0x00007f20f6617248:   00007f212e3e784c 00007f20f66172c0
0x00007f20f6617258:   00007f212dcbfc03 00007f2119045e10
0x00007f20f6617268:   00007f20f6617301 00007f20f6617290
0x00007f20f6617278:   00007f20f6617201 00007f20ed4c6620 

Instructions: (pc=0x00007f20ed052851)
0x00007f20ed052831:   8b 46 18 89 87 d8 00 00 00 8b 46 1c 89 87 dc 00
0x00007f20ed052841:   00 00 e9 08 fc ff ff 0f 1f 84 00 00 00 00 00 5d
0x00007f20ed052851:   48 c7 87 c0 00 00 00 00 00 00 00 48 c7 87 c8 00
0x00007f20ed052861:   00 00 00 00 00 00 e9 e4 fb ff ff 0f 1f 40 00 55 

Register to memory mapping:

RAX=0x0000000000000000 is an unknown value
RBX=0x000000000600010b is an unknown value
RCX=0x00007f20285c6d90 is an unknown value
RDX=0x00007f20285c6a00 is an unknown value
RSP=0x00007f20f6617088 is pointing into the stack for thread: 0x00007f2010004800
RBP=0x00007f20f66170d0 is pointing into the stack for thread: 0x00007f2010004800
RSI=0x0000000000000000 is an unknown value
RDI=0x0000000000000000 is an unknown value
R8 =0x0000000000000000 is an unknown value
R9 =0x000000000600010b is an unknown value
R10=0x00007f2119020a7c is at code_begin+1596 in an Interpreter codelet
method entry point (kind = native)  [0x00007f2119020440, 0x00007f2119021420]  4064 bytes
R11=0x00007f212e3bfc30: <offset 0x9bfc30> in /usr/java/jdk1.8.0_202-amd64/jre/lib/amd64/server/libjvm.so at 0x00007f212da00000
R12=0x00007f20285c6d90 is an unknown value
R13=0x00007f202866a240 is an unknown value
R14=0x0000000000000000 is an unknown value
R15=0x000000000600010b is an unknown value


Stack: [0x00007f20f6600000,0x00007f20f6700000],  sp=0x00007f20f6617088,  free space=92k
Native frames: (J=compiled Java code, j=interpreted, Vv=VM code, C=native code)
C  [libt2k.so+0x52851]  t2k_SetStyling+0x51
C  [libt2k.so+0x309d6]  Java_sun_font_T2KFontScaler_getGlyphImageNative+0x96
j  sun.font.T2KFontScaler.getGlyphImageNative(Lsun/font/Font2D;JJI)J+0
j  sun.font.T2KFontScaler.getGlyphImage(JI)J+26
j  sun.font.FileFont.getGlyphImage(JI)J+6
j  sun.font.FileFontStrike.getGlyphImagePtr(I)J+115
j  sun.font.FileFontStrike.getGlyphAdvance(IZ)F+240
j  sun.font.FileFontStrike.getGlyphAdvance(I)F+3
j  sun.font.CompositeStrike.getGlyphAdvance(I)F+11
j  sun.font.CompositeStrike.getCodePointAdvance(I)F+12
J 17279 C1 sun.font.FontDesignMetrics.charsWidth([CII)I (201 bytes) @ 0x00007f2119d3dbbc [0x00007f2119d3d760+0x45c]
j  javax.swing.text.Utilities.getTabbedTextWidth(Ljavax/swing/text/View;Ljavax/swing/text/Segment;Ljava/awt/FontMetrics;ILjavax/swing/text/TabExpander;I[I)I+304
j  javax.swing.text.Utilities.getTabbedTextWidth(Ljavax/swing/text/Segment;Ljava/awt/FontMetrics;ILjavax/swing/text/TabExpander;I)I+8
j  javax.swing.text.PlainView.getLineWidth(Ljavax/swing/text/Element;)I+54
j  javax.swing.text.PlainView.calculateLongestLine()V+69
j  javax.swing.text.PlainView.updateMetrics()V+19
j  javax.swing.text.PlainView.updateDamage(Ljavax/swing/event/DocumentEvent;Ljava/awt/Shape;Ljavax/swing/text/ViewFactory;)V+7
j  javax.swing.text.PlainView.insertUpdate(Ljavax/swing/event/DocumentEvent;Ljava/awt/Shape;Ljavax/swing/text/ViewFactory;)V+4
j  javax.swing.plaf.basic.BasicTextUI$RootView.insertUpdate(Ljavax/swing/event/DocumentEvent;Ljava/awt/Shape;Ljavax/swing/text/ViewFactory;)V+14
j  javax.swing.plaf.basic.BasicTextUI$UpdateHandler.insertUpdate(Ljavax/swing/event/DocumentEvent;)V+101
j  javax.swing.text.AbstractDocument.fireInsertUpdate(Ljavax/swing/event/DocumentEvent;)V+39
j  javax.swing.text.AbstractDocument.handleInsertString(ILjava/lang/String;Ljavax/swing/text/AttributeSet;)V+150
j  javax.swing.text.AbstractDocument.insertString(ILjava/lang/String;Ljavax/swing/text/AttributeSet;)V+46
j  javax.swing.text.PlainDocument.insertString(ILjava/lang/String;Ljavax/swing/text/AttributeSet;)V+104
j  javax.swing.text.AbstractDocument.replace(IILjava/lang/String;Ljavax/swing/text/AttributeSet;)V+74
j  javax.swing.text.JTextComponent.setText(Ljava/lang/String;)V+25
j  javax.swing.JTextArea.<init>(Ljavax/swing/text/Document;Ljava/lang/String;II)V+35
j  javax.swing.JTextArea.<init>(Ljava/lang/String;)V+5
j  com.super_bits.modulosSB.SBCore.UtilGeral.UTILSBCoreDesktopApp.showMessageStopProcess(Lcom/super_bits/modulosSB/SBCore/modulos/Mensagens/ItfMensagem;)V+131
j  com.super_bits.modulosSB.SBCore.modulos.TratamentoDeErros.InfoErroSBCoreDeveloperSopMessagem.alertarResponsavel()V+81
j  com.super_bits.modulosSB.SBCore.modulos.TratamentoDeErros.InfoErroSBComAcoes.executarErro()V+275
j  com.super_bits.modulosSB.SBCore.ConfigGeral.SBCore.RelatarErro(Lorg/coletivojava/fw/api/tratamentoErros/FabErro;Ljava/lang/String;Ljava/lang/Throwable;)V+116
j  com.super_bits.modulosSB.Persistencia.dao.UtilSBPersistencia.loadEntidade(Lcom/super_bits/modulosSB/SBCore/modulos/objetos/entidade/basico/ComoEntidadeSimplesSomenteLeitura;Ljavax/persistence/EntityManager;)Lcom/super_bits/modulosSB/SBCore/modulos/objetos/entidade/basico/ComoEntidadeSimples;+268
J 16592 C1 com.super_bits.modulosSB.webPaginas.controller.sessao.SessaoAtualSBWP.getUsuario()Lcom/super_bits/modulosSB/SBCore/modulos/objetos/entidade/basico/ComoUsuario; (37 bytes) @ 0x00007f211bfe6d0c [0x00007f211bfe63e0+0x92c]
J 17633 C1 br.org.carameloCode.erp.modulo.crm.entidadesJPA.prospecto.Pessoa.isUsuarioLogadoPermitido()Z (13 bytes) @ 0x00007f211a85a394 [0x00007f211a859f80+0x414]
J 17657 C1 br.org.carameloCode.erp.crm.paginas.crmAtendimento.PgProspecto.executarAcao(Lbr/org/carameloCode/erp/modulo/crm/entidadesJPA/prospecto/Pessoa;)V (489 bytes) @ 0x00007f211af3ecbc [0x00007f211af3e5e0+0x6dc]
J 17657 C1 br.org.carameloCode.erp.crm.paginas.crmAtendimento.PgProspecto.executarAcao(Lbr/org/carameloCode/erp/modulo/crm/entidadesJPA/prospecto/Pessoa;)V (489 bytes) @ 0x00007f211af43ac4 [0x00007f211af3e5e0+0x54e4]
J 17657 C1 br.org.carameloCode.erp.crm.paginas.crmAtendimento.PgProspecto.executarAcao(Lbr/org/carameloCode/erp/modulo/crm/entidadesJPA/prospecto/Pessoa;)V (489 bytes) @ 0x00007f211af43ac4 [0x00007f211af3e5e0+0x54e4]
J 17657 C1 br.org.carameloCode.erp.crm.paginas.crmAtendimento.PgProspecto.executarAcao(Lbr/org/carameloCode/erp/modulo/crm/entidadesJPA/prospecto/Pessoa;)V (489 bytes) @ 0x00007f211af43ac4 [0x00007f211af3e5e0+0x54e4]
J 17657 C1 br.org.carameloCode.erp.crm.paginas.crmAtendimento.PgProspecto.executarAcao(Lbr/org/carameloCode/erp/modulo/crm/entidadesJPA/prospecto/Pessoa;)V (489 bytes) @ 0x00007f211af43ac4 [0x00007f211af3e5e0+0x54e4]
J 17657 C1 br.org.carameloCode.erp.crm.paginas.crmAtendimento.PgProspecto.executarAcao(Lbr/org/carameloCode/erp/modulo/crm/entidadesJPA/prospecto/Pessoa;)V (489 bytes) @ 0x00007f211af43ac4 [0x00007f211af3e5e0+0x54e4]
J 17657 C1 br.org.carameloCode.erp.crm.paginas.crmAtendimento.PgProspecto.executarAcao(Lbr/org/carameloCode/erp/modulo/crm/entidadesJPA/prospecto/Pessoa;)V (489 bytes) @ 0x00007f211af43ac4 [0x00007f211af3e5e0+0x54e4]
J 17657 C1 br.org.carameloCode.erp.crm.paginas.crmAtendimento.PgProspecto.executarAcao(Lbr/org/carameloCode/erp/modulo/crm/entidadesJPA/prospecto/Pessoa;)V (489 bytes) @ 0x00007f211af43ac4 [0x00007f211af3e5e0+0x54e4]
J 17657 C1 br.org.carameloCode.erp.crm.paginas.crmAtendimento.PgProspecto.executarAcao(Lbr/org/carameloCode/erp/modulo/crm/entidadesJPA/prospecto/Pessoa;)V (489 bytes) @ 0x00007f211af43ac4 [0x00007f211af3e5e0+0x54e4]
J 17657 C1 br.org.carameloCode.erp.crm.paginas.crmAtendimento.PgProspecto.executarAcao(Lbr/org/carameloCode/erp/modulo/crm/entidadesJPA/prospecto/Pessoa;)V (489 bytes) @ 0x00007f211af43ac4 [0x00007f211af3e5e0+0x54e4]
J 17657 C1 br.org.carameloCode.erp.crm.paginas.crmAtendimento.PgProspecto.executarAcao(Lbr/org/carameloCode/erp/modulo/crm/entidadesJPA/prospecto/Pessoa;)V (489 bytes) @ 0x00007f211af43ac4 [0x00007f211af3e5e0+0x54e4]
J 17657 C1 br.org.carameloCode.erp.crm.paginas.crmAtendimento.PgProspecto.executarAcao(Lbr/org/carameloCode/erp/modulo/crm/entidadesJPA/prospecto/Pessoa;)V (489 bytes) @ 0x00007f211af43ac4 [0x00007f211af3e5e0+0x54e4]
J 17657 C1 br.org.carameloCode.erp.crm.paginas.crmAtendimento.PgProspecto.executarAcao(Lbr/org/carameloCode/erp/modulo/crm/entidadesJPA/prospecto/Pessoa;)V (489 bytes) @ 0x00007f211af43ac4 [0x00007f211af3e5e0+0x54e4]
J 17657 C1 br.org.carameloCode.erp.crm.paginas.crmAtendimento.PgProspecto.executarAcao(Lbr/org/carameloCode/erp/modulo/crm/entidadesJPA/prospecto/Pessoa;)V (489 bytes) @ 0x00007f211af43ac4 [0x00007f211af3e5e0+0x54e4]
J 17657 C1 br.org.carameloCode.erp.crm.paginas.crmAtendimento.PgProspecto.executarAcao(Lbr/org/carameloCode/erp/modulo/crm/entidadesJPA/prospecto/Pessoa;)V (489 bytes) @ 0x00007f211af43ac4 [0x00007f211af3e5e0+0x54e4]
J 17657 C1 br.org.carameloCode.erp.crm.paginas.crmAtendimento.PgProspecto.executarAcao(Lbr/org/carameloCode/erp/modulo/crm/entidadesJPA/prospecto/Pessoa;)V (489 bytes) @ 0x00007f211af43ac4 [0x00007f211af3e5e0+0x54e4]
J 17657 C1 br.org.carameloCode.erp.crm.paginas.crmAtendimento.PgProspecto.executarAcao(Lbr/org/carameloCode/erp/modulo/crm/entidadesJPA/prospecto/Pessoa;)V (489 bytes) @ 0x00007f211af43ac4 [0x00007f211af3e5e0+0x54e4]
J 17657 C1 br.org.carameloCode.erp.crm.paginas.crmAtendimento.PgProspecto.executarAcao(Lbr/org/carameloCode/erp/modulo/crm/entidadesJPA/prospecto/Pessoa;)V (489 bytes) @ 0x00007f211af43ac4 [0x00007f211af3e5e0+0x54e4]
J 17657 C1 br.org.carameloCode.erp.crm.paginas.crmAtendimento.PgProspecto.executarAcao(Lbr/org/carameloCode/erp/modulo/crm/entidadesJPA/prospecto/Pessoa;)V (489 bytes) @ 0x00007f211af43ac4 [0x00007f211af3e5e0+0x54e4]
J 17657 C1 br.org.carameloCode.erp.crm.paginas.crmAtendimento.PgProspecto.executarAcao(Lbr/org/carameloCode/erp/modulo/crm/entidadesJPA/prospecto/Pessoa;)V (489 bytes) @ 0x00007f211af43ac4 [0x00007f211af3e5e0+0x54e4]
J 17657 C1 br.org.carameloCode.erp.crm.paginas.crmAtendimento.PgProspecto.executarAcao(Lbr/org/carameloCode/erp/modulo/crm/entidadesJPA/prospecto/Pessoa;)V (489 bytes) @ 0x00007f211af43ac4 [0x00007f211af3e5e0+0x54e4]
J 17657 C1 br.org.carameloCode.erp.crm.paginas.crmAtendimento.PgProspecto.executarAcao(Lbr/org/carameloCode/erp/modulo/crm/entidadesJPA/prospecto/Pessoa;)V (489 bytes) @ 0x00007f211af43ac4 [0x00007f211af3e5e0+0x54e4]
J 17657 C1 br.org.carameloCode.erp.crm.paginas.crmAtendimento.PgProspecto.executarAcao(Lbr/org/carameloCode/erp/modulo/crm/entidadesJPA/prospecto/Pessoa;)V (489 bytes) @ 0x00007f211af43ac4 [0x00007f211af3e5e0+0x54e4]
J 17657 C1 br.org.carameloCode.erp.crm.paginas.crmAtendimento.PgProspecto.executarAcao(Lbr/org/carameloCode/erp/modulo/crm/entidadesJPA/prospecto/Pessoa;)V (489 bytes) @ 0x00007f211af43ac4 [0x00007f211af3e5e0+0x54e4]
J 17657 C1 br.org.carameloCode.erp.crm.paginas.crmAtendimento.PgProspecto.executarAcao(Lbr/org/carameloCode/erp/modulo/crm/entidadesJPA/prospecto/Pessoa;)V (489 bytes) @ 0x00007f211af43ac4 [0x00007f211af3e5e0+0x54e4]
J 17657 C1 br.org.carameloCode.erp.crm.paginas.crmAtendimento.PgProspecto.executarAcao(Lbr/org/carameloCode/erp/modulo/crm/entidadesJPA/prospecto/Pessoa;)V (489 bytes) @ 0x00007f211af43ac4 [0x00007f211af3e5e0+0x54e4]
J 17657 C1 br.org.carameloCode.erp.crm.paginas.crmAtendimento.PgProspecto.executarAcao(Lbr/org/carameloCode/erp/modulo/crm/entidadesJPA/prospecto/Pessoa;)V (489 bytes) @ 0x00007f211af43ac4 [0x00007f211af3e5e0+0x54e4]
J 17657 C1 br.org.carameloCode.erp.crm.paginas.crmAtendimento.PgProspecto.executarAcao(Lbr/org/carameloCode/erp/modulo/crm/entidadesJPA/prospecto/Pessoa;)V (489 bytes) @ 0x00007f211af43ac4 [0x00007f211af3e5e0+0x54e4]
J 17657 C1 br.org.carameloCode.erp.crm.paginas.crmAtendimento.PgProspecto.executarAcao(Lbr/org/carameloCode/erp/modulo/crm/entidadesJPA/prospecto/Pessoa;)V (489 bytes) @ 0x00007f211af43ac4 [0x00007f211af3e5e0+0x54e4]
J 17657 C1 br.org.carameloCode.erp.crm.paginas.crmAtendimento.PgProspecto.executarAcao(Lbr/org/carameloCode/erp/modulo/crm/entidadesJPA/prospecto/Pessoa;)V (489 bytes) @ 0x00007f211af43ac4 [0x00007f211af3e5e0+0x54e4]
J 17657 C1 br.org.carameloCode.erp.crm.paginas.crmAtendimento.PgProspecto.executarAcao(Lbr/org/carameloCode/erp/modulo/crm/entidadesJPA/prospecto/Pessoa;)V (489 bytes) @ 0x00007f211af43ac4 [0x00007f211af3e5e0+0x54e4]
J 17657 C1 br.org.carameloCode.erp.crm.paginas.crmAtendimento.PgProspecto.executarAcao(Lbr/org/carameloCode/erp/modulo/crm/entidadesJPA/prospecto/Pessoa;)V (489 bytes) @ 0x00007f211af43ac4 [0x00007f211af3e5e0+0x54e4]
J 17657 C1 br.org.carameloCode.erp.crm.paginas.crmAtendimento.PgProspecto.executarAcao(Lbr/org/carameloCode/erp/modulo/crm/entidadesJPA/prospecto/Pessoa;)V (489 bytes) @ 0x00007f211af43ac4 [0x00007f211af3e5e0+0x54e4]
J 17657 C1 br.org.carameloCode.erp.crm.paginas.crmAtendimento.PgProspecto.executarAcao(Lbr/org/carameloCode/erp/modulo/crm/entidadesJPA/prospecto/Pessoa;)V (489 bytes) @ 0x00007f211af43ac4 [0x00007f211af3e5e0+0x54e4]
J 17657 C1 br.org.carameloCode.erp.crm.paginas.crmAtendimento.PgProspecto.executarAcao(Lbr/org/carameloCode/erp/modulo/crm/entidadesJPA/prospecto/Pessoa;)V (489 bytes) @ 0x00007f211af43ac4 [0x00007f211af3e5e0+0x54e4]
J 17657 C1 br.org.carameloCode.erp.crm.paginas.crmAtendimento.PgProspecto.executarAcao(Lbr/org/carameloCode/erp/modulo/crm/entidadesJPA/prospecto/Pessoa;)V (489 bytes) @ 0x00007f211af43ac4 [0x00007f211af3e5e0+0x54e4]
J 17657 C1 br.org.carameloCode.erp.crm.paginas.crmAtendimento.PgProspecto.executarAcao(Lbr/org/carameloCode/erp/modulo/crm/entidadesJPA/prospecto/Pessoa;)V (489 bytes) @ 0x00007f211af43ac4 [0x00007f211af3e5e0+0x54e4]
J 17657 C1 br.org.carameloCode.erp.crm.paginas.crmAtendimento.PgProspecto.executarAcao(Lbr/org/carameloCode/erp/modulo/crm/entidadesJPA/prospecto/Pessoa;)V (489 bytes) @ 0x00007f211af43ac4 [0x00007f211af3e5e0+0x54e4]
J 17657 C1 br.org.carameloCode.erp.crm.paginas.crmAtendimento.PgProspecto.executarAcao(Lbr/org/carameloCode/erp/modulo/crm/entidadesJPA/prospecto/Pessoa;)V (489 bytes) @ 0x00007f211af43ac4 [0x00007f211af3e5e0+0x54e4]
J 17657 C1 br.org.carameloCode.erp.crm.paginas.crmAtendimento.PgProspecto.executarAcao(Lbr/org/carameloCode/erp/modulo/crm/entidadesJPA/prospecto/Pessoa;)V (489 bytes) @ 0x00007f211af43ac4 [0x00007f211af3e5e0+0x54e4]
J 17657 C1 br.org.carameloCode.erp.crm.paginas.crmAtendimento.PgProspecto.executarAcao(Lbr/org/carameloCode/erp/modulo/crm/entidadesJPA/prospecto/Pessoa;)V (489 bytes) @ 0x00007f211af43ac4 [0x00007f211af3e5e0+0x54e4]
J 17657 C1 br.org.carameloCode.erp.crm.paginas.crmAtendimento.PgProspecto.executarAcao(Lbr/org/carameloCode/erp/modulo/crm/entidadesJPA/prospecto/Pessoa;)V (489 bytes) @ 0x00007f211af43ac4 [0x00007f211af3e5e0+0x54e4]
J 17657 C1 br.org.carameloCode.erp.crm.paginas.crmAtendimento.PgProspecto.executarAcao(Lbr/org/carameloCode/erp/modulo/crm/entidadesJPA/prospecto/Pessoa;)V (489 bytes) @ 0x00007f211af43ac4 [0x00007f211af3e5e0+0x54e4]
J 17657 C1 br.org.carameloCode.erp.crm.paginas.crmAtendimento.PgProspecto.executarAcao(Lbr/org/carameloCode/erp/modulo/crm/entidadesJPA/prospecto/Pessoa;)V (489 bytes) @ 0x00007f211af43ac4 [0x00007f211af3e5e0+0x54e4]
J 17657 C1 br.org.carameloCode.erp.crm.paginas.crmAtendimento.PgProspecto.executarAcao(Lbr/org/carameloCode/erp/modulo/crm/entidadesJPA/prospecto/Pessoa;)V (489 bytes) @ 0x00007f211af43ac4 [0x00007f211af3e5e0+0x54e4]
J 17657 C1 br.org.carameloCode.erp.crm.paginas.crmAtendimento.PgProspecto.executarAcao(Lbr/org/carameloCode/erp/modulo/crm/entidadesJPA/prospecto/Pessoa;)V (489 bytes) @ 0x00007f211af43ac4 [0x00007f211af3e5e0+0x54e4]
J 17657 C1 br.org.carameloCode.erp.crm.paginas.crmAtendimento.PgProspecto.executarAcao(Lbr/org/carameloCode/erp/modulo/crm/entidadesJPA/prospecto/Pessoa;)V (489 bytes) @ 0x00007f211af43ac4 [0x00007f211af3e5e0+0x54e4]
J 17657 C1 br.org.carameloCode.erp.crm.paginas.crmAtendimento.PgProspecto.executarAcao(Lbr/org/carameloCode/erp/modulo/crm/entidadesJPA/prospecto/Pessoa;)V (489 bytes) @ 0x00007f211af43ac4 [0x00007f211af3e5e0+0x54e4]
J 17657 C1 br.org.carameloCode.erp.crm.paginas.crmAtendimento.PgProspecto.executarAcao(Lbr/org/carameloCode/erp/modulo/crm/entidadesJPA/prospecto/Pessoa;)V (489 bytes) @ 0x00007f211af43ac4 [0x00007f211af3e5e0+0x54e4]
J 17657 C1 br.org.carameloCode.erp.crm.paginas.crmAtendimento.PgProspecto.executarAcao(Lbr/org/carameloCode/erp/modulo/crm/entidadesJPA/prospecto/Pessoa;)V (489 bytes) @ 0x00007f211af43ac4 [0x00007f211af3e5e0+0x54e4]
J 17657 C1 br.org.carameloCode.erp.crm.paginas.crmAtendimento.PgProspecto.executarAcao(Lbr/org/carameloCode/erp/modulo/crm/entidadesJPA/prospecto/Pessoa;)V (489 bytes) @ 0x00007f211af43ac4 [0x00007f211af3e5e0+0x54e4]
J 17657 C1 br.org.carameloCode.erp.crm.paginas.crmAtendimento.PgProspecto.executarAcao(Lbr/org/carameloCode/erp/modulo/crm/entidadesJPA/prospecto/Pessoa;)V (489 bytes) @ 0x00007f211af43ac4 [0x00007f211af3e5e0+0x54e4]
J 17657 C1 br.org.carameloCode.erp.crm.paginas.crmAtendimento.PgProspecto.executarAcao(Lbr/org/carameloCode/erp/modulo/crm/entidadesJPA/prospecto/Pessoa;)V (489 bytes) @ 0x00007f211af43ac4 [0x00007f211af3e5e0+0x54e4]
J 17657 C1 br.org.carameloCode.erp.crm.paginas.crmAtendimento.PgProspecto.executarAcao(Lbr/org/carameloCode/erp/modulo/crm/entidadesJPA/prospecto/Pessoa;)V (489 bytes) @ 0x00007f211af43ac4 [0x00007f211af3e5e0+0x54e4]
J 17657 C1 br.org.carameloCode.erp.crm.paginas.crmAtendimento.PgProspecto.executarAcao(Lbr/org/carameloCode/erp/modulo/crm/entidadesJPA/prospecto/Pessoa;)V (489 bytes) @ 0x00007f211af43ac4 [0x00007f211af3e5e0+0x54e4]
J 17657 C1 br.org.carameloCode.erp.crm.paginas.crmAtendimento.PgProspecto.executarAcao(Lbr/org/carameloCode/erp/modulo/crm/entidadesJPA/prospecto/Pessoa;)V (489 bytes) @ 0x00007f211af43ac4 [0x00007f211af3e5e0+0x54e4]
J 17657 C1 br.org.carameloCode.erp.crm.paginas.crmAtendimento.PgProspecto.executarAcao(Lbr/org/carameloCode/erp/modulo/crm/entidadesJPA/prospecto/Pessoa;)V (489 bytes) @ 0x00007f211af43ac4 [0x00007f211af3e5e0+0x54e4]
J 17657 C1 br.org.carameloCode.erp.crm.paginas.crmAtendimento.PgProspecto.executarAcao(Lbr/org/carameloCode/erp/modulo/crm/entidadesJPA/prospecto/Pessoa;)V (489 bytes) @ 0x00007f211af43ac4 [0x00007f211af3e5e0+0x54e4]
J 17657 C1 br.org.carameloCode.erp.crm.paginas.crmAtendimento.PgProspecto.executarAcao(Lbr/org/carameloCode/erp/modulo/crm/entidadesJPA/prospecto/Pessoa;)V (489 bytes) @ 0x00007f211af43ac4 [0x00007f211af3e5e0+0x54e4]
J 17657 C1 br.org.carameloCode.erp.crm.paginas.crmAtendimento.PgProspecto.executarAcao(Lbr/org/carameloCode/erp/modulo/crm/entidadesJPA/prospecto/Pessoa;)V (489 bytes) @ 0x00007f211af43ac4 [0x00007f211af3e5e0+0x54e4]
J 17657 C1 br.org.carameloCode.erp.crm.paginas.crmAtendimento.PgProspecto.executarAcao(Lbr/org/carameloCode/erp/modulo/crm/entidadesJPA/prospecto/Pessoa;)V (489 bytes) @ 0x00007f211af43ac4 [0x00007f211af3e5e0+0x54e4]
J 17657 C1 br.org.carameloCode.erp.crm.paginas.crmAtendimento.PgProspecto.executarAcao(Lbr/org/carameloCode/erp/modulo/crm/entidadesJPA/prospecto/Pessoa;)V (489 bytes) @ 0x00007f211af43ac4 [0x00007f211af3e5e0+0x54e4]
J 17657 C1 br.org.carameloCode.erp.crm.paginas.crmAtendimento.PgProspecto.executarAcao(Lbr/org/carameloCode/erp/modulo/crm/entidadesJPA/prospecto/Pessoa;)V (489 bytes) @ 0x00007f211af43ac4 [0x00007f211af3e5e0+0x54e4]
J 17657 C1 br.org.carameloCode.erp.crm.paginas.crmAtendimento.PgProspecto.executarAcao(Lbr/org/carameloCode/erp/modulo/crm/entidadesJPA/prospecto/Pessoa;)V (489 bytes) @ 0x00007f211af43ac4 [0x00007f211af3e5e0+0x54e4]
J 17657 C1 br.org.carameloCode.erp.crm.paginas.crmAtendimento.PgProspecto.executarAcao(Lbr/org/carameloCode/erp/modulo/crm/entidadesJPA/prospecto/Pessoa;)V (489 bytes) @ 0x00007f211af43ac4 [0x00007f211af3e5e0+0x54e4]
...<more frames>...

Java frames: (J=compiled Java code, j=interpreted, Vv=VM code)
j  sun.font.T2KFontScaler.getGlyphImageNative(Lsun/font/Font2D;JJI)J+0
j  sun.font.T2KFontScaler.getGlyphImage(JI)J+26
j  sun.font.FileFont.getGlyphImage(JI)J+6
j  sun.font.FileFontStrike.getGlyphImagePtr(I)J+115
j  sun.font.FileFontStrike.getGlyphAdvance(IZ)F+240
j  sun.font.FileFontStrike.getGlyphAdvance(I)F+3
j  sun.font.CompositeStrike.getGlyphAdvance(I)F+11
j  sun.font.CompositeStrike.getCodePointAdvance(I)F+12
J 17279 C1 sun.font.FontDesignMetrics.charsWidth([CII)I (201 bytes) @ 0x00007f2119d3dbbc [0x00007f2119d3d760+0x45c]
j  javax.swing.text.Utilities.getTabbedTextWidth(Ljavax/swing/text/View;Ljavax/swing/text/Segment;Ljava/awt/FontMetrics;ILjavax/swing/text/TabExpander;I[I)I+304
j  javax.swing.text.Utilities.getTabbedTextWidth(Ljavax/swing/text/Segment;Ljava/awt/FontMetrics;ILjavax/swing/text/TabExpander;I)I+8
j  javax.swing.text.PlainView.getLineWidth(Ljavax/swing/text/Element;)I+54
j  javax.swing.text.PlainView.calculateLongestLine()V+69
j  javax.swing.text.PlainView.updateMetrics()V+19
j  javax.swing.text.PlainView.updateDamage(Ljavax/swing/event/DocumentEvent;Ljava/awt/Shape;Ljavax/swing/text/ViewFactory;)V+7
j  javax.swing.text.PlainView.insertUpdate(Ljavax/swing/event/DocumentEvent;Ljava/awt/Shape;Ljavax/swing/text/ViewFactory;)V+4
j  javax.swing.plaf.basic.BasicTextUI$RootView.insertUpdate(Ljavax/swing/event/DocumentEvent;Ljava/awt/Shape;Ljavax/swing/text/ViewFactory;)V+14
j  javax.swing.plaf.basic.BasicTextUI$UpdateHandler.insertUpdate(Ljavax/swing/event/DocumentEvent;)V+101
j  javax.swing.text.AbstractDocument.fireInsertUpdate(Ljavax/swing/event/DocumentEvent;)V+39
j  javax.swing.text.AbstractDocument.handleInsertString(ILjava/lang/String;Ljavax/swing/text/AttributeSet;)V+150
j  javax.swing.text.AbstractDocument.insertString(ILjava/lang/String;Ljavax/swing/text/AttributeSet;)V+46
j  javax.swing.text.PlainDocument.insertString(ILjava/lang/String;Ljavax/swing/text/AttributeSet;)V+104
j  javax.swing.text.AbstractDocument.replace(IILjava/lang/String;Ljavax/swing/text/AttributeSet;)V+74
j  javax.swing.text.JTextComponent.setText(Ljava/lang/String;)V+25
j  javax.swing.JTextArea.<init>(Ljavax/swing/text/Document;Ljava/lang/String;II)V+35
j  javax.swing.JTextArea.<init>(Ljava/lang/String;)V+5
j  com.super_bits.modulosSB.SBCore.UtilGeral.UTILSBCoreDesktopApp.showMessageStopProcess(Lcom/super_bits/modulosSB/SBCore/modulos/Mensagens/ItfMensagem;)V+131
j  com.super_bits.modulosSB.SBCore.modulos.TratamentoDeErros.InfoErroSBCoreDeveloperSopMessagem.alertarResponsavel()V+81
j  com.super_bits.modulosSB.SBCore.modulos.TratamentoDeErros.InfoErroSBComAcoes.executarErro()V+275
j  com.super_bits.modulosSB.SBCore.ConfigGeral.SBCore.RelatarErro(Lorg/coletivojava/fw/api/tratamentoErros/FabErro;Ljava/lang/String;Ljava/lang/Throwable;)V+116
j  com.super_bits.modulosSB.Persistencia.dao.UtilSBPersistencia.loadEntidade(Lcom/super_bits/modulosSB/SBCore/modulos/objetos/entidade/basico/ComoEntidadeSimplesSomenteLeitura;Ljavax/persistence/EntityManager;)Lcom/super_bits/modulosSB/SBCore/modulos/objetos/entidade/basico/ComoEntidadeSimples;+268
J 16592 C1 com.super_bits.modulosSB.webPaginas.controller.sessao.SessaoAtualSBWP.getUsuario()Lcom/super_bits/modulosSB/SBCore/modulos/objetos/entidade/basico/ComoUsuario; (37 bytes) @ 0x00007f211bfe6d0c [0x00007f211bfe63e0+0x92c]
J 17633 C1 br.org.carameloCode.erp.modulo.crm.entidadesJPA.prospecto.Pessoa.isUsuarioLogadoPermitido()Z (13 bytes) @ 0x00007f211a85a394 [0x00007f211a859f80+0x414]
J 17657 C1 br.org.carameloCode.erp.crm.paginas.crmAtendimento.PgProspecto.executarAcao(Lbr/org/carameloCode/erp/modulo/crm/entidadesJPA/prospecto/Pessoa;)V (489 bytes) @ 0x00007f211af3ecbc [0x00007f211af3e5e0+0x6dc]
J 17657 C1 br.org.carameloCode.erp.crm.paginas.crmAtendimento.PgProspecto.executarAcao(Lbr/org/carameloCode/erp/modulo/crm/entidadesJPA/prospecto/Pessoa;)V (489 bytes) @ 0x00007f211af43ac4 [0x00007f211af3e5e0+0x54e4]
J 17657 C1 br.org.carameloCode.erp.crm.paginas.crmAtendimento.PgProspecto.executarAcao(Lbr/org/carameloCode/erp/modulo/crm/entidadesJPA/prospecto/Pessoa;)V (489 bytes) @ 0x00007f211af43ac4 [0x00007f211af3e5e0+0x54e4]
J 17657 C1 br.org.carameloCode.erp.crm.paginas.crmAtendimento.PgProspecto.executarAcao(Lbr/org/carameloCode/erp/modulo/crm/entidadesJPA/prospecto/Pessoa;)V (489 bytes) @ 0x00007f211af43ac4 [0x00007f211af3e5e0+0x54e4]
J 17657 C1 br.org.carameloCode.erp.crm.paginas.crmAtendimento.PgProspecto.executarAcao(Lbr/org/carameloCode/erp/modulo/crm/entidadesJPA/prospecto/Pessoa;)V (489 bytes) @ 0x00007f211af43ac4 [0x00007f211af3e5e0+0x54e4]
J 17657 C1 br.org.carameloCode.erp.crm.paginas.crmAtendimento.PgProspecto.executarAcao(Lbr/org/carameloCode/erp/modulo/crm/entidadesJPA/prospecto/Pessoa;)V (489 bytes) @ 0x00007f211af43ac4 [0x00007f211af3e5e0+0x54e4]
J 17657 C1 br.org.carameloCode.erp.crm.paginas.crmAtendimento.PgProspecto.executarAcao(Lbr/org/carameloCode/erp/modulo/crm/entidadesJPA/prospecto/Pessoa;)V (489 bytes) @ 0x00007f211af43ac4 [0x00007f211af3e5e0+0x54e4]
J 17657 C1 br.org.carameloCode.erp.crm.paginas.crmAtendimento.PgProspecto.executarAcao(Lbr/org/carameloCode/erp/modulo/crm/entidadesJPA/prospecto/Pessoa;)V (489 bytes) @ 0x00007f211af43ac4 [0x00007f211af3e5e0+0x54e4]
J 17657 C1 br.org.carameloCode.erp.crm.paginas.crmAtendimento.PgProspecto.executarAcao(Lbr/org/carameloCode/erp/modulo/crm/entidadesJPA/prospecto/Pessoa;)V (489 bytes) @ 0x00007f211af43ac4 [0x00007f211af3e5e0+0x54e4]
J 17657 C1 br.org.carameloCode.erp.crm.paginas.crmAtendimento.PgProspecto.executarAcao(Lbr/org/carameloCode/erp/modulo/crm/entidadesJPA/prospecto/Pessoa;)V (489 bytes) @ 0x00007f211af43ac4 [0x00007f211af3e5e0+0x54e4]
J 17657 C1 br.org.carameloCode.erp.crm.paginas.crmAtendimento.PgProspecto.executarAcao(Lbr/org/carameloCode/erp/modulo/crm/entidadesJPA/prospecto/Pessoa;)V (489 bytes) @ 0x00007f211af43ac4 [0x00007f211af3e5e0+0x54e4]
J 17657 C1 br.org.carameloCode.erp.crm.paginas.crmAtendimento.PgProspecto.executarAcao(Lbr/org/carameloCode/erp/modulo/crm/entidadesJPA/prospecto/Pessoa;)V (489 bytes) @ 0x00007f211af43ac4 [0x00007f211af3e5e0+0x54e4]
J 17657 C1 br.org.carameloCode.erp.crm.paginas.crmAtendimento.PgProspecto.executarAcao(Lbr/org/carameloCode/erp/modulo/crm/entidadesJPA/prospecto/Pessoa;)V (489 bytes) @ 0x00007f211af43ac4 [0x00007f211af3e5e0+0x54e4]
J 17657 C1 br.org.carameloCode.erp.crm.paginas.crmAtendimento.PgProspecto.executarAcao(Lbr/org/carameloCode/erp/modulo/crm/entidadesJPA/prospecto/Pessoa;)V (489 bytes) @ 0x00007f211af43ac4 [0x00007f211af3e5e0+0x54e4]
J 17657 C1 br.org.carameloCode.erp.crm.paginas.crmAtendimento.PgProspecto.executarAcao(Lbr/org/carameloCode/erp/modulo/crm/entidadesJPA/prospecto/Pessoa;)V (489 bytes) @ 0x00007f211af43ac4 [0x00007f211af3e5e0+0x54e4]
J 17657 C1 br.org.carameloCode.erp.crm.paginas.crmAtendimento.PgProspecto.executarAcao(Lbr/org/carameloCode/erp/modulo/crm/entidadesJPA/prospecto/Pessoa;)V (489 bytes) @ 0x00007f211af43ac4 [0x00007f211af3e5e0+0x54e4]
J 17657 C1 br.org.carameloCode.erp.crm.paginas.crmAtendimento.PgProspecto.executarAcao(Lbr/org/carameloCode/erp/modulo/crm/entidadesJPA/prospecto/Pessoa;)V (489 bytes) @ 0x00007f211af43ac4 [0x00007f211af3e5e0+0x54e4]
J 17657 C1 br.org.carameloCode.erp.crm.paginas.crmAtendimento.PgProspecto.executarAcao(Lbr/org/carameloCode/erp/modulo/crm/entidadesJPA/prospecto/Pessoa;)V (489 bytes) @ 0x00007f211af43ac4 [0x00007f211af3e5e0+0x54e4]
J 17657 C1 br.org.carameloCode.erp.crm.paginas.crmAtendimento.PgProspecto.executarAcao(Lbr/org/carameloCode/erp/modulo/crm/entidadesJPA/prospecto/Pessoa;)V (489 bytes) @ 0x00007f211af43ac4 [0x00007f211af3e5e0+0x54e4]
J 17657 C1 br.org.carameloCode.erp.crm.paginas.crmAtendimento.PgProspecto.executarAcao(Lbr/org/carameloCode/erp/modulo/crm/entidadesJPA/prospecto/Pessoa;)V (489 bytes) @ 0x00007f211af43ac4 [0x00007f211af3e5e0+0x54e4]
J 17657 C1 br.org.carameloCode.erp.crm.paginas.crmAtendimento.PgProspecto.executarAcao(Lbr/org/carameloCode/erp/modulo/crm/entidadesJPA/prospecto/Pessoa;)V (489 bytes) @ 0x00007f211af43ac4 [0x00007f211af3e5e0+0x54e4]
J 17657 C1 br.org.carameloCode.erp.crm.paginas.crmAtendimento.PgProspecto.executarAcao(Lbr/org/carameloCode/erp/modulo/crm/entidadesJPA/prospecto/Pessoa;)V (489 bytes) @ 0x00007f211af43ac4 [0x00007f211af3e5e0+0x54e4]
J 17657 C1 br.org.carameloCode.erp.crm.paginas.crmAtendimento.PgProspecto.executarAcao(Lbr/org/carameloCode/erp/modulo/crm/entidadesJPA/prospecto/Pessoa;)V (489 bytes) @ 0x00007f211af43ac4 [0x00007f211af3e5e0+0x54e4]
J 17657 C1 br.org.carameloCode.erp.crm.paginas.crmAtendimento.PgProspecto.executarAcao(Lbr/org/carameloCode/erp/modulo/crm/entidadesJPA/prospecto/Pessoa;)V (489 bytes) @ 0x00007f211af43ac4 [0x00007f211af3e5e0+0x54e4]
J 17657 C1 br.org.carameloCode.erp.crm.paginas.crmAtendimento.PgProspecto.executarAcao(Lbr/org/carameloCode/erp/modulo/crm/entidadesJPA/prospecto/Pessoa;)V (489 bytes) @ 0x00007f211af43ac4 [0x00007f211af3e5e0+0x54e4]
J 17657 C1 br.org.carameloCode.erp.crm.paginas.crmAtendimento.PgProspecto.executarAcao(Lbr/org/carameloCode/erp/modulo/crm/entidadesJPA/prospecto/Pessoa;)V (489 bytes) @ 0x00007f211af43ac4 [0x00007f211af3e5e0+0x54e4]
J 17657 C1 br.org.carameloCode.erp.crm.paginas.crmAtendimento.PgProspecto.executarAcao(Lbr/org/carameloCode/erp/modulo/crm/entidadesJPA/prospecto/Pessoa;)V (489 bytes) @ 0x00007f211af43ac4 [0x00007f211af3e5e0+0x54e4]
J 17657 C1 br.org.carameloCode.erp.crm.paginas.crmAtendimento.PgProspecto.executarAcao(Lbr/org/carameloCode/erp/modulo/crm/entidadesJPA/prospecto/Pessoa;)V (489 bytes) @ 0x00007f211af43ac4 [0x00007f211af3e5e0+0x54e4]
J 17657 C1 br.org.carameloCode.erp.crm.paginas.crmAtendimento.PgProspecto.executarAcao(Lbr/org/carameloCode/erp/modulo/crm/entidadesJPA/prospecto/Pessoa;)V (489 bytes) @ 0x00007f211af43ac4 [0x00007f211af3e5e0+0x54e4]
J 17657 C1 br.org.carameloCode.erp.crm.paginas.crmAtendimento.PgProspecto.executarAcao(Lbr/org/carameloCode/erp/modulo/crm/entidadesJPA/prospecto/Pessoa;)V (489 bytes) @ 0x00007f211af43ac4 [0x00007f211af3e5e0+0x54e4]
J 17657 C1 br.org.carameloCode.erp.crm.paginas.crmAtendimento.PgProspecto.executarAcao(Lbr/org/carameloCode/erp/modulo/crm/entidadesJPA/prospecto/Pessoa;)V (489 bytes) @ 0x00007f211af43ac4 [0x00007f211af3e5e0+0x54e4]
J 17657 C1 br.org.carameloCode.erp.crm.paginas.crmAtendimento.PgProspecto.executarAcao(Lbr/org/carameloCode/erp/modulo/crm/entidadesJPA/prospecto/Pessoa;)V (489 bytes) @ 0x00007f211af43ac4 [0x00007f211af3e5e0+0x54e4]
J 17657 C1 br.org.carameloCode.erp.crm.paginas.crmAtendimento.PgProspecto.executarAcao(Lbr/org/carameloCode/erp/modulo/crm/entidadesJPA/prospecto/Pessoa;)V (489 bytes) @ 0x00007f211af43ac4 [0x00007f211af3e5e0+0x54e4]
J 17657 C1 br.org.carameloCode.erp.crm.paginas.crmAtendimento.PgProspecto.executarAcao(Lbr/org/carameloCode/erp/modulo/crm/entidadesJPA/prospecto/Pessoa;)V (489 bytes) @ 0x00007f211af43ac4 [0x00007f211af3e5e0+0x54e4]
J 17657 C1 br.org.carameloCode.erp.crm.paginas.crmAtendimento.PgProspecto.executarAcao(Lbr/org/carameloCode/erp/modulo/crm/entidadesJPA/prospecto/Pessoa;)V (489 bytes) @ 0x00007f211af43ac4 [0x00007f211af3e5e0+0x54e4]
J 17657 C1 br.org.carameloCode.erp.crm.paginas.crmAtendimento.PgProspecto.executarAcao(Lbr/org/carameloCode/erp/modulo/crm/entidadesJPA/prospecto/Pessoa;)V (489 bytes) @ 0x00007f211af43ac4 [0x00007f211af3e5e0+0x54e4]
J 17657 C1 br.org.carameloCode.erp.crm.paginas.crmAtendimento.PgProspecto.executarAcao(Lbr/org/carameloCode/erp/modulo/crm/entidadesJPA/prospecto/Pessoa;)V (489 bytes) @ 0x00007f211af43ac4 [0x00007f211af3e5e0+0x54e4]
J 17657 C1 br.org.carameloCode.erp.crm.paginas.crmAtendimento.PgProspecto.executarAcao(Lbr/org/carameloCode/erp/modulo/crm/entidadesJPA/prospecto/Pessoa;)V (489 bytes) @ 0x00007f211af43ac4 [0x00007f211af3e5e0+0x54e4]
J 17657 C1 br.org.carameloCode.erp.crm.paginas.crmAtendimento.PgProspecto.executarAcao(Lbr/org/carameloCode/erp/modulo/crm/entidadesJPA/prospecto/Pessoa;)V (489 bytes) @ 0x00007f211af43ac4 [0x00007f211af3e5e0+0x54e4]
J 17657 C1 br.org.carameloCode.erp.crm.paginas.crmAtendimento.PgProspecto.executarAcao(Lbr/org/carameloCode/erp/modulo/crm/entidadesJPA/prospecto/Pessoa;)V (489 bytes) @ 0x00007f211af43ac4 [0x00007f211af3e5e0+0x54e4]
J 17657 C1 br.org.carameloCode.erp.crm.paginas.crmAtendimento.PgProspecto.executarAcao(Lbr/org/carameloCode/erp/modulo/crm/entidadesJPA/prospecto/Pessoa;)V (489 bytes) @ 0x00007f211af43ac4 [0x00007f211af3e5e0+0x54e4]
J 17657 C1 br.org.carameloCode.erp.crm.paginas.crmAtendimento.PgProspecto.executarAcao(Lbr/org/carameloCode/erp/modulo/crm/entidadesJPA/prospecto/Pessoa;)V (489 bytes) @ 0x00007f211af43ac4 [0x00007f211af3e5e0+0x54e4]
J 17657 C1 br.org.carameloCode.erp.crm.paginas.crmAtendimento.PgProspecto.executarAcao(Lbr/org/carameloCode/erp/modulo/crm/entidadesJPA/prospecto/Pessoa;)V (489 bytes) @ 0x00007f211af43ac4 [0x00007f211af3e5e0+0x54e4]
J 17657 C1 br.org.carameloCode.erp.crm.paginas.crmAtendimento.PgProspecto.executarAcao(Lbr/org/carameloCode/erp/modulo/crm/entidadesJPA/prospecto/Pessoa;)V (489 bytes) @ 0x00007f211af43ac4 [0x00007f211af3e5e0+0x54e4]
J 17657 C1 br.org.carameloCode.erp.crm.paginas.crmAtendimento.PgProspecto.executarAcao(Lbr/org/carameloCode/erp/modulo/crm/entidadesJPA/prospecto/Pessoa;)V (489 bytes) @ 0x00007f211af43ac4 [0x00007f211af3e5e0+0x54e4]
J 17657 C1 br.org.carameloCode.erp.crm.paginas.crmAtendimento.PgProspecto.executarAcao(Lbr/org/carameloCode/erp/modulo/crm/entidadesJPA/prospecto/Pessoa;)V (489 bytes) @ 0x00007f211af43ac4 [0x00007f211af3e5e0+0x54e4]
J 17657 C1 br.org.carameloCode.erp.crm.paginas.crmAtendimento.PgProspecto.executarAcao(Lbr/org/carameloCode/erp/modulo/crm/entidadesJPA/prospecto/Pessoa;)V (489 bytes) @ 0x00007f211af43ac4 [0x00007f211af3e5e0+0x54e4]
J 17657 C1 br.org.carameloCode.erp.crm.paginas.crmAtendimento.PgProspecto.executarAcao(Lbr/org/carameloCode/erp/modulo/crm/entidadesJPA/prospecto/Pessoa;)V (489 bytes) @ 0x00007f211af43ac4 [0x00007f211af3e5e0+0x54e4]
J 17657 C1 br.org.carameloCode.erp.crm.paginas.crmAtendimento.PgProspecto.executarAcao(Lbr/org/carameloCode/erp/modulo/crm/entidadesJPA/prospecto/Pessoa;)V (489 bytes) @ 0x00007f211af43ac4 [0x00007f211af3e5e0+0x54e4]
J 17657 C1 br.org.carameloCode.erp.crm.paginas.crmAtendimento.PgProspecto.executarAcao(Lbr/org/carameloCode/erp/modulo/crm/entidadesJPA/prospecto/Pessoa;)V (489 bytes) @ 0x00007f211af43ac4 [0x00007f211af3e5e0+0x54e4]
J 17657 C1 br.org.carameloCode.erp.crm.paginas.crmAtendimento.PgProspecto.executarAcao(Lbr/org/carameloCode/erp/modulo/crm/entidadesJPA/prospecto/Pessoa;)V (489 bytes) @ 0x00007f211af43ac4 [0x00007f211af3e5e0+0x54e4]
J 17657 C1 br.org.carameloCode.erp.crm.paginas.crmAtendimento.PgProspecto.executarAcao(Lbr/org/carameloCode/erp/modulo/crm/entidadesJPA/prospecto/Pessoa;)V (489 bytes) @ 0x00007f211af43ac4 [0x00007f211af3e5e0+0x54e4]
J 17657 C1 br.org.carameloCode.erp.crm.paginas.crmAtendimento.PgProspecto.executarAcao(Lbr/org/carameloCode/erp/modulo/crm/entidadesJPA/prospecto/Pessoa;)V (489 bytes) @ 0x00007f211af43ac4 [0x00007f211af3e5e0+0x54e4]
J 17657 C1 br.org.carameloCode.erp.crm.paginas.crmAtendimento.PgProspecto.executarAcao(Lbr/org/carameloCode/erp/modulo/crm/entidadesJPA/prospecto/Pessoa;)V (489 bytes) @ 0x00007f211af43ac4 [0x00007f211af3e5e0+0x54e4]
J 17657 C1 br.org.carameloCode.erp.crm.paginas.crmAtendimento.PgProspecto.executarAcao(Lbr/org/carameloCode/erp/modulo/crm/entidadesJPA/prospecto/Pessoa;)V (489 bytes) @ 0x00007f211af43ac4 [0x00007f211af3e5e0+0x54e4]
J 17657 C1 br.org.carameloCode.erp.crm.paginas.crmAtendimento.PgProspecto.executarAcao(Lbr/org/carameloCode/erp/modulo/crm/entidadesJPA/prospecto/Pessoa;)V (489 bytes) @ 0x00007f211af43ac4 [0x00007f211af3e5e0+0x54e4]
J 17657 C1 br.org.carameloCode.erp.crm.paginas.crmAtendimento.PgProspecto.executarAcao(Lbr/org/carameloCode/erp/modulo/crm/entidadesJPA/prospecto/Pessoa;)V (489 bytes) @ 0x00007f211af43ac4 [0x00007f211af3e5e0+0x54e4]
J 17657 C1 br.org.carameloCode.erp.crm.paginas.crmAtendimento.PgProspecto.executarAcao(Lbr/org/carameloCode/erp/modulo/crm/entidadesJPA/prospecto/Pessoa;)V (489 bytes) @ 0x00007f211af43ac4 [0x00007f211af3e5e0+0x54e4]
J 17657 C1 br.org.carameloCode.erp.crm.paginas.crmAtendimento.PgProspecto.executarAcao(Lbr/org/carameloCode/erp/modulo/crm/entidadesJPA/prospecto/Pessoa;)V (489 bytes) @ 0x00007f211af43ac4 [0x00007f211af3e5e0+0x54e4]
J 17657 C1 br.org.carameloCode.erp.crm.paginas.crmAtendimento.PgProspecto.executarAcao(Lbr/org/carameloCode/erp/modulo/crm/entidadesJPA/prospecto/Pessoa;)V (489 bytes) @ 0x00007f211af43ac4 [0x00007f211af3e5e0+0x54e4]
J 17657 C1 br.org.carameloCode.erp.crm.paginas.crmAtendimento.PgProspecto.executarAcao(Lbr/org/carameloCode/erp/modulo/crm/entidadesJPA/prospecto/Pessoa;)V (489 bytes) @ 0x00007f211af43ac4 [0x00007f211af3e5e0+0x54e4]
J 17657 C1 br.org.carameloCode.erp.crm.paginas.crmAtendimento.PgProspecto.executarAcao(Lbr/org/carameloCode/erp/modulo/crm/entidadesJPA/prospecto/Pessoa;)V (489 bytes) @ 0x00007f211af43ac4 [0x00007f211af3e5e0+0x54e4]
J 17657 C1 br.org.carameloCode.erp.crm.paginas.crmAtendimento.PgProspecto.executarAcao(Lbr/org/carameloCode/erp/modulo/crm/entidadesJPA/prospecto/Pessoa;)V (489 bytes) @ 0x00007f211af43ac4 [0x00007f211af3e5e0+0x54e4]
J 17657 C1 br.org.carameloCode.erp.crm.paginas.crmAtendimento.PgProspecto.executarAcao(Lbr/org/carameloCode/erp/modulo/crm/entidadesJPA/prospecto/Pessoa;)V (489 bytes) @ 0x00007f211af43ac4 [0x00007f211af3e5e0+0x54e4]
J 17657 C1 br.org.carameloCode.erp.crm.paginas.crmAtendimento.PgProspecto.executarAcao(Lbr/org/carameloCode/erp/modulo/crm/entidadesJPA/prospecto/Pessoa;)V (489 bytes) @ 0x00007f211af43ac4 [0x00007f211af3e5e0+0x54e4]
J 17657 C1 br.org.carameloCode.erp.crm.paginas.crmAtendimento.PgProspecto.executarAcao(Lbr/org/carameloCode/erp/modulo/crm/entidadesJPA/prospecto/Pessoa;)V (489 bytes) @ 0x00007f211af43ac4 [0x00007f211af3e5e0+0x54e4]
J 17657 C1 br.org.carameloCode.erp.crm.paginas.crmAtendimento.PgProspecto.executarAcao(Lbr/org/carameloCode/erp/modulo/crm/entidadesJPA/prospecto/Pessoa;)V (489 bytes) @ 0x00007f211af43ac4 [0x00007f211af3e5e0+0x54e4]
J 17657 C1 br.org.carameloCode.erp.crm.paginas.crmAtendimento.PgProspecto.executarAcao(Lbr/org/carameloCode/erp/modulo/crm/entidadesJPA/prospecto/Pessoa;)V (489 bytes) @ 0x00007f211af43ac4 [0x00007f211af3e5e0+0x54e4]
J 17657 C1 br.org.carameloCode.erp.crm.paginas.crmAtendimento.PgProspecto.executarAcao(Lbr/org/carameloCode/erp/modulo/crm/entidadesJPA/prospecto/Pessoa;)V (489 bytes) @ 0x00007f211af43ac4 [0x00007f211af3e5e0+0x54e4]
J 17657 C1 br.org.carameloCode.erp.crm.paginas.crmAtendimento.PgProspecto.executarAcao(Lbr/org/carameloCode/erp/modulo/crm/entidadesJPA/prospecto/Pessoa;)V (489 bytes) @ 0x00007f211af43ac4 [0x00007f211af3e5e0+0x54e4]
J 17657 C1 br.org.carameloCode.erp.crm.paginas.crmAtendimento.PgProspecto.executarAcao(Lbr/org/carameloCode/erp/modulo/crm/entidadesJPA/prospecto/Pessoa;)V (489 bytes) @ 0x00007f211af43ac4 [0x00007f211af3e5e0+0x54e4]
J 17657 C1 br.org.carameloCode.erp.crm.paginas.crmAtendimento.PgProspecto.executarAcao(Lbr/org/carameloCode/erp/modulo/crm/entidadesJPA/prospecto/Pessoa;)V (489 bytes) @ 0x00007f211af43ac4 [0x00007f211af3e5e0+0x54e4]
J 17657 C1 br.org.carameloCode.erp.crm.paginas.crmAtendimento.PgProspecto.executarAcao(Lbr/org/carameloCode/erp/modulo/crm/entidadesJPA/prospecto/Pessoa;)V (489 bytes) @ 0x00007f211af43ac4 [0x00007f211af3e5e0+0x54e4]
J 17657 C1 br.org.carameloCode.erp.crm.paginas.crmAtendimento.PgProspecto.executarAcao(Lbr/org/carameloCode/erp/modulo/crm/entidadesJPA/prospecto/Pessoa;)V (489 bytes) @ 0x00007f211af43ac4 [0x00007f211af3e5e0+0x54e4]
J 17657 C1 br.org.carameloCode.erp.crm.paginas.crmAtendimento.PgProspecto.executarAcao(Lbr/org/carameloCode/erp/modulo/crm/entidadesJPA/prospecto/Pessoa;)V (489 bytes) @ 0x00007f211af43ac4 [0x00007f211af3e5e0+0x54e4]
J 17657 C1 br.org.carameloCode.erp.crm.paginas.crmAtendimento.PgProspecto.executarAcao(Lbr/org/carameloCode/erp/modulo/crm/entidadesJPA/prospecto/Pessoa;)V (489 bytes) @ 0x00007f211af43ac4 [0x00007f211af3e5e0+0x54e4]
J 17657 C1 br.org.carameloCode.erp.crm.paginas.crmAtendimento.PgProspecto.executarAcao(Lbr/org/carameloCode/erp/modulo/crm/entidadesJPA/prospecto/Pessoa;)V (489 bytes) @ 0x00007f211af43ac4 [0x00007f211af3e5e0+0x54e4]
J 17657 C1 br.org.carameloCode.erp.crm.paginas.crmAtendimento.PgProspecto.executarAcao(Lbr/org/carameloCode/erp/modulo/crm/entidadesJPA/prospecto/Pessoa;)V (489 bytes) @ 0x00007f211af43ac4 [0x00007f211af3e5e0+0x54e4]
J 17657 C1 br.org.carameloCode.erp.crm.paginas.crmAtendimento.PgProspecto.executarAcao(Lbr/org/carameloCode/erp/modulo/crm/entidadesJPA/prospecto/Pessoa;)V (489 bytes) @ 0x00007f211af43ac4 [0x00007f211af3e5e0+0x54e4]
J 17657 C1 br.org.carameloCode.erp.crm.paginas.crmAtendimento.PgProspecto.executarAcao(Lbr/org/carameloCode/erp/modulo/crm/entidadesJPA/prospecto/Pessoa;)V (489 bytes) @ 0x00007f211af43ac4 [0x00007f211af3e5e0+0x54e4]
J 17657 C1 br.org.carameloCode.erp.crm.paginas.crmAtendimento.PgProspecto.executarAcao(Lbr/org/carameloCode/erp/modulo/crm/entidadesJPA/prospecto/Pessoa;)V (489 bytes) @ 0x00007f211af43ac4 [0x00007f211af3e5e0+0x54e4]
J 17657 C1 br.org.carameloCode.erp.crm.paginas.crmAtendimento.PgProspecto.executarAcao(Lbr/org/carameloCode/erp/modulo/crm/entidadesJPA/prospecto/Pessoa;)V (489 bytes) @ 0x00007f211af43ac4 [0x00007f211af3e5e0+0x54e4]
J 17657 C1 br.org.carameloCode.erp.crm.paginas.crmAtendimento.PgProspecto.executarAcao(Lbr/org/carameloCode/erp/modulo/crm/entidadesJPA/prospecto/Pessoa;)V (489 bytes) @ 0x00007f211af43ac4 [0x00007f211af3e5e0+0x54e4]
J 17657 C1 br.org.carameloCode.erp.crm.paginas.crmAtendimento.PgProspecto.executarAcao(Lbr/org/carameloCode/erp/modulo/crm/entidadesJPA/prospecto/Pessoa;)V (489 bytes) @ 0x00007f211af43ac4 [0x00007f211af3e5e0+0x54e4]
J 17657 C1 br.org.carameloCode.erp.crm.paginas.crmAtendimento.PgProspecto.executarAcao(Lbr/org/carameloCode/erp/modulo/crm/entidadesJPA/prospecto/Pessoa;)V (489 bytes) @ 0x00007f211af43ac4 [0x00007f211af3e5e0+0x54e4]
J 17657 C1 br.org.carameloCode.erp.crm.paginas.crmAtendimento.PgProspecto.executarAcao(Lbr/org/carameloCode/erp/modulo/crm/entidadesJPA/prospecto/Pessoa;)V (489 bytes) @ 0x00007f211af43ac4 [0x00007f211af3e5e0+0x54e4]
J 17657 C1 br.org.carameloCode.erp.crm.paginas.crmAtendimento.PgProspecto.executarAcao(Lbr/org/carameloCode/erp/modulo/crm/entidadesJPA/prospecto/Pessoa;)V (489 bytes) @ 0x00007f211af43ac4 [0x00007f211af3e5e0+0x54e4]
J 17657 C1 br.org.carameloCode.erp.crm.paginas.crmAtendimento.PgProspecto.executarAcao(Lbr/org/carameloCode/erp/modulo/crm/entidadesJPA/prospecto/Pessoa;)V (489 bytes) @ 0x00007f211af43ac4 [0x00007f211af3e5e0+0x54e4]
J 17657 C1 br.org.carameloCode.erp.crm.paginas.crmAtendimento.PgProspecto.executarAcao(Lbr/org/carameloCode/erp/modulo/crm/entidadesJPA/prospecto/Pessoa;)V (489 bytes) @ 0x00007f211af43ac4 [0x00007f211af3e5e0+0x54e4]
J 17657 C1 br.org.carameloCode.erp.crm.paginas.crmAtendimento.PgProspecto.executarAcao(Lbr/org/carameloCode/erp/modulo/crm/entidadesJPA/prospecto/Pessoa;)V (489 bytes) @ 0x00007f211af43ac4 [0x00007f211af3e5e0+0x54e4]
J 17657 C1 br.org.carameloCode.erp.crm.paginas.crmAtendimento.PgProspecto.executarAcao(Lbr/org/carameloCode/erp/modulo/crm/entidadesJPA/prospecto/Pessoa;)V (489 bytes) @ 0x00007f211af43ac4 [0x00007f211af3e5e0+0x54e4]
J 17657 C1 br.org.carameloCode.erp.crm.paginas.crmAtendimento.PgProspecto.executarAcao(Lbr/org/carameloCode/erp/modulo/crm/entidadesJPA/prospecto/Pessoa;)V (489 bytes) @ 0x00007f211af43ac4 [0x00007f211af3e5e0+0x54e4]
J 17657 C1 br.org.carameloCode.erp.crm.paginas.crmAtendimento.PgProspecto.executarAcao(Lbr/org/carameloCode/erp/modulo/crm/entidadesJPA/prospecto/Pessoa;)V (489 bytes) @ 0x00007f211af43ac4 [0x00007f211af3e5e0+0x54e4]
J 17657 C1 br.org.carameloCode.erp.crm.paginas.crmAtendimento.PgProspecto.executarAcao(Lbr/org/carameloCode/erp/modulo/crm/entidadesJPA/prospecto/Pessoa;)V (489 bytes) @ 0x00007f211af43ac4 [0x00007f211af3e5e0+0x54e4]
J 17657 C1 br.org.carameloCode.erp.crm.paginas.crmAtendimento.PgProspecto.executarAcao(Lbr/org/carameloCode/erp/modulo/crm/entidadesJPA/prospecto/Pessoa;)V (489 bytes) @ 0x00007f211af43ac4 [0x00007f211af3e5e0+0x54e4]
J 17657 C1 br.org.carameloCode.erp.crm.paginas.crmAtendimento.PgProspecto.executarAcao(Lbr/org/carameloCode/erp/modulo/crm/entidadesJPA/prospecto/Pessoa;)V (489 bytes) @ 0x00007f211af43ac4 [0x00007f211af3e5e0+0x54e4]
J 17657 C1 br.org.carameloCode.erp.crm.paginas.crmAtendimento.PgProspecto.executarAcao(Lbr/org/carameloCode/erp/modulo/crm/entidadesJPA/prospecto/Pessoa;)V (489 bytes) @ 0x00007f211af43ac4 [0x00007f211af3e5e0+0x54e4]
J 17657 C1 br.org.carameloCode.erp.crm.paginas.crmAtendimento.PgProspecto.executarAcao(Lbr/org/carameloCode/erp/modulo/crm/entidadesJPA/prospecto/Pessoa;)V (489 bytes) @ 0x00007f211af43ac4 [0x00007f211af3e5e0+0x54e4]
J 17657 C1 br.org.carameloCode.erp.crm.paginas.crmAtendimento.PgProspecto.executarAcao(Lbr/org/carameloCode/erp/modulo/crm/entidadesJPA/prospecto/Pessoa;)V (489 bytes) @ 0x00007f211af43ac4 [0x00007f211af3e5e0+0x54e4]
J 17657 C1 br.org.carameloCode.erp.crm.paginas.crmAtendimento.PgProspecto.executarAcao(Lbr/org/carameloCode/erp/modulo/crm/entidadesJPA/prospecto/Pessoa;)V (489 bytes) @ 0x00007f211af43ac4 [0x00007f211af3e5e0+0x54e4]
J 17657 C1 br.org.carameloCode.erp.crm.paginas.crmAtendimento.PgProspecto.executarAcao(Lbr/org/carameloCode/erp/modulo/crm/entidadesJPA/prospecto/Pessoa;)V (489 bytes) @ 0x00007f211af43ac4 [0x00007f211af3e5e0+0x54e4]
J 17657 C1 br.org.carameloCode.erp.crm.paginas.crmAtendimento.PgProspecto.executarAcao(Lbr/org/carameloCode/erp/modulo/crm/entidadesJPA/prospecto/Pessoa;)V (489 bytes) @ 0x00007f211af43ac4 [0x00007f211af3e5e0+0x54e4]
J 17657 C1 br.org.carameloCode.erp.crm.paginas.crmAtendimento.PgProspecto.executarAcao(Lbr/org/carameloCode/erp/modulo/crm/entidadesJPA/prospecto/Pessoa;)V (489 bytes) @ 0x00007f211af43ac4 [0x00007f211af3e5e0+0x54e4]
J 17657 C1 br.org.carameloCode.erp.crm.paginas.crmAtendimento.PgProspecto.executarAcao(Lbr/org/carameloCode/erp/modulo/crm/entidadesJPA/prospecto/Pessoa;)V (489 bytes) @ 0x00007f211af43ac4 [0x00007f211af3e5e0+0x54e4]
J 17657 C1 br.org.carameloCode.erp.crm.paginas.crmAtendimento.PgProspecto.executarAcao(Lbr/org/carameloCode/erp/modulo/crm/entidadesJPA/prospecto/Pessoa;)V (489 bytes) @ 0x00007f211af43ac4 [0x00007f211af3e5e0+0x54e4]
J 17657 C1 br.org.carameloCode.erp.crm.paginas.crmAtendimento.PgProspecto.executarAcao(Lbr/org/carameloCode/erp/modulo/crm/entidadesJPA/prospecto/Pessoa;)V (489 bytes) @ 0x00007f211af43ac4 [0x00007f211af3e5e0+0x54e4]
J 17657 C1 br.org.carameloCode.erp.crm.paginas.crmAtendimento.PgProspecto.executarAcao(Lbr/org/carameloCode/erp/modulo/crm/entidadesJPA/prospecto/Pessoa;)V (489 bytes) @ 0x00007f211af43ac4 [0x00007f211af3e5e0+0x54e4]
J 17657 C1 br.org.carameloCode.erp.crm.paginas.crmAtendimento.PgProspecto.executarAcao(Lbr/org/carameloCode/erp/modulo/crm/entidadesJPA/prospecto/Pessoa;)V (489 bytes) @ 0x00007f211af43ac4 [0x00007f211af3e5e0+0x54e4]
J 17657 C1 br.org.carameloCode.erp.crm.paginas.crmAtendimento.PgProspecto.executarAcao(Lbr/org/carameloCode/erp/modulo/crm/entidadesJPA/prospecto/Pessoa;)V (489 bytes) @ 0x00007f211af43ac4 [0x00007f211af3e5e0+0x54e4]
J 17657 C1 br.org.carameloCode.erp.crm.paginas.crmAtendimento.PgProspecto.executarAcao(Lbr/org/carameloCode/erp/modulo/crm/entidadesJPA/prospecto/Pessoa;)V (489 bytes) @ 0x00007f211af43ac4 [0x00007f211af3e5e0+0x54e4]
J 17657 C1 br.org.carameloCode.erp.crm.paginas.crmAtendimento.PgProspecto.executarAcao(Lbr/org/carameloCode/erp/modulo/crm/entidadesJPA/prospecto/Pessoa;)V (489 bytes) @ 0x00007f211af43ac4 [0x00007f211af3e5e0+0x54e4]
J 17657 C1 br.org.carameloCode.erp.crm.paginas.crmAtendimento.PgProspecto.executarAcao(Lbr/org/carameloCode/erp/modulo/crm/entidadesJPA/prospecto/Pessoa;)V (489 bytes) @ 0x00007f211af43ac4 [0x00007f211af3e5e0+0x54e4]
J 17657 C1 br.org.carameloCode.erp.crm.paginas.crmAtendimento.PgProspecto.executarAcao(Lbr/org/carameloCode/erp/modulo/crm/entidadesJPA/prospecto/Pessoa;)V (489 bytes) @ 0x00007f211af43ac4 [0x00007f211af3e5e0+0x54e4]
J 17657 C1 br.org.carameloCode.erp.crm.paginas.crmAtendimento.PgProspecto.executarAcao(Lbr/org/carameloCode/erp/modulo/crm/entidadesJPA/prospecto/Pessoa;)V (489 bytes) @ 0x00007f211af43ac4 [0x00007f211af3e5e0+0x54e4]
J 17657 C1 br.org.carameloCode.erp.crm.paginas.crmAtendimento.PgProspecto.executarAcao(Lbr/org/carameloCode/erp/modulo/crm/entidadesJPA/prospecto/Pessoa;)V (489 bytes) @ 0x00007f211af43ac4 [0x00007f211af3e5e0+0x54e4]
J 17657 C1 br.org.carameloCode.erp.crm.paginas.crmAtendimento.PgProspecto.executarAcao(Lbr/org/carameloCode/erp/modulo/crm/entidadesJPA/prospecto/Pessoa;)V (489 bytes) @ 0x00007f211af43ac4 [0x00007f211af3e5e0+0x54e4]
J 17657 C1 br.org.carameloCode.erp.crm.paginas.crmAtendimento.PgProspecto.executarAcao(Lbr/org/carameloCode/erp/modulo/crm/entidadesJPA/prospecto/Pessoa;)V (489 bytes) @ 0x00007f211af43ac4 [0x00007f211af3e5e0+0x54e4]
J 17657 C1 br.org.carameloCode.erp.crm.paginas.crmAtendimento.PgProspecto.executarAcao(Lbr/org/carameloCode/erp/modulo/crm/entidadesJPA/prospecto/Pessoa;)V (489 bytes) @ 0x00007f211af43ac4 [0x00007f211af3e5e0+0x54e4]
J 17657 C1 br.org.carameloCode.erp.crm.paginas.crmAtendimento.PgProspecto.executarAcao(Lbr/org/carameloCode/erp/modulo/crm/entidadesJPA/prospecto/Pessoa;)V (489 bytes) @ 0x00007f211af43ac4 [0x00007f211af3e5e0+0x54e4]
J 17657 C1 br.org.carameloCode.erp.crm.paginas.crmAtendimento.PgProspecto.executarAcao(Lbr/org/carameloCode/erp/modulo/crm/entidadesJPA/prospecto/Pessoa;)V (489 bytes) @ 0x00007f211af43ac4 [0x00007f211af3e5e0+0x54e4]
J 17657 C1 br.org.carameloCode.erp.crm.paginas.crmAtendimento.PgProspecto.executarAcao(Lbr/org/carameloCode/erp/modulo/crm/entidadesJPA/prospecto/Pessoa;)V (489 bytes) @ 0x00007f211af43ac4 [0x00007f211af3e5e0+0x54e4]
J 17657 C1 br.org.carameloCode.erp.crm.paginas.crmAtendimento.PgProspecto.executarAcao(Lbr/org/carameloCode/erp/modulo/crm/entidadesJPA/prospecto/Pessoa;)V (489 bytes) @ 0x00007f211af43ac4 [0x00007f211af3e5e0+0x54e4]
J 17657 C1 br.org.carameloCode.erp.crm.paginas.crmAtendimento.PgProspecto.executarAcao(Lbr/org/carameloCode/erp/modulo/crm/entidadesJPA/prospecto/Pessoa;)V (489 bytes) @ 0x00007f211af43ac4 [0x00007f211af3e5e0+0x54e4]
J 17657 C1 br.org.carameloCode.erp.crm.paginas.crmAtendimento.PgProspecto.executarAcao(Lbr/org/carameloCode/erp/modulo/crm/entidadesJPA/prospecto/Pessoa;)V (489 bytes) @ 0x00007f211af43ac4 [0x00007f211af3e5e0+0x54e4]
J 17657 C1 br.org.carameloCode.erp.crm.paginas.crmAtendimento.PgProspecto.executarAcao(Lbr/org/carameloCode/erp/modulo/crm/entidadesJPA/prospecto/Pessoa;)V (489 bytes) @ 0x00007f211af43ac4 [0x00007f211af3e5e0+0x54e4]
J 17657 C1 br.org.carameloCode.erp.crm.paginas.crmAtendimento.PgProspecto.executarAcao(Lbr/org/carameloCode/erp/modulo/crm/entidadesJPA/prospecto/Pessoa;)V (489 bytes) @ 0x00007f211af43ac4 [0x00007f211af3e5e0+0x54e4]
J 17657 C1 br.org.carameloCode.erp.crm.paginas.crmAtendimento.PgProspecto.executarAcao(Lbr/org/carameloCode/erp/modulo/crm/entidadesJPA/prospecto/Pessoa;)V (489 bytes) @ 0x00007f211af43ac4 [0x00007f211af3e5e0+0x54e4]
J 17657 C1 br.org.carameloCode.erp.crm.paginas.crmAtendimento.PgProspecto.executarAcao(Lbr/org/carameloCode/erp/modulo/crm/entidadesJPA/prospecto/Pessoa;)V (489 bytes) @ 0x00007f211af43ac4 [0x00007f211af3e5e0+0x54e4]
J 17657 C1 br.org.carameloCode.erp.crm.paginas.crmAtendimento.PgProspecto.executarAcao(Lbr/org/carameloCode/erp/modulo/crm/entidadesJPA/prospecto/Pessoa;)V (489 bytes) @ 0x00007f211af43ac4 [0x00007f211af3e5e0+0x54e4]
J 17657 C1 br.org.carameloCode.erp.crm.paginas.crmAtendimento.PgProspecto.executarAcao(Lbr/org/carameloCode/erp/modulo/crm/entidadesJPA/prospecto/Pessoa;)V (489 bytes) @ 0x00007f211af43ac4 [0x00007f211af3e5e0+0x54e4]
J 17657 C1 br.org.carameloCode.erp.crm.paginas.crmAtendimento.PgProspecto.executarAcao(Lbr/org/carameloCode/erp/modulo/crm/entidadesJPA/prospecto/Pessoa;)V (489 bytes) @ 0x00007f211af43ac4 [0x00007f211af3e5e0+0x54e4]
J 17657 C1 br.org.carameloCode.erp.crm.paginas.crmAtendimento.PgProspecto.executarAcao(Lbr/org/carameloCode/erp/modulo/crm/entidadesJPA/prospecto/Pessoa;)V (489 bytes) @ 0x00007f211af43ac4 [0x00007f211af3e5e0+0x54e4]
J 17657 C1 br.org.carameloCode.erp.crm.paginas.crmAtendimento.PgProspecto.executarAcao(Lbr/org/carameloCode/erp/modulo/crm/entidadesJPA/prospecto/Pessoa;)V (489 bytes) @ 0x00007f211af43ac4 [0x00007f211af3e5e0+0x54e4]
J 17657 C1 br.org.carameloCode.erp.crm.paginas.crmAtendimento.PgProspecto.executarAcao(Lbr/org/carameloCode/erp/modulo/crm/entidadesJPA/prospecto/Pessoa;)V (489 bytes) @ 0x00007f211af43ac4 [0x00007f211af3e5e0+0x54e4]
J 17657 C1 br.org.carameloCode.erp.crm.paginas.crmAtendimento.PgProspecto.executarAcao(Lbr/org/carameloCode/erp/modulo/crm/entidadesJPA/prospecto/Pessoa;)V (489 bytes) @ 0x00007f211af43ac4 [0x00007f211af3e5e0+0x54e4]
J 17657 C1 br.org.carameloCode.erp.crm.paginas.crmAtendimento.PgProspecto.executarAcao(Lbr/org/carameloCode/erp/modulo/crm/entidadesJPA/prospecto/Pessoa;)V (489 bytes) @ 0x00007f211af43ac4 [0x00007f211af3e5e0+0x54e4]
J 17657 C1 br.org.carameloCode.erp.crm.paginas.crmAtendimento.PgProspecto.executarAcao(Lbr/org/carameloCode/erp/modulo/crm/entidadesJPA/prospecto/Pessoa;)V (489 bytes) @ 0x00007f211af43ac4 [0x00007f211af3e5e0+0x54e4]
J 17657 C1 br.org.carameloCode.erp.crm.paginas.crmAtendimento.PgProspecto.executarAcao(Lbr/org/carameloCode/erp/modulo/crm/entidadesJPA/prospecto/Pessoa;)V (489 bytes) @ 0x00007f211af43ac4 [0x00007f211af3e5e0+0x54e4]
J 17657 C1 br.org.carameloCode.erp.crm.paginas.crmAtendimento.PgProspecto.executarAcao(Lbr/org/carameloCode/erp/modulo/crm/entidadesJPA/prospecto/Pessoa;)V (489 bytes) @ 0x00007f211af43ac4 [0x00007f211af3e5e0+0x54e4]
J 17657 C1 br.org.carameloCode.erp.crm.paginas.crmAtendimento.PgProspecto.executarAcao(Lbr/org/carameloCode/erp/modulo/crm/entidadesJPA/prospecto/Pessoa;)V (489 bytes) @ 0x00007f211af43ac4 [0x00007f211af3e5e0+0x54e4]
J 17657 C1 br.org.carameloCode.erp.crm.paginas.crmAtendimento.PgProspecto.executarAcao(Lbr/org/carameloCode/erp/modulo/crm/entidadesJPA/prospecto/Pessoa;)V (489 bytes) @ 0x00007f211af43ac4 [0x00007f211af3e5e0+0x54e4]
J 17657 C1 br.org.carameloCode.erp.crm.paginas.crmAtendimento.PgProspecto.executarAcao(Lbr/org/carameloCode/erp/modulo/crm/entidadesJPA/prospecto/Pessoa;)V (489 bytes) @ 0x00007f211af43ac4 [0x00007f211af3e5e0+0x54e4]
J 17657 C1 br.org.carameloCode.erp.crm.paginas.crmAtendimento.PgProspecto.executarAcao(Lbr/org/carameloCode/erp/modulo/crm/entidadesJPA/prospecto/Pessoa;)V (489 bytes) @ 0x00007f211af43ac4 [0x00007f211af3e5e0+0x54e4]
J 17657 C1 br.org.carameloCode.erp.crm.paginas.crmAtendimento.PgProspecto.executarAcao(Lbr/org/carameloCode/erp/modulo/crm/entidadesJPA/prospecto/Pessoa;)V (489 bytes) @ 0x00007f211af43ac4 [0x00007f211af3e5e0+0x54e4]
J 17657 C1 br.org.carameloCode.erp.crm.paginas.crmAtendimento.PgProspecto.executarAcao(Lbr/org/carameloCode/erp/modulo/crm/entidadesJPA/prospecto/Pessoa;)V (489 bytes) @ 0x00007f211af43ac4 [0x00007f211af3e5e0+0x54e4]
J 17657 C1 br.org.carameloCode.erp.crm.paginas.crmAtendimento.PgProspecto.executarAcao(Lbr/org/carameloCode/erp/modulo/crm/entidadesJPA/prospecto/Pessoa;)V (489 bytes) @ 0x00007f211af43ac4 [0x00007f211af3e5e0+0x54e4]
J 17657 C1 br.org.carameloCode.erp.crm.paginas.crmAtendimento.PgProspecto.executarAcao(Lbr/org/carameloCode/erp/modulo/crm/entidadesJPA/prospecto/Pessoa;)V (489 bytes) @ 0x00007f211af43ac4 [0x00007f211af3e5e0+0x54e4]
J 17657 C1 br.org.carameloCode.erp.crm.paginas.crmAtendimento.PgProspecto.executarAcao(Lbr/org/carameloCode/erp/modulo/crm/entidadesJPA/prospecto/Pessoa;)V (489 bytes) @ 0x00007f211af43ac4 [0x00007f211af3e5e0+0x54e4]
J 17657 C1 br.org.carameloCode.erp.crm.paginas.crmAtendimento.PgProspecto.executarAcao(Lbr/org/carameloCode/erp/modulo/crm/entidadesJPA/prospecto/Pessoa;)V (489 bytes) @ 0x00007f211af43ac4 [0x00007f211af3e5e0+0x54e4]
J 17657 C1 br.org.carameloCode.erp.crm.paginas.crmAtendimento.PgProspecto.executarAcao(Lbr/org/carameloCode/erp/modulo/crm/entidadesJPA/prospecto/Pessoa;)V (489 bytes) @ 0x00007f211af43ac4 [0x00007f211af3e5e0+0x54e4]
J 17657 C1 br.org.carameloCode.erp.crm.paginas.crmAtendimento.PgProspecto.executarAcao(Lbr/org/carameloCode/erp/modulo/crm/entidadesJPA/prospecto/Pessoa;)V (489 bytes) @ 0x00007f211af43ac4 [0x00007f211af3e5e0+0x54e4]
J 17657 C1 br.org.carameloCode.erp.crm.paginas.crmAtendimento.PgProspecto.executarAcao(Lbr/org/carameloCode/erp/modulo/crm/entidadesJPA/prospecto/Pessoa;)V (489 bytes) @ 0x00007f211af43ac4 [0x00007f211af3e5e0+0x54e4]
J 17657 C1 br.org.carameloCode.erp.crm.paginas.crmAtendimento.PgProspecto.executarAcao(Lbr/org/carameloCode/erp/modulo/crm/entidadesJPA/prospecto/Pessoa;)V (489 bytes) @ 0x00007f211af43ac4 [0x00007f211af3e5e0+0x54e4]
J 17657 C1 br.org.carameloCode.erp.crm.paginas.crmAtendimento.PgProspecto.executarAcao(Lbr/org/carameloCode/erp/modulo/crm/entidadesJPA/prospecto/Pessoa;)V (489 bytes) @ 0x00007f211af43ac4 [0x00007f211af3e5e0+0x54e4]
J 17657 C1 br.org.carameloCode.erp.crm.paginas.crmAtendimento.PgProspecto.executarAcao(Lbr/org/carameloCode/erp/modulo/crm/entidadesJPA/prospecto/Pessoa;)V (489 bytes) @ 0x00007f211af43ac4 [0x00007f211af3e5e0+0x54e4]
J 17657 C1 br.org.carameloCode.erp.crm.paginas.crmAtendimento.PgProspecto.executarAcao(Lbr/org/carameloCode/erp/modulo/crm/entidadesJPA/prospecto/Pessoa;)V (489 bytes) @ 0x00007f211af43ac4 [0x00007f211af3e5e0+0x54e4]
J 17657 C1 br.org.carameloCode.erp.crm.paginas.crmAtendimento.PgProspecto.executarAcao(Lbr/org/carameloCode/erp/modulo/crm/entidadesJPA/prospecto/Pessoa;)V (489 bytes) @ 0x00007f211af43ac4 [0x00007f211af3e5e0+0x54e4]
J 17657 C1 br.org.carameloCode.erp.crm.paginas.crmAtendimento.PgProspecto.executarAcao(Lbr/org/carameloCode/erp/modulo/crm/entidadesJPA/prospecto/Pessoa;)V (489 bytes) @ 0x00007f211af43ac4 [0x00007f211af3e5e0+0x54e4]
J 17657 C1 br.org.carameloCode.erp.crm.paginas.crmAtendimento.PgProspecto.executarAcao(Lbr/org/carameloCode/erp/modulo/crm/entidadesJPA/prospecto/Pessoa;)V (489 bytes) @ 0x00007f211af43ac4 [0x00007f211af3e5e0+0x54e4]
J 17657 C1 br.org.carameloCode.erp.crm.paginas.crmAtendimento.PgProspecto.executarAcao(Lbr/org/carameloCode/erp/modulo/crm/entidadesJPA/prospecto/Pessoa;)V (489 bytes) @ 0x00007f211af43ac4 [0x00007f211af3e5e0+0x54e4]
J 17657 C1 br.org.carameloCode.erp.crm.paginas.crmAtendimento.PgProspecto.executarAcao(Lbr/org/carameloCode/erp/modulo/crm/entidadesJPA/prospecto/Pessoa;)V (489 bytes) @ 0x00007f211af43ac4 [0x00007f211af3e5e0+0x54e4]
J 17657 C1 br.org.carameloCode.erp.crm.paginas.crmAtendimento.PgProspecto.executarAcao(Lbr/org/carameloCode/erp/modulo/crm/entidadesJPA/prospecto/Pessoa;)V (489 bytes) @ 0x00007f211af43ac4 [0x00007f211af3e5e0+0x54e4]
J 17657 C1 br.org.carameloCode.erp.crm.paginas.crmAtendimento.PgProspecto.executarAcao(Lbr/org/carameloCode/erp/modulo/crm/entidadesJPA/prospecto/Pessoa;)V (489 bytes) @ 0x00007f211af43ac4 [0x00007f211af3e5e0+0x54e4]
J 17657 C1 br.org.carameloCode.erp.crm.paginas.crmAtendimento.PgProspecto.executarAcao(Lbr/org/carameloCode/erp/modulo/crm/entidadesJPA/prospecto/Pessoa;)V (489 bytes) @ 0x00007f211af43ac4 [0x00007f211af3e5e0+0x54e4]
J 17657 C1 br.org.carameloCode.erp.crm.paginas.crmAtendimento.PgProspecto.executarAcao(Lbr/org/carameloCode/erp/modulo/crm/entidadesJPA/prospecto/Pessoa;)V (489 bytes) @ 0x00007f211af43ac4 [0x00007f211af3e5e0+0x54e4]
J 17657 C1 br.org.carameloCode.erp.crm.paginas.crmAtendimento.PgProspecto.executarAcao(Lbr/org/carameloCode/erp/modulo/crm/entidadesJPA/prospecto/Pessoa;)V (489 bytes) @ 0x00007f211af43ac4 [0x00007f211af3e5e0+0x54e4]
J 17657 C1 br.org.carameloCode.erp.crm.paginas.crmAtendimento.PgProspecto.executarAcao(Lbr/org/carameloCode/erp/modulo/crm/entidadesJPA/prospecto/Pessoa;)V (489 bytes) @ 0x00007f211af43ac4 [0x00007f211af3e5e0+0x54e4]
J 17657 C1 br.org.carameloCode.erp.crm.paginas.crmAtendimento.PgProspecto.executarAcao(Lbr/org/carameloCode/erp/modulo/crm/entidadesJPA/prospecto/Pessoa;)V (489 bytes) @ 0x00007f211af43ac4 [0x00007f211af3e5e0+0x54e4]
J 17657 C1 br.org.carameloCode.erp.crm.paginas.crmAtendimento.PgProspecto.executarAcao(Lbr/org/carameloCode/erp/modulo/crm/entidadesJPA/prospecto/Pessoa;)V (489 bytes) @ 0x00007f211af43ac4 [0x00007f211af3e5e0+0x54e4]
J 17657 C1 br.org.carameloCode.erp.crm.paginas.crmAtendimento.PgProspecto.executarAcao(Lbr/org/carameloCode/erp/modulo/crm/entidadesJPA/prospecto/Pessoa;)V (489 bytes) @ 0x00007f211af43ac4 [0x00007f211af3e5e0+0x54e4]
J 17657 C1 br.org.carameloCode.erp.crm.paginas.crmAtendimento.PgProspecto.executarAcao(Lbr/org/carameloCode/erp/modulo/crm/entidadesJPA/prospecto/Pessoa;)V (489 bytes) @ 0x00007f211af43ac4 [0x00007f211af3e5e0+0x54e4]
J 17657 C1 br.org.carameloCode.erp.crm.paginas.crmAtendimento.PgProspecto.executarAcao(Lbr/org/carameloCode/erp/modulo/crm/entidadesJPA/prospecto/Pessoa;)V (489 bytes) @ 0x00007f211af43ac4 [0x00007f211af3e5e0+0x54e4]
J 17657 C1 br.org.carameloCode.erp.crm.paginas.crmAtendimento.PgProspecto.executarAcao(Lbr/org/carameloCode/erp/modulo/crm/entidadesJPA/prospecto/Pessoa;)V (489 bytes) @ 0x00007f211af43ac4 [0x00007f211af3e5e0+0x54e4]
J 17657 C1 br.org.carameloCode.erp.crm.paginas.crmAtendimento.PgProspecto.executarAcao(Lbr/org/carameloCode/erp/modulo/crm/entidadesJPA/prospecto/Pessoa;)V (489 bytes) @ 0x00007f211af43ac4 [0x00007f211af3e5e0+0x54e4]
J 17657 C1 br.org.carameloCode.erp.crm.paginas.crmAtendimento.PgProspecto.executarAcao(Lbr/org/carameloCode/erp/modulo/crm/entidadesJPA/prospecto/Pessoa;)V (489 bytes) @ 0x00007f211af43ac4 [0x00007f211af3e5e0+0x54e4]
J 17657 C1 br.org.carameloCode.erp.crm.paginas.crmAtendimento.PgProspecto.executarAcao(Lbr/org/carameloCode/erp/modulo/crm/entidadesJPA/prospecto/Pessoa;)V (489 bytes) @ 0x00007f211af43ac4 [0x00007f211af3e5e0+0x54e4]
J 17657 C1 br.org.carameloCode.erp.crm.paginas.crmAtendimento.PgProspecto.executarAcao(Lbr/org/carameloCode/erp/modulo/crm/entidadesJPA/prospecto/Pessoa;)V (489 bytes) @ 0x00007f211af43ac4 [0x00007f211af3e5e0+0x54e4]
J 17657 C1 br.org.carameloCode.erp.crm.paginas.crmAtendimento.PgProspecto.executarAcao(Lbr/org/carameloCode/erp/modulo/crm/entidadesJPA/prospecto/Pessoa;)V (489 bytes) @ 0x00007f211af43ac4 [0x00007f211af3e5e0+0x54e4]
J 17657 C1 br.org.carameloCode.erp.crm.paginas.crmAtendimento.PgProspecto.executarAcao(Lbr/org/carameloCode/erp/modulo/crm/entidadesJPA/prospecto/Pessoa;)V (489 bytes) @ 0x00007f211af43ac4 [0x00007f211af3e5e0+0x54e4]
J 17657 C1 br.org.carameloCode.erp.crm.paginas.crmAtendimento.PgProspecto.executarAcao(Lbr/org/carameloCode/erp/modulo/crm/entidadesJPA/prospecto/Pessoa;)V (489 bytes) @ 0x00007f211af43ac4 [0x00007f211af3e5e0+0x54e4]
J 17657 C1 br.org.carameloCode.erp.crm.paginas.crmAtendimento.PgProspecto.executarAcao(Lbr/org/carameloCode/erp/modulo/crm/entidadesJPA/prospecto/Pessoa;)V (489 bytes) @ 0x00007f211af43ac4 [0x00007f211af3e5e0+0x54e4]
J 17657 C1 br.org.carameloCode.erp.crm.paginas.crmAtendimento.PgProspecto.executarAcao(Lbr/org/carameloCode/erp/modulo/crm/entidadesJPA/prospecto/Pessoa;)V (489 bytes) @ 0x00007f211af43ac4 [0x00007f211af3e5e0+0x54e4]
J 17657 C1 br.org.carameloCode.erp.crm.paginas.crmAtendimento.PgProspecto.executarAcao(Lbr/org/carameloCode/erp/modulo/crm/entidadesJPA/prospecto/Pessoa;)V (489 bytes) @ 0x00007f211af43ac4 [0x00007f211af3e5e0+0x54e4]
J 17657 C1 br.org.carameloCode.erp.crm.paginas.crmAtendimento.PgProspecto.executarAcao(Lbr/org/carameloCode/erp/modulo/crm/entidadesJPA/prospecto/Pessoa;)V (489 bytes) @ 0x00007f211af43ac4 [0x00007f211af3e5e0+0x54e4]
J 17657 C1 br.org.carameloCode.erp.crm.paginas.crmAtendimento.PgProspecto.executarAcao(Lbr/org/carameloCode/erp/modulo/crm/entidadesJPA/prospecto/Pessoa;)V (489 bytes) @ 0x00007f211af43ac4 [0x00007f211af3e5e0+0x54e4]
J 17657 C1 br.org.carameloCode.erp.crm.paginas.crmAtendimento.PgProspecto.executarAcao(Lbr/org/carameloCode/erp/modulo/crm/entidadesJPA/prospecto/Pessoa;)V (489 bytes) @ 0x00007f211af43ac4 [0x00007f211af3e5e0+0x54e4]
J 17657 C1 br.org.carameloCode.erp.crm.paginas.crmAtendimento.PgProspecto.executarAcao(Lbr/org/carameloCode/erp/modulo/crm/entidadesJPA/prospecto/Pessoa;)V (489 bytes) @ 0x00007f211af43ac4 [0x00007f211af3e5e0+0x54e4]
J 17657 C1 br.org.carameloCode.erp.crm.paginas.crmAtendimento.PgProspecto.executarAcao(Lbr/org/carameloCode/erp/modulo/crm/entidadesJPA/prospecto/Pessoa;)V (489 bytes) @ 0x00007f211af43ac4 [0x00007f211af3e5e0+0x54e4]
J 17657 C1 br.org.carameloCode.erp.crm.paginas.crmAtendimento.PgProspecto.executarAcao(Lbr/org/carameloCode/erp/modulo/crm/entidadesJPA/prospecto/Pessoa;)V (489 bytes) @ 0x00007f211af43ac4 [0x00007f211af3e5e0+0x54e4]
J 17657 C1 br.org.carameloCode.erp.crm.paginas.crmAtendimento.PgProspecto.executarAcao(Lbr/org/carameloCode/erp/modulo/crm/entidadesJPA/prospecto/Pessoa;)V (489 bytes) @ 0x00007f211af43ac4 [0x00007f211af3e5e0+0x54e4]
J 17657 C1 br.org.carameloCode.erp.crm.paginas.crmAtendimento.PgProspecto.executarAcao(Lbr/org/carameloCode/erp/modulo/crm/entidadesJPA/prospecto/Pessoa;)V (489 bytes) @ 0x00007f211af43ac4 [0x00007f211af3e5e0+0x54e4]
J 17657 C1 br.org.carameloCode.erp.crm.paginas.crmAtendimento.PgProspecto.executarAcao(Lbr/org/carameloCode/erp/modulo/crm/entidadesJPA/prospecto/Pessoa;)V (489 bytes) @ 0x00007f211af43ac4 [0x00007f211af3e5e0+0x54e4]
J 17657 C1 br.org.carameloCode.erp.crm.paginas.crmAtendimento.PgProspecto.executarAcao(Lbr/org/carameloCode/erp/modulo/crm/entidadesJPA/prospecto/Pessoa;)V (489 bytes) @ 0x00007f211af43ac4 [0x00007f211af3e5e0+0x54e4]
J 17657 C1 br.org.carameloCode.erp.crm.paginas.crmAtendimento.PgProspecto.executarAcao(Lbr/org/carameloCode/erp/modulo/crm/entidadesJPA/prospecto/Pessoa;)V (489 bytes) @ 0x00007f211af43ac4 [0x00007f211af3e5e0+0x54e4]
J 17657 C1 br.org.carameloCode.erp.crm.paginas.crmAtendimento.PgProspecto.executarAcao(Lbr/org/carameloCode/erp/modulo/crm/entidadesJPA/prospecto/Pessoa;)V (489 bytes) @ 0x00007f211af43ac4 [0x00007f211af3e5e0+0x54e4]
J 17657 C1 br.org.carameloCode.erp.crm.paginas.crmAtendimento.PgProspecto.executarAcao(Lbr/org/carameloCode/erp/modulo/crm/entidadesJPA/prospecto/Pessoa;)V (489 bytes) @ 0x00007f211af43ac4 [0x00007f211af3e5e0+0x54e4]
J 17657 C1 br.org.carameloCode.erp.crm.paginas.crmAtendimento.PgProspecto.executarAcao(Lbr/org/carameloCode/erp/modulo/crm/entidadesJPA/prospecto/Pessoa;)V (489 bytes) @ 0x00007f211af43ac4 [0x00007f211af3e5e0+0x54e4]
J 17657 C1 br.org.carameloCode.erp.crm.paginas.crmAtendimento.PgProspecto.executarAcao(Lbr/org/carameloCode/erp/modulo/crm/entidadesJPA/prospecto/Pessoa;)V (489 bytes) @ 0x00007f211af43ac4 [0x00007f211af3e5e0+0x54e4]
J 17657 C1 br.org.carameloCode.erp.crm.paginas.crmAtendimento.PgProspecto.executarAcao(Lbr/org/carameloCode/erp/modulo/crm/entidadesJPA/prospecto/Pessoa;)V (489 bytes) @ 0x00007f211af43ac4 [0x00007f211af3e5e0+0x54e4]
J 17657 C1 br.org.carameloCode.erp.crm.paginas.crmAtendimento.PgProspecto.executarAcao(Lbr/org/carameloCode/erp/modulo/crm/entidadesJPA/prospecto/Pessoa;)V (489 bytes) @ 0x00007f211af43ac4 [0x00007f211af3e5e0+0x54e4]
J 17657 C1 br.org.carameloCode.erp.crm.paginas.crmAtendimento.PgProspecto.executarAcao(Lbr/org/carameloCode/erp/modulo/crm/entidadesJPA/prospecto/Pessoa;)V (489 bytes) @ 0x00007f211af43ac4 [0x00007f211af3e5e0+0x54e4]
J 17657 C1 br.org.carameloCode.erp.crm.paginas.crmAtendimento.PgProspecto.executarAcao(Lbr/org/carameloCode/erp/modulo/crm/entidadesJPA/prospecto/Pessoa;)V (489 bytes) @ 0x00007f211af43ac4 [0x00007f211af3e5e0+0x54e4]
J 17657 C1 br.org.carameloCode.erp.crm.paginas.crmAtendimento.PgProspecto.executarAcao(Lbr/org/carameloCode/erp/modulo/crm/entidadesJPA/prospecto/Pessoa;)V (489 bytes) @ 0x00007f211af43ac4 [0x00007f211af3e5e0+0x54e4]
J 17657 C1 br.org.carameloCode.erp.crm.paginas.crmAtendimento.PgProspecto.executarAcao(Lbr/org/carameloCode/erp/modulo/crm/entidadesJPA/prospecto/Pessoa;)V (489 bytes) @ 0x00007f211af43ac4 [0x00007f211af3e5e0+0x54e4]
J 17657 C1 br.org.carameloCode.erp.crm.paginas.crmAtendimento.PgProspecto.executarAcao(Lbr/org/carameloCode/erp/modulo/crm/entidadesJPA/prospecto/Pessoa;)V (489 bytes) @ 0x00007f211af43ac4 [0x00007f211af3e5e0+0x54e4]
J 17657 C1 br.org.carameloCode.erp.crm.paginas.crmAtendimento.PgProspecto.executarAcao(Lbr/org/carameloCode/erp/modulo/crm/entidadesJPA/prospecto/Pessoa;)V (489 bytes) @ 0x00007f211af43ac4 [0x00007f211af3e5e0+0x54e4]
J 17657 C1 br.org.carameloCode.erp.crm.paginas.crmAtendimento.PgProspecto.executarAcao(Lbr/org/carameloCode/erp/modulo/crm/entidadesJPA/prospecto/Pessoa;)V (489 bytes) @ 0x00007f211af43ac4 [0x00007f211af3e5e0+0x54e4]
J 17657 C1 br.org.carameloCode.erp.crm.paginas.crmAtendimento.PgProspecto.executarAcao(Lbr/org/carameloCode/erp/modulo/crm/entidadesJPA/prospecto/Pessoa;)V (489 bytes) @ 0x00007f211af43ac4 [0x00007f211af3e5e0+0x54e4]
J 17657 C1 br.org.carameloCode.erp.crm.paginas.crmAtendimento.PgProspecto.executarAcao(Lbr/org/carameloCode/erp/modulo/crm/entidadesJPA/prospecto/Pessoa;)V (489 bytes) @ 0x00007f211af43ac4 [0x00007f211af3e5e0+0x54e4]
J 17657 C1 br.org.carameloCode.erp.crm.paginas.crmAtendimento.PgProspecto.executarAcao(Lbr/org/carameloCode/erp/modulo/crm/entidadesJPA/prospecto/Pessoa;)V (489 bytes) @ 0x00007f211af43ac4 [0x00007f211af3e5e0+0x54e4]
J 17657 C1 br.org.carameloCode.erp.crm.paginas.crmAtendimento.PgProspecto.executarAcao(Lbr/org/carameloCode/erp/modulo/crm/entidadesJPA/prospecto/Pessoa;)V (489 bytes) @ 0x00007f211af43ac4 [0x00007f211af3e5e0+0x54e4]
J 17657 C1 br.org.carameloCode.erp.crm.paginas.crmAtendimento.PgProspecto.executarAcao(Lbr/org/carameloCode/erp/modulo/crm/entidadesJPA/prospecto/Pessoa;)V (489 bytes) @ 0x00007f211af43ac4 [0x00007f211af3e5e0+0x54e4]
J 17657 C1 br.org.carameloCode.erp.crm.paginas.crmAtendimento.PgProspecto.executarAcao(Lbr/org/carameloCode/erp/modulo/crm/entidadesJPA/prospecto/Pessoa;)V (489 bytes) @ 0x00007f211af43ac4 [0x00007f211af3e5e0+0x54e4]
J 17657 C1 br.org.carameloCode.erp.crm.paginas.crmAtendimento.PgProspecto.executarAcao(Lbr/org/carameloCode/erp/modulo/crm/entidadesJPA/prospecto/Pessoa;)V (489 bytes) @ 0x00007f211af43ac4 [0x00007f211af3e5e0+0x54e4]
J 17657 C1 br.org.carameloCode.erp.crm.paginas.crmAtendimento.PgProspecto.executarAcao(Lbr/org/carameloCode/erp/modulo/crm/entidadesJPA/prospecto/Pessoa;)V (489 bytes) @ 0x00007f211af43ac4 [0x00007f211af3e5e0+0x54e4]
J 17657 C1 br.org.carameloCode.erp.crm.paginas.crmAtendimento.PgProspecto.executarAcao(Lbr/org/carameloCode/erp/modulo/crm/entidadesJPA/prospecto/Pessoa;)V (489 bytes) @ 0x00007f211af43ac4 [0x00007f211af3e5e0+0x54e4]
J 17657 C1 br.org.carameloCode.erp.crm.paginas.crmAtendimento.PgProspecto.executarAcao(Lbr/org/carameloCode/erp/modulo/crm/entidadesJPA/prospecto/Pessoa;)V (489 bytes) @ 0x00007f211af43ac4 [0x00007f211af3e5e0+0x54e4]
J 17657 C1 br.org.carameloCode.erp.crm.paginas.crmAtendimento.PgProspecto.executarAcao(Lbr/org/carameloCode/erp/modulo/crm/entidadesJPA/prospecto/Pessoa;)V (489 bytes) @ 0x00007f211af43ac4 [0x00007f211af3e5e0+0x54e4]
J 17657 C1 br.org.carameloCode.erp.crm.paginas.crmAtendimento.PgProspecto.executarAcao(Lbr/org/carameloCode/erp/modulo/crm/entidadesJPA/prospecto/Pessoa;)V (489 bytes) @ 0x00007f211af43ac4 [0x00007f211af3e5e0+0x54e4]
J 17657 C1 br.org.carameloCode.erp.crm.paginas.crmAtendimento.PgProspecto.executarAcao(Lbr/org/carameloCode/erp/modulo/crm/entidadesJPA/prospecto/Pessoa;)V (489 bytes) @ 0x00007f211af43ac4 [0x00007f211af3e5e0+0x54e4]
J 17657 C1 br.org.carameloCode.erp.crm.paginas.crmAtendimento.PgProspecto.executarAcao(Lbr/org/carameloCode/erp/modulo/crm/entidadesJPA/prospecto/Pessoa;)V (489 bytes) @ 0x00007f211af43ac4 [0x00007f211af3e5e0+0x54e4]
J 17657 C1 br.org.carameloCode.erp.crm.paginas.crmAtendimento.PgProspecto.executarAcao(Lbr/org/carameloCode/erp/modulo/crm/entidadesJPA/prospecto/Pessoa;)V (489 bytes) @ 0x00007f211af43ac4 [0x00007f211af3e5e0+0x54e4]
J 17657 C1 br.org.carameloCode.erp.crm.paginas.crmAtendimento.PgProspecto.executarAcao(Lbr/org/carameloCode/erp/modulo/crm/entidadesJPA/prospecto/Pessoa;)V (489 bytes) @ 0x00007f211af43ac4 [0x00007f211af3e5e0+0x54e4]
J 17657 C1 br.org.carameloCode.erp.crm.paginas.crmAtendimento.PgProspecto.executarAcao(Lbr/org/carameloCode/erp/modulo/crm/entidadesJPA/prospecto/Pessoa;)V (489 bytes) @ 0x00007f211af43ac4 [0x00007f211af3e5e0+0x54e4]
J 17657 C1 br.org.carameloCode.erp.crm.paginas.crmAtendimento.PgProspecto.executarAcao(Lbr/org/carameloCode/erp/modulo/crm/entidadesJPA/prospecto/Pessoa;)V (489 bytes) @ 0x00007f211af43ac4 [0x00007f211af3e5e0+0x54e4]
J 17657 C1 br.org.carameloCode.erp.crm.paginas.crmAtendimento.PgProspecto.executarAcao(Lbr/org/carameloCode/erp/modulo/crm/entidadesJPA/prospecto/Pessoa;)V (489 bytes) @ 0x00007f211af43ac4 [0x00007f211af3e5e0+0x54e4]
J 17657 C1 br.org.carameloCode.erp.crm.paginas.crmAtendimento.PgProspecto.executarAcao(Lbr/org/carameloCode/erp/modulo/crm/entidadesJPA/prospecto/Pessoa;)V (489 bytes) @ 0x00007f211af43ac4 [0x00007f211af3e5e0+0x54e4]
J 17657 C1 br.org.carameloCode.erp.crm.paginas.crmAtendimento.PgProspecto.executarAcao(Lbr/org/carameloCode/erp/modulo/crm/entidadesJPA/prospecto/Pessoa;)V (489 bytes) @ 0x00007f211af43ac4 [0x00007f211af3e5e0+0x54e4]
J 17657 C1 br.org.carameloCode.erp.crm.paginas.crmAtendimento.PgProspecto.executarAcao(Lbr/org/carameloCode/erp/modulo/crm/entidadesJPA/prospecto/Pessoa;)V (489 bytes) @ 0x00007f211af43ac4 [0x00007f211af3e5e0+0x54e4]
J 17657 C1 br.org.carameloCode.erp.crm.paginas.crmAtendimento.PgProspecto.executarAcao(Lbr/org/carameloCode/erp/modulo/crm/entidadesJPA/prospecto/Pessoa;)V (489 bytes) @ 0x00007f211af43ac4 [0x00007f211af3e5e0+0x54e4]
J 17657 C1 br.org.carameloCode.erp.crm.paginas.crmAtendimento.PgProspecto.executarAcao(Lbr/org/carameloCode/erp/modulo/crm/entidadesJPA/prospecto/Pessoa;)V (489 bytes) @ 0x00007f211af43ac4 [0x00007f211af3e5e0+0x54e4]
J 17657 C1 br.org.carameloCode.erp.crm.paginas.crmAtendimento.PgProspecto.executarAcao(Lbr/org/carameloCode/erp/modulo/crm/entidadesJPA/prospecto/Pessoa;)V (489 bytes) @ 0x00007f211af43ac4 [0x00007f211af3e5e0+0x54e4]
J 17657 C1 br.org.carameloCode.erp.crm.paginas.crmAtendimento.PgProspecto.executarAcao(Lbr/org/carameloCode/erp/modulo/crm/entidadesJPA/prospecto/Pessoa;)V (489 bytes) @ 0x00007f211af43ac4 [0x00007f211af3e5e0+0x54e4]
J 17657 C1 br.org.carameloCode.erp.crm.paginas.crmAtendimento.PgProspecto.executarAcao(Lbr/org/carameloCode/erp/modulo/crm/entidadesJPA/prospecto/Pessoa;)V (489 bytes) @ 0x00007f211af43ac4 [0x00007f211af3e5e0+0x54e4]
J 17657 C1 br.org.carameloCode.erp.crm.paginas.crmAtendimento.PgProspecto.executarAcao(Lbr/org/carameloCode/erp/modulo/crm/entidadesJPA/prospecto/Pessoa;)V (489 bytes) @ 0x00007f211af43ac4 [0x00007f211af3e5e0+0x54e4]
J 17657 C1 br.org.carameloCode.erp.crm.paginas.crmAtendimento.PgProspecto.executarAcao(Lbr/org/carameloCode/erp/modulo/crm/entidadesJPA/prospecto/Pessoa;)V (489 bytes) @ 0x00007f211af43ac4 [0x00007f211af3e5e0+0x54e4]
J 17657 C1 br.org.carameloCode.erp.crm.paginas.crmAtendimento.PgProspecto.executarAcao(Lbr/org/carameloCode/erp/modulo/crm/entidadesJPA/prospecto/Pessoa;)V (489 bytes) @ 0x00007f211af43ac4 [0x00007f211af3e5e0+0x54e4]
J 17657 C1 br.org.carameloCode.erp.crm.paginas.crmAtendimento.PgProspecto.executarAcao(Lbr/org/carameloCode/erp/modulo/crm/entidadesJPA/prospecto/Pessoa;)V (489 bytes) @ 0x00007f211af43ac4 [0x00007f211af3e5e0+0x54e4]
J 17657 C1 br.org.carameloCode.erp.crm.paginas.crmAtendimento.PgProspecto.executarAcao(Lbr/org/carameloCode/erp/modulo/crm/entidadesJPA/prospecto/Pessoa;)V (489 bytes) @ 0x00007f211af43ac4 [0x00007f211af3e5e0+0x54e4]
J 17657 C1 br.org.carameloCode.erp.crm.paginas.crmAtendimento.PgProspecto.executarAcao(Lbr/org/carameloCode/erp/modulo/crm/entidadesJPA/prospecto/Pessoa;)V (489 bytes) @ 0x00007f211af43ac4 [0x00007f211af3e5e0+0x54e4]
J 17657 C1 br.org.carameloCode.erp.crm.paginas.crmAtendimento.PgProspecto.executarAcao(Lbr/org/carameloCode/erp/modulo/crm/entidadesJPA/prospecto/Pessoa;)V (489 bytes) @ 0x00007f211af43ac4 [0x00007f211af3e5e0+0x54e4]
J 17657 C1 br.org.carameloCode.erp.crm.paginas.crmAtendimento.PgProspecto.executarAcao(Lbr/org/carameloCode/erp/modulo/crm/entidadesJPA/prospecto/Pessoa;)V (489 bytes) @ 0x00007f211af43ac4 [0x00007f211af3e5e0+0x54e4]
J 17657 C1 br.org.carameloCode.erp.crm.paginas.crmAtendimento.PgProspecto.executarAcao(Lbr/org/carameloCode/erp/modulo/crm/entidadesJPA/prospecto/Pessoa;)V (489 bytes) @ 0x00007f211af43ac4 [0x00007f211af3e5e0+0x54e4]
J 17657 C1 br.org.carameloCode.erp.crm.paginas.crmAtendimento.PgProspecto.executarAcao(Lbr/org/carameloCode/erp/modulo/crm/entidadesJPA/prospecto/Pessoa;)V (489 bytes) @ 0x00007f211af43ac4 [0x00007f211af3e5e0+0x54e4]
J 17657 C1 br.org.carameloCode.erp.crm.paginas.crmAtendimento.PgProspecto.executarAcao(Lbr/org/carameloCode/erp/modulo/crm/entidadesJPA/prospecto/Pessoa;)V (489 bytes) @ 0x00007f211af43ac4 [0x00007f211af3e5e0+0x54e4]
J 17657 C1 br.org.carameloCode.erp.crm.paginas.crmAtendimento.PgProspecto.executarAcao(Lbr/org/carameloCode/erp/modulo/crm/entidadesJPA/prospecto/Pessoa;)V (489 bytes) @ 0x00007f211af43ac4 [0x00007f211af3e5e0+0x54e4]
J 17657 C1 br.org.carameloCode.erp.crm.paginas.crmAtendimento.PgProspecto.executarAcao(Lbr/org/carameloCode/erp/modulo/crm/entidadesJPA/prospecto/Pessoa;)V (489 bytes) @ 0x00007f211af43ac4 [0x00007f211af3e5e0+0x54e4]
J 17657 C1 br.org.carameloCode.erp.crm.paginas.crmAtendimento.PgProspecto.executarAcao(Lbr/org/carameloCode/erp/modulo/crm/entidadesJPA/prospecto/Pessoa;)V (489 bytes) @ 0x00007f211af43ac4 [0x00007f211af3e5e0+0x54e4]
J 17657 C1 br.org.carameloCode.erp.crm.paginas.crmAtendimento.PgProspecto.executarAcao(Lbr/org/carameloCode/erp/modulo/crm/entidadesJPA/prospecto/Pessoa;)V (489 bytes) @ 0x00007f211af43ac4 [0x00007f211af3e5e0+0x54e4]
J 17657 C1 br.org.carameloCode.erp.crm.paginas.crmAtendimento.PgProspecto.executarAcao(Lbr/org/carameloCode/erp/modulo/crm/entidadesJPA/prospecto/Pessoa;)V (489 bytes) @ 0x00007f211af43ac4 [0x00007f211af3e5e0+0x54e4]
J 17657 C1 br.org.carameloCode.erp.crm.paginas.crmAtendimento.PgProspecto.executarAcao(Lbr/org/carameloCode/erp/modulo/crm/entidadesJPA/prospecto/Pessoa;)V (489 bytes) @ 0x00007f211af43ac4 [0x00007f211af3e5e0+0x54e4]
J 17657 C1 br.org.carameloCode.erp.crm.paginas.crmAtendimento.PgProspecto.executarAcao(Lbr/org/carameloCode/erp/modulo/crm/entidadesJPA/prospecto/Pessoa;)V (489 bytes) @ 0x00007f211af43ac4 [0x00007f211af3e5e0+0x54e4]
J 17657 C1 br.org.carameloCode.erp.crm.paginas.crmAtendimento.PgProspecto.executarAcao(Lbr/org/carameloCode/erp/modulo/crm/entidadesJPA/prospecto/Pessoa;)V (489 bytes) @ 0x00007f211af43ac4 [0x00007f211af3e5e0+0x54e4]
J 17657 C1 br.org.carameloCode.erp.crm.paginas.crmAtendimento.PgProspecto.executarAcao(Lbr/org/carameloCode/erp/modulo/crm/entidadesJPA/prospecto/Pessoa;)V (489 bytes) @ 0x00007f211af43ac4 [0x00007f211af3e5e0+0x54e4]
J 17657 C1 br.org.carameloCode.erp.crm.paginas.crmAtendimento.PgProspecto.executarAcao(Lbr/org/carameloCode/erp/modulo/crm/entidadesJPA/prospecto/Pessoa;)V (489 bytes) @ 0x00007f211af43ac4 [0x00007f211af3e5e0+0x54e4]
J 17657 C1 br.org.carameloCode.erp.crm.paginas.crmAtendimento.PgProspecto.executarAcao(Lbr/org/carameloCode/erp/modulo/crm/entidadesJPA/prospecto/Pessoa;)V (489 bytes) @ 0x00007f211af43ac4 [0x00007f211af3e5e0+0x54e4]
J 17657 C1 br.org.carameloCode.erp.crm.paginas.crmAtendimento.PgProspecto.executarAcao(Lbr/org/carameloCode/erp/modulo/crm/entidadesJPA/prospecto/Pessoa;)V (489 bytes) @ 0x00007f211af43ac4 [0x00007f211af3e5e0+0x54e4]
J 17657 C1 br.org.carameloCode.erp.crm.paginas.crmAtendimento.PgProspecto.executarAcao(Lbr/org/carameloCode/erp/modulo/crm/entidadesJPA/prospecto/Pessoa;)V (489 bytes) @ 0x00007f211af43ac4 [0x00007f211af3e5e0+0x54e4]
J 17657 C1 br.org.carameloCode.erp.crm.paginas.crmAtendimento.PgProspecto.executarAcao(Lbr/org/carameloCode/erp/modulo/crm/entidadesJPA/prospecto/Pessoa;)V (489 bytes) @ 0x00007f211af43ac4 [0x00007f211af3e5e0+0x54e4]
J 17657 C1 br.org.carameloCode.erp.crm.paginas.crmAtendimento.PgProspecto.executarAcao(Lbr/org/carameloCode/erp/modulo/crm/entidadesJPA/prospecto/Pessoa;)V (489 bytes) @ 0x00007f211af43ac4 [0x00007f211af3e5e0+0x54e4]
J 17657 C1 br.org.carameloCode.erp.crm.paginas.crmAtendimento.PgProspecto.executarAcao(Lbr/org/carameloCode/erp/modulo/crm/entidadesJPA/prospecto/Pessoa;)V (489 bytes) @ 0x00007f211af43ac4 [0x00007f211af3e5e0+0x54e4]
J 17657 C1 br.org.carameloCode.erp.crm.paginas.crmAtendimento.PgProspecto.executarAcao(Lbr/org/carameloCode/erp/modulo/crm/entidadesJPA/prospecto/Pessoa;)V (489 bytes) @ 0x00007f211af43ac4 [0x00007f211af3e5e0+0x54e4]
J 17657 C1 br.org.carameloCode.erp.crm.paginas.crmAtendimento.PgProspecto.executarAcao(Lbr/org/carameloCode/erp/modulo/crm/entidadesJPA/prospecto/Pessoa;)V (489 bytes) @ 0x00007f211af43ac4 [0x00007f211af3e5e0+0x54e4]
J 17657 C1 br.org.carameloCode.erp.crm.paginas.crmAtendimento.PgProspecto.executarAcao(Lbr/org/carameloCode/erp/modulo/crm/entidadesJPA/prospecto/Pessoa;)V (489 bytes) @ 0x00007f211af43ac4 [0x00007f211af3e5e0+0x54e4]
J 17657 C1 br.org.carameloCode.erp.crm.paginas.crmAtendimento.PgProspecto.executarAcao(Lbr/org/carameloCode/erp/modulo/crm/entidadesJPA/prospecto/Pessoa;)V (489 bytes) @ 0x00007f211af43ac4 [0x00007f211af3e5e0+0x54e4]
J 17657 C1 br.org.carameloCode.erp.crm.paginas.crmAtendimento.PgProspecto.executarAcao(Lbr/org/carameloCode/erp/modulo/crm/entidadesJPA/prospecto/Pessoa;)V (489 bytes) @ 0x00007f211af43ac4 [0x00007f211af3e5e0+0x54e4]
J 17657 C1 br.org.carameloCode.erp.crm.paginas.crmAtendimento.PgProspecto.executarAcao(Lbr/org/carameloCode/erp/modulo/crm/entidadesJPA/prospecto/Pessoa;)V (489 bytes) @ 0x00007f211af43ac4 [0x00007f211af3e5e0+0x54e4]
J 17657 C1 br.org.carameloCode.erp.crm.paginas.crmAtendimento.PgProspecto.executarAcao(Lbr/org/carameloCode/erp/modulo/crm/entidadesJPA/prospecto/Pessoa;)V (489 bytes) @ 0x00007f211af43ac4 [0x00007f211af3e5e0+0x54e4]
J 17657 C1 br.org.carameloCode.erp.crm.paginas.crmAtendimento.PgProspecto.executarAcao(Lbr/org/carameloCode/erp/modulo/crm/entidadesJPA/prospecto/Pessoa;)V (489 bytes) @ 0x00007f211af43ac4 [0x00007f211af3e5e0+0x54e4]
J 17657 C1 br.org.carameloCode.erp.crm.paginas.crmAtendimento.PgProspecto.executarAcao(Lbr/org/carameloCode/erp/modulo/crm/entidadesJPA/prospecto/Pessoa;)V (489 bytes) @ 0x00007f211af43ac4 [0x00007f211af3e5e0+0x54e4]
J 17657 C1 br.org.carameloCode.erp.crm.paginas.crmAtendimento.PgProspecto.executarAcao(Lbr/org/carameloCode/erp/modulo/crm/entidadesJPA/prospecto/Pessoa;)V (489 bytes) @ 0x00007f211af43ac4 [0x00007f211af3e5e0+0x54e4]
J 17657 C1 br.org.carameloCode.erp.crm.paginas.crmAtendimento.PgProspecto.executarAcao(Lbr/org/carameloCode/erp/modulo/crm/entidadesJPA/prospecto/Pessoa;)V (489 bytes) @ 0x00007f211af43ac4 [0x00007f211af3e5e0+0x54e4]
J 17657 C1 br.org.carameloCode.erp.crm.paginas.crmAtendimento.PgProspecto.executarAcao(Lbr/org/carameloCode/erp/modulo/crm/entidadesJPA/prospecto/Pessoa;)V (489 bytes) @ 0x00007f211af43ac4 [0x00007f211af3e5e0+0x54e4]
J 17657 C1 br.org.carameloCode.erp.crm.paginas.crmAtendimento.PgProspecto.executarAcao(Lbr/org/carameloCode/erp/modulo/crm/entidadesJPA/prospecto/Pessoa;)V (489 bytes) @ 0x00007f211af43ac4 [0x00007f211af3e5e0+0x54e4]
J 17657 C1 br.org.carameloCode.erp.crm.paginas.crmAtendimento.PgProspecto.executarAcao(Lbr/org/carameloCode/erp/modulo/crm/entidadesJPA/prospecto/Pessoa;)V (489 bytes) @ 0x00007f211af43ac4 [0x00007f211af3e5e0+0x54e4]
J 17657 C1 br.org.carameloCode.erp.crm.paginas.crmAtendimento.PgProspecto.executarAcao(Lbr/org/carameloCode/erp/modulo/crm/entidadesJPA/prospecto/Pessoa;)V (489 bytes) @ 0x00007f211af43ac4 [0x00007f211af3e5e0+0x54e4]
J 17657 C1 br.org.carameloCode.erp.crm.paginas.crmAtendimento.PgProspecto.executarAcao(Lbr/org/carameloCode/erp/modulo/crm/entidadesJPA/prospecto/Pessoa;)V (489 bytes) @ 0x00007f211af43ac4 [0x00007f211af3e5e0+0x54e4]
J 17657 C1 br.org.carameloCode.erp.crm.paginas.crmAtendimento.PgProspecto.executarAcao(Lbr/org/carameloCode/erp/modulo/crm/entidadesJPA/prospecto/Pessoa;)V (489 bytes) @ 0x00007f211af43ac4 [0x00007f211af3e5e0+0x54e4]
J 17657 C1 br.org.carameloCode.erp.crm.paginas.crmAtendimento.PgProspecto.executarAcao(Lbr/org/carameloCode/erp/modulo/crm/entidadesJPA/prospecto/Pessoa;)V (489 bytes) @ 0x00007f211af43ac4 [0x00007f211af3e5e0+0x54e4]
J 17657 C1 br.org.carameloCode.erp.crm.paginas.crmAtendimento.PgProspecto.executarAcao(Lbr/org/carameloCode/erp/modulo/crm/entidadesJPA/prospecto/Pessoa;)V (489 bytes) @ 0x00007f211af43ac4 [0x00007f211af3e5e0+0x54e4]
J 17657 C1 br.org.carameloCode.erp.crm.paginas.crmAtendimento.PgProspecto.executarAcao(Lbr/org/carameloCode/erp/modulo/crm/entidadesJPA/prospecto/Pessoa;)V (489 bytes) @ 0x00007f211af43ac4 [0x00007f211af3e5e0+0x54e4]
J 17657 C1 br.org.carameloCode.erp.crm.paginas.crmAtendimento.PgProspecto.executarAcao(Lbr/org/carameloCode/erp/modulo/crm/entidadesJPA/prospecto/Pessoa;)V (489 bytes) @ 0x00007f211af43ac4 [0x00007f211af3e5e0+0x54e4]
J 17657 C1 br.org.carameloCode.erp.crm.paginas.crmAtendimento.PgProspecto.executarAcao(Lbr/org/carameloCode/erp/modulo/crm/entidadesJPA/prospecto/Pessoa;)V (489 bytes) @ 0x00007f211af43ac4 [0x00007f211af3e5e0+0x54e4]
J 17657 C1 br.org.carameloCode.erp.crm.paginas.crmAtendimento.PgProspecto.executarAcao(Lbr/org/carameloCode/erp/modulo/crm/entidadesJPA/prospecto/Pessoa;)V (489 bytes) @ 0x00007f211af43ac4 [0x00007f211af3e5e0+0x54e4]
J 17657 C1 br.org.carameloCode.erp.crm.paginas.crmAtendimento.PgProspecto.executarAcao(Lbr/org/carameloCode/erp/modulo/crm/entidadesJPA/prospecto/Pessoa;)V (489 bytes) @ 0x00007f211af43ac4 [0x00007f211af3e5e0+0x54e4]
J 17657 C1 br.org.carameloCode.erp.crm.paginas.crmAtendimento.PgProspecto.executarAcao(Lbr/org/carameloCode/erp/modulo/crm/entidadesJPA/prospecto/Pessoa;)V (489 bytes) @ 0x00007f211af43ac4 [0x00007f211af3e5e0+0x54e4]
J 17657 C1 br.org.carameloCode.erp.crm.paginas.crmAtendimento.PgProspecto.executarAcao(Lbr/org/carameloCode/erp/modulo/crm/entidadesJPA/prospecto/Pessoa;)V (489 bytes) @ 0x00007f211af43ac4 [0x00007f211af3e5e0+0x54e4]
J 17657 C1 br.org.carameloCode.erp.crm.paginas.crmAtendimento.PgProspecto.executarAcao(Lbr/org/carameloCode/erp/modulo/crm/entidadesJPA/prospecto/Pessoa;)V (489 bytes) @ 0x00007f211af43ac4 [0x00007f211af3e5e0+0x54e4]
J 17657 C1 br.org.carameloCode.erp.crm.paginas.crmAtendimento.PgProspecto.executarAcao(Lbr/org/carameloCode/erp/modulo/crm/entidadesJPA/prospecto/Pessoa;)V (489 bytes) @ 0x00007f211af43ac4 [0x00007f211af3e5e0+0x54e4]
J 17657 C1 br.org.carameloCode.erp.crm.paginas.crmAtendimento.PgProspecto.executarAcao(Lbr/org/carameloCode/erp/modulo/crm/entidadesJPA/prospecto/Pessoa;)V (489 bytes) @ 0x00007f211af43ac4 [0x00007f211af3e5e0+0x54e4]
J 17657 C1 br.org.carameloCode.erp.crm.paginas.crmAtendimento.PgProspecto.executarAcao(Lbr/org/carameloCode/erp/modulo/crm/entidadesJPA/prospecto/Pessoa;)V (489 bytes) @ 0x00007f211af43ac4 [0x00007f211af3e5e0+0x54e4]
J 17657 C1 br.org.carameloCode.erp.crm.paginas.crmAtendimento.PgProspecto.executarAcao(Lbr/org/carameloCode/erp/modulo/crm/entidadesJPA/prospecto/Pessoa;)V (489 bytes) @ 0x00007f211af43ac4 [0x00007f211af3e5e0+0x54e4]
J 17657 C1 br.org.carameloCode.erp.crm.paginas.crmAtendimento.PgProspecto.executarAcao(Lbr/org/carameloCode/erp/modulo/crm/entidadesJPA/prospecto/Pessoa;)V (489 bytes) @ 0x00007f211af43ac4 [0x00007f211af3e5e0+0x54e4]
J 17657 C1 br.org.carameloCode.erp.crm.paginas.crmAtendimento.PgProspecto.executarAcao(Lbr/org/carameloCode/erp/modulo/crm/entidadesJPA/prospecto/Pessoa;)V (489 bytes) @ 0x00007f211af43ac4 [0x00007f211af3e5e0+0x54e4]
J 17657 C1 br.org.carameloCode.erp.crm.paginas.crmAtendimento.PgProspecto.executarAcao(Lbr/org/carameloCode/erp/modulo/crm/entidadesJPA/prospecto/Pessoa;)V (489 bytes) @ 0x00007f211af43ac4 [0x00007f211af3e5e0+0x54e4]
J 17657 C1 br.org.carameloCode.erp.crm.paginas.crmAtendimento.PgProspecto.executarAcao(Lbr/org/carameloCode/erp/modulo/crm/entidadesJPA/prospecto/Pessoa;)V (489 bytes) @ 0x00007f211af43ac4 [0x00007f211af3e5e0+0x54e4]
J 17657 C1 br.org.carameloCode.erp.crm.paginas.crmAtendimento.PgProspecto.executarAcao(Lbr/org/carameloCode/erp/modulo/crm/entidadesJPA/prospecto/Pessoa;)V (489 bytes) @ 0x00007f211af43ac4 [0x00007f211af3e5e0+0x54e4]
J 17657 C1 br.org.carameloCode.erp.crm.paginas.crmAtendimento.PgProspecto.executarAcao(Lbr/org/carameloCode/erp/modulo/crm/entidadesJPA/prospecto/Pessoa;)V (489 bytes) @ 0x00007f211af43ac4 [0x00007f211af3e5e0+0x54e4]
J 17657 C1 br.org.carameloCode.erp.crm.paginas.crmAtendimento.PgProspecto.executarAcao(Lbr/org/carameloCode/erp/modulo/crm/entidadesJPA/prospecto/Pessoa;)V (489 bytes) @ 0x00007f211af43ac4 [0x00007f211af3e5e0+0x54e4]
J 17657 C1 br.org.carameloCode.erp.crm.paginas.crmAtendimento.PgProspecto.executarAcao(Lbr/org/carameloCode/erp/modulo/crm/entidadesJPA/prospecto/Pessoa;)V (489 bytes) @ 0x00007f211af43ac4 [0x00007f211af3e5e0+0x54e4]
J 17657 C1 br.org.carameloCode.erp.crm.paginas.crmAtendimento.PgProspecto.executarAcao(Lbr/org/carameloCode/erp/modulo/crm/entidadesJPA/prospecto/Pessoa;)V (489 bytes) @ 0x00007f211af43ac4 [0x00007f211af3e5e0+0x54e4]
J 17657 C1 br.org.carameloCode.erp.crm.paginas.crmAtendimento.PgProspecto.executarAcao(Lbr/org/carameloCode/erp/modulo/crm/entidadesJPA/prospecto/Pessoa;)V (489 bytes) @ 0x00007f211af43ac4 [0x00007f211af3e5e0+0x54e4]
J 17657 C1 br.org.carameloCode.erp.crm.paginas.crmAtendimento.PgProspecto.executarAcao(Lbr/org/carameloCode/erp/modulo/crm/entidadesJPA/prospecto/Pessoa;)V (489 bytes) @ 0x00007f211af43ac4 [0x00007f211af3e5e0+0x54e4]
J 17657 C1 br.org.carameloCode.erp.crm.paginas.crmAtendimento.PgProspecto.executarAcao(Lbr/org/carameloCode/erp/modulo/crm/entidadesJPA/prospecto/Pessoa;)V (489 bytes) @ 0x00007f211af43ac4 [0x00007f211af3e5e0+0x54e4]
J 17657 C1 br.org.carameloCode.erp.crm.paginas.crmAtendimento.PgProspecto.executarAcao(Lbr/org/carameloCode/erp/modulo/crm/entidadesJPA/prospecto/Pessoa;)V (489 bytes) @ 0x00007f211af43ac4 [0x00007f211af3e5e0+0x54e4]
J 17657 C1 br.org.carameloCode.erp.crm.paginas.crmAtendimento.PgProspecto.executarAcao(Lbr/org/carameloCode/erp/modulo/crm/entidadesJPA/prospecto/Pessoa;)V (489 bytes) @ 0x00007f211af43ac4 [0x00007f211af3e5e0+0x54e4]
J 17657 C1 br.org.carameloCode.erp.crm.paginas.crmAtendimento.PgProspecto.executarAcao(Lbr/org/carameloCode/erp/modulo/crm/entidadesJPA/prospecto/Pessoa;)V (489 bytes) @ 0x00007f211af43ac4 [0x00007f211af3e5e0+0x54e4]
J 17657 C1 br.org.carameloCode.erp.crm.paginas.crmAtendimento.PgProspecto.executarAcao(Lbr/org/carameloCode/erp/modulo/crm/entidadesJPA/prospecto/Pessoa;)V (489 bytes) @ 0x00007f211af43ac4 [0x00007f211af3e5e0+0x54e4]
J 17657 C1 br.org.carameloCode.erp.crm.paginas.crmAtendimento.PgProspecto.executarAcao(Lbr/org/carameloCode/erp/modulo/crm/entidadesJPA/prospecto/Pessoa;)V (489 bytes) @ 0x00007f211af43ac4 [0x00007f211af3e5e0+0x54e4]
J 17657 C1 br.org.carameloCode.erp.crm.paginas.crmAtendimento.PgProspecto.executarAcao(Lbr/org/carameloCode/erp/modulo/crm/entidadesJPA/prospecto/Pessoa;)V (489 bytes) @ 0x00007f211af43ac4 [0x00007f211af3e5e0+0x54e4]
J 17657 C1 br.org.carameloCode.erp.crm.paginas.crmAtendimento.PgProspecto.executarAcao(Lbr/org/carameloCode/erp/modulo/crm/entidadesJPA/prospecto/Pessoa;)V (489 bytes) @ 0x00007f211af43ac4 [0x00007f211af3e5e0+0x54e4]
J 17657 C1 br.org.carameloCode.erp.crm.paginas.crmAtendimento.PgProspecto.executarAcao(Lbr/org/carameloCode/erp/modulo/crm/entidadesJPA/prospecto/Pessoa;)V (489 bytes) @ 0x00007f211af43ac4 [0x00007f211af3e5e0+0x54e4]
J 17657 C1 br.org.carameloCode.erp.crm.paginas.crmAtendimento.PgProspecto.executarAcao(Lbr/org/carameloCode/erp/modulo/crm/entidadesJPA/prospecto/Pessoa;)V (489 bytes) @ 0x00007f211af43ac4 [0x00007f211af3e5e0+0x54e4]
J 17657 C1 br.org.carameloCode.erp.crm.paginas.crmAtendimento.PgProspecto.executarAcao(Lbr/org/carameloCode/erp/modulo/crm/entidadesJPA/prospecto/Pessoa;)V (489 bytes) @ 0x00007f211af43ac4 [0x00007f211af3e5e0+0x54e4]
J 17657 C1 br.org.carameloCode.erp.crm.paginas.crmAtendimento.PgProspecto.executarAcao(Lbr/org/carameloCode/erp/modulo/crm/entidadesJPA/prospecto/Pessoa;)V (489 bytes) @ 0x00007f211af43ac4 [0x00007f211af3e5e0+0x54e4]
J 17657 C1 br.org.carameloCode.erp.crm.paginas.crmAtendimento.PgProspecto.executarAcao(Lbr/org/carameloCode/erp/modulo/crm/entidadesJPA/prospecto/Pessoa;)V (489 bytes) @ 0x00007f211af43ac4 [0x00007f211af3e5e0+0x54e4]
J 17657 C1 br.org.carameloCode.erp.crm.paginas.crmAtendimento.PgProspecto.executarAcao(Lbr/org/carameloCode/erp/modulo/crm/entidadesJPA/prospecto/Pessoa;)V (489 bytes) @ 0x00007f211af43ac4 [0x00007f211af3e5e0+0x54e4]
J 17657 C1 br.org.carameloCode.erp.crm.paginas.crmAtendimento.PgProspecto.executarAcao(Lbr/org/carameloCode/erp/modulo/crm/entidadesJPA/prospecto/Pessoa;)V (489 bytes) @ 0x00007f211af43ac4 [0x00007f211af3e5e0+0x54e4]
J 17657 C1 br.org.carameloCode.erp.crm.paginas.crmAtendimento.PgProspecto.executarAcao(Lbr/org/carameloCode/erp/modulo/crm/entidadesJPA/prospecto/Pessoa;)V (489 bytes) @ 0x00007f211af43ac4 [0x00007f211af3e5e0+0x54e4]
J 17657 C1 br.org.carameloCode.erp.crm.paginas.crmAtendimento.PgProspecto.executarAcao(Lbr/org/carameloCode/erp/modulo/crm/entidadesJPA/prospecto/Pessoa;)V (489 bytes) @ 0x00007f211af43ac4 [0x00007f211af3e5e0+0x54e4]
J 17657 C1 br.org.carameloCode.erp.crm.paginas.crmAtendimento.PgProspecto.executarAcao(Lbr/org/carameloCode/erp/modulo/crm/entidadesJPA/prospecto/Pessoa;)V (489 bytes) @ 0x00007f211af43ac4 [0x00007f211af3e5e0+0x54e4]
J 17657 C1 br.org.carameloCode.erp.crm.paginas.crmAtendimento.PgProspecto.executarAcao(Lbr/org/carameloCode/erp/modulo/crm/entidadesJPA/prospecto/Pessoa;)V (489 bytes) @ 0x00007f211af43ac4 [0x00007f211af3e5e0+0x54e4]
J 17657 C1 br.org.carameloCode.erp.crm.paginas.crmAtendimento.PgProspecto.executarAcao(Lbr/org/carameloCode/erp/modulo/crm/entidadesJPA/prospecto/Pessoa;)V (489 bytes) @ 0x00007f211af43ac4 [0x00007f211af3e5e0+0x54e4]
J 17657 C1 br.org.carameloCode.erp.crm.paginas.crmAtendimento.PgProspecto.executarAcao(Lbr/org/carameloCode/erp/modulo/crm/entidadesJPA/prospecto/Pessoa;)V (489 bytes) @ 0x00007f211af43ac4 [0x00007f211af3e5e0+0x54e4]
J 17657 C1 br.org.carameloCode.erp.crm.paginas.crmAtendimento.PgProspecto.executarAcao(Lbr/org/carameloCode/erp/modulo/crm/entidadesJPA/prospecto/Pessoa;)V (489 bytes) @ 0x00007f211af43ac4 [0x00007f211af3e5e0+0x54e4]
J 17657 C1 br.org.carameloCode.erp.crm.paginas.crmAtendimento.PgProspecto.executarAcao(Lbr/org/carameloCode/erp/modulo/crm/entidadesJPA/prospecto/Pessoa;)V (489 bytes) @ 0x00007f211af43ac4 [0x00007f211af3e5e0+0x54e4]
J 17657 C1 br.org.carameloCode.erp.crm.paginas.crmAtendimento.PgProspecto.executarAcao(Lbr/org/carameloCode/erp/modulo/crm/entidadesJPA/prospecto/Pessoa;)V (489 bytes) @ 0x00007f211af43ac4 [0x00007f211af3e5e0+0x54e4]
J 17657 C1 br.org.carameloCode.erp.crm.paginas.crmAtendimento.PgProspecto.executarAcao(Lbr/org/carameloCode/erp/modulo/crm/entidadesJPA/prospecto/Pessoa;)V (489 bytes) @ 0x00007f211af43ac4 [0x00007f211af3e5e0+0x54e4]
J 17657 C1 br.org.carameloCode.erp.crm.paginas.crmAtendimento.PgProspecto.executarAcao(Lbr/org/carameloCode/erp/modulo/crm/entidadesJPA/prospecto/Pessoa;)V (489 bytes) @ 0x00007f211af43ac4 [0x00007f211af3e5e0+0x54e4]
J 17657 C1 br.org.carameloCode.erp.crm.paginas.crmAtendimento.PgProspecto.executarAcao(Lbr/org/carameloCode/erp/modulo/crm/entidadesJPA/prospecto/Pessoa;)V (489 bytes) @ 0x00007f211af43ac4 [0x00007f211af3e5e0+0x54e4]
J 17657 C1 br.org.carameloCode.erp.crm.paginas.crmAtendimento.PgProspecto.executarAcao(Lbr/org/carameloCode/erp/modulo/crm/entidadesJPA/prospecto/Pessoa;)V (489 bytes) @ 0x00007f211af43ac4 [0x00007f211af3e5e0+0x54e4]
J 17657 C1 br.org.carameloCode.erp.crm.paginas.crmAtendimento.PgProspecto.executarAcao(Lbr/org/carameloCode/erp/modulo/crm/entidadesJPA/prospecto/Pessoa;)V (489 bytes) @ 0x00007f211af43ac4 [0x00007f211af3e5e0+0x54e4]
J 17657 C1 br.org.carameloCode.erp.crm.paginas.crmAtendimento.PgProspecto.executarAcao(Lbr/org/carameloCode/erp/modulo/crm/entidadesJPA/prospecto/Pessoa;)V (489 bytes) @ 0x00007f211af43ac4 [0x00007f211af3e5e0+0x54e4]
J 17657 C1 br.org.carameloCode.erp.crm.paginas.crmAtendimento.PgProspecto.executarAcao(Lbr/org/carameloCode/erp/modulo/crm/entidadesJPA/prospecto/Pessoa;)V (489 bytes) @ 0x00007f211af43ac4 [0x00007f211af3e5e0+0x54e4]
J 17657 C1 br.org.carameloCode.erp.crm.paginas.crmAtendimento.PgProspecto.executarAcao(Lbr/org/carameloCode/erp/modulo/crm/entidadesJPA/prospecto/Pessoa;)V (489 bytes) @ 0x00007f211af43ac4 [0x00007f211af3e5e0+0x54e4]
J 17657 C1 br.org.carameloCode.erp.crm.paginas.crmAtendimento.PgProspecto.executarAcao(Lbr/org/carameloCode/erp/modulo/crm/entidadesJPA/prospecto/Pessoa;)V (489 bytes) @ 0x00007f211af43ac4 [0x00007f211af3e5e0+0x54e4]
J 17657 C1 br.org.carameloCode.erp.crm.paginas.crmAtendimento.PgProspecto.executarAcao(Lbr/org/carameloCode/erp/modulo/crm/entidadesJPA/prospecto/Pessoa;)V (489 bytes) @ 0x00007f211af43ac4 [0x00007f211af3e5e0+0x54e4]
J 17657 C1 br.org.carameloCode.erp.crm.paginas.crmAtendimento.PgProspecto.executarAcao(Lbr/org/carameloCode/erp/modulo/crm/entidadesJPA/prospecto/Pessoa;)V (489 bytes) @ 0x00007f211af43ac4 [0x00007f211af3e5e0+0x54e4]
J 17657 C1 br.org.carameloCode.erp.crm.paginas.crmAtendimento.PgProspecto.executarAcao(Lbr/org/carameloCode/erp/modulo/crm/entidadesJPA/prospecto/Pessoa;)V (489 bytes) @ 0x00007f211af43ac4 [0x00007f211af3e5e0+0x54e4]
J 17657 C1 br.org.carameloCode.erp.crm.paginas.crmAtendimento.PgProspecto.executarAcao(Lbr/org/carameloCode/erp/modulo/crm/entidadesJPA/prospecto/Pessoa;)V (489 bytes) @ 0x00007f211af43ac4 [0x00007f211af3e5e0+0x54e4]
J 17657 C1 br.org.carameloCode.erp.crm.paginas.crmAtendimento.PgProspecto.executarAcao(Lbr/org/carameloCode/erp/modulo/crm/entidadesJPA/prospecto/Pessoa;)V (489 bytes) @ 0x00007f211af43ac4 [0x00007f211af3e5e0+0x54e4]
J 17657 C1 br.org.carameloCode.erp.crm.paginas.crmAtendimento.PgProspecto.executarAcao(Lbr/org/carameloCode/erp/modulo/crm/entidadesJPA/prospecto/Pessoa;)V (489 bytes) @ 0x00007f211af43ac4 [0x00007f211af3e5e0+0x54e4]
J 17657 C1 br.org.carameloCode.erp.crm.paginas.crmAtendimento.PgProspecto.executarAcao(Lbr/org/carameloCode/erp/modulo/crm/entidadesJPA/prospecto/Pessoa;)V (489 bytes) @ 0x00007f211af43ac4 [0x00007f211af3e5e0+0x54e4]
J 17657 C1 br.org.carameloCode.erp.crm.paginas.crmAtendimento.PgProspecto.executarAcao(Lbr/org/carameloCode/erp/modulo/crm/entidadesJPA/prospecto/Pessoa;)V (489 bytes) @ 0x00007f211af43ac4 [0x00007f211af3e5e0+0x54e4]
J 17657 C1 br.org.carameloCode.erp.crm.paginas.crmAtendimento.PgProspecto.executarAcao(Lbr/org/carameloCode/erp/modulo/crm/entidadesJPA/prospecto/Pessoa;)V (489 bytes) @ 0x00007f211af43ac4 [0x00007f211af3e5e0+0x54e4]
J 17657 C1 br.org.carameloCode.erp.crm.paginas.crmAtendimento.PgProspecto.executarAcao(Lbr/org/carameloCode/erp/modulo/crm/entidadesJPA/prospecto/Pessoa;)V (489 bytes) @ 0x00007f211af43ac4 [0x00007f211af3e5e0+0x54e4]
J 17657 C1 br.org.carameloCode.erp.crm.paginas.crmAtendimento.PgProspecto.executarAcao(Lbr/org/carameloCode/erp/modulo/crm/entidadesJPA/prospecto/Pessoa;)V (489 bytes) @ 0x00007f211af43ac4 [0x00007f211af3e5e0+0x54e4]
J 17657 C1 br.org.carameloCode.erp.crm.paginas.crmAtendimento.PgProspecto.executarAcao(Lbr/org/carameloCode/erp/modulo/crm/entidadesJPA/prospecto/Pessoa;)V (489 bytes) @ 0x00007f211af43ac4 [0x00007f211af3e5e0+0x54e4]
J 17657 C1 br.org.carameloCode.erp.crm.paginas.crmAtendimento.PgProspecto.executarAcao(Lbr/org/carameloCode/erp/modulo/crm/entidadesJPA/prospecto/Pessoa;)V (489 bytes) @ 0x00007f211af43ac4 [0x00007f211af3e5e0+0x54e4]
J 17657 C1 br.org.carameloCode.erp.crm.paginas.crmAtendimento.PgProspecto.executarAcao(Lbr/org/carameloCode/erp/modulo/crm/entidadesJPA/prospecto/Pessoa;)V (489 bytes) @ 0x00007f211af43ac4 [0x00007f211af3e5e0+0x54e4]
J 17657 C1 br.org.carameloCode.erp.crm.paginas.crmAtendimento.PgProspecto.executarAcao(Lbr/org/carameloCode/erp/modulo/crm/entidadesJPA/prospecto/Pessoa;)V (489 bytes) @ 0x00007f211af43ac4 [0x00007f211af3e5e0+0x54e4]
J 17657 C1 br.org.carameloCode.erp.crm.paginas.crmAtendimento.PgProspecto.executarAcao(Lbr/org/carameloCode/erp/modulo/crm/entidadesJPA/prospecto/Pessoa;)V (489 bytes) @ 0x00007f211af43ac4 [0x00007f211af3e5e0+0x54e4]
J 17657 C1 br.org.carameloCode.erp.crm.paginas.crmAtendimento.PgProspecto.executarAcao(Lbr/org/carameloCode/erp/modulo/crm/entidadesJPA/prospecto/Pessoa;)V (489 bytes) @ 0x00007f211af43ac4 [0x00007f211af3e5e0+0x54e4]
J 17657 C1 br.org.carameloCode.erp.crm.paginas.crmAtendimento.PgProspecto.executarAcao(Lbr/org/carameloCode/erp/modulo/crm/entidadesJPA/prospecto/Pessoa;)V (489 bytes) @ 0x00007f211af43ac4 [0x00007f211af3e5e0+0x54e4]
J 17657 C1 br.org.carameloCode.erp.crm.paginas.crmAtendimento.PgProspecto.executarAcao(Lbr/org/carameloCode/erp/modulo/crm/entidadesJPA/prospecto/Pessoa;)V (489 bytes) @ 0x00007f211af43ac4 [0x00007f211af3e5e0+0x54e4]
J 17657 C1 br.org.carameloCode.erp.crm.paginas.crmAtendimento.PgProspecto.executarAcao(Lbr/org/carameloCode/erp/modulo/crm/entidadesJPA/prospecto/Pessoa;)V (489 bytes) @ 0x00007f211af43ac4 [0x00007f211af3e5e0+0x54e4]
J 17657 C1 br.org.carameloCode.erp.crm.paginas.crmAtendimento.PgProspecto.executarAcao(Lbr/org/carameloCode/erp/modulo/crm/entidadesJPA/prospecto/Pessoa;)V (489 bytes) @ 0x00007f211af43ac4 [0x00007f211af3e5e0+0x54e4]
J 17657 C1 br.org.carameloCode.erp.crm.paginas.crmAtendimento.PgProspecto.executarAcao(Lbr/org/carameloCode/erp/modulo/crm/entidadesJPA/prospecto/Pessoa;)V (489 bytes) @ 0x00007f211af43ac4 [0x00007f211af3e5e0+0x54e4]
J 17657 C1 br.org.carameloCode.erp.crm.paginas.crmAtendimento.PgProspecto.executarAcao(Lbr/org/carameloCode/erp/modulo/crm/entidadesJPA/prospecto/Pessoa;)V (489 bytes) @ 0x00007f211af43ac4 [0x00007f211af3e5e0+0x54e4]
J 17657 C1 br.org.carameloCode.erp.crm.paginas.crmAtendimento.PgProspecto.executarAcao(Lbr/org/carameloCode/erp/modulo/crm/entidadesJPA/prospecto/Pessoa;)V (489 bytes) @ 0x00007f211af43ac4 [0x00007f211af3e5e0+0x54e4]
J 17657 C1 br.org.carameloCode.erp.crm.paginas.crmAtendimento.PgProspecto.executarAcao(Lbr/org/carameloCode/erp/modulo/crm/entidadesJPA/prospecto/Pessoa;)V (489 bytes) @ 0x00007f211af43ac4 [0x00007f211af3e5e0+0x54e4]
J 17657 C1 br.org.carameloCode.erp.crm.paginas.crmAtendimento.PgProspecto.executarAcao(Lbr/org/carameloCode/erp/modulo/crm/entidadesJPA/prospecto/Pessoa;)V (489 bytes) @ 0x00007f211af43ac4 [0x00007f211af3e5e0+0x54e4]
J 17657 C1 br.org.carameloCode.erp.crm.paginas.crmAtendimento.PgProspecto.executarAcao(Lbr/org/carameloCode/erp/modulo/crm/entidadesJPA/prospecto/Pessoa;)V (489 bytes) @ 0x00007f211af43ac4 [0x00007f211af3e5e0+0x54e4]
J 17657 C1 br.org.carameloCode.erp.crm.paginas.crmAtendimento.PgProspecto.executarAcao(Lbr/org/carameloCode/erp/modulo/crm/entidadesJPA/prospecto/Pessoa;)V (489 bytes) @ 0x00007f211af43ac4 [0x00007f211af3e5e0+0x54e4]
J 17657 C1 br.org.carameloCode.erp.crm.paginas.crmAtendimento.PgProspecto.executarAcao(Lbr/org/carameloCode/erp/modulo/crm/entidadesJPA/prospecto/Pessoa;)V (489 bytes) @ 0x00007f211af43ac4 [0x00007f211af3e5e0+0x54e4]
J 17657 C1 br.org.carameloCode.erp.crm.paginas.crmAtendimento.PgProspecto.executarAcao(Lbr/org/carameloCode/erp/modulo/crm/entidadesJPA/prospecto/Pessoa;)V (489 bytes) @ 0x00007f211af43ac4 [0x00007f211af3e5e0+0x54e4]
J 17657 C1 br.org.carameloCode.erp.crm.paginas.crmAtendimento.PgProspecto.executarAcao(Lbr/org/carameloCode/erp/modulo/crm/entidadesJPA/prospecto/Pessoa;)V (489 bytes) @ 0x00007f211af43ac4 [0x00007f211af3e5e0+0x54e4]
J 17657 C1 br.org.carameloCode.erp.crm.paginas.crmAtendimento.PgProspecto.executarAcao(Lbr/org/carameloCode/erp/modulo/crm/entidadesJPA/prospecto/Pessoa;)V (489 bytes) @ 0x00007f211af43ac4 [0x00007f211af3e5e0+0x54e4]
J 17657 C1 br.org.carameloCode.erp.crm.paginas.crmAtendimento.PgProspecto.executarAcao(Lbr/org/carameloCode/erp/modulo/crm/entidadesJPA/prospecto/Pessoa;)V (489 bytes) @ 0x00007f211af43ac4 [0x00007f211af3e5e0+0x54e4]
J 17657 C1 br.org.carameloCode.erp.crm.paginas.crmAtendimento.PgProspecto.executarAcao(Lbr/org/carameloCode/erp/modulo/crm/entidadesJPA/prospecto/Pessoa;)V (489 bytes) @ 0x00007f211af43ac4 [0x00007f211af3e5e0+0x54e4]
J 17657 C1 br.org.carameloCode.erp.crm.paginas.crmAtendimento.PgProspecto.executarAcao(Lbr/org/carameloCode/erp/modulo/crm/entidadesJPA/prospecto/Pessoa;)V (489 bytes) @ 0x00007f211af43ac4 [0x00007f211af3e5e0+0x54e4]
J 17657 C1 br.org.carameloCode.erp.crm.paginas.crmAtendimento.PgProspecto.executarAcao(Lbr/org/carameloCode/erp/modulo/crm/entidadesJPA/prospecto/Pessoa;)V (489 bytes) @ 0x00007f211af43ac4 [0x00007f211af3e5e0+0x54e4]
J 17657 C1 br.org.carameloCode.erp.crm.paginas.crmAtendimento.PgProspecto.executarAcao(Lbr/org/carameloCode/erp/modulo/crm/entidadesJPA/prospecto/Pessoa;)V (489 bytes) @ 0x00007f211af43ac4 [0x00007f211af3e5e0+0x54e4]
J 17657 C1 br.org.carameloCode.erp.crm.paginas.crmAtendimento.PgProspecto.executarAcao(Lbr/org/carameloCode/erp/modulo/crm/entidadesJPA/prospecto/Pessoa;)V (489 bytes) @ 0x00007f211af43ac4 [0x00007f211af3e5e0+0x54e4]
J 17657 C1 br.org.carameloCode.erp.crm.paginas.crmAtendimento.PgProspecto.executarAcao(Lbr/org/carameloCode/erp/modulo/crm/entidadesJPA/prospecto/Pessoa;)V (489 bytes) @ 0x00007f211af43ac4 [0x00007f211af3e5e0+0x54e4]
J 17657 C1 br.org.carameloCode.erp.crm.paginas.crmAtendimento.PgProspecto.executarAcao(Lbr/org/carameloCode/erp/modulo/crm/entidadesJPA/prospecto/Pessoa;)V (489 bytes) @ 0x00007f211af43ac4 [0x00007f211af3e5e0+0x54e4]
J 17657 C1 br.org.carameloCode.erp.crm.paginas.crmAtendimento.PgProspecto.executarAcao(Lbr/org/carameloCode/erp/modulo/crm/entidadesJPA/prospecto/Pessoa;)V (489 bytes) @ 0x00007f211af43ac4 [0x00007f211af3e5e0+0x54e4]
J 17657 C1 br.org.carameloCode.erp.crm.paginas.crmAtendimento.PgProspecto.executarAcao(Lbr/org/carameloCode/erp/modulo/crm/entidadesJPA/prospecto/Pessoa;)V (489 bytes) @ 0x00007f211af43ac4 [0x00007f211af3e5e0+0x54e4]
J 17657 C1 br.org.carameloCode.erp.crm.paginas.crmAtendimento.PgProspecto.executarAcao(Lbr/org/carameloCode/erp/modulo/crm/entidadesJPA/prospecto/Pessoa;)V (489 bytes) @ 0x00007f211af43ac4 [0x00007f211af3e5e0+0x54e4]
J 17657 C1 br.org.carameloCode.erp.crm.paginas.crmAtendimento.PgProspecto.executarAcao(Lbr/org/carameloCode/erp/modulo/crm/entidadesJPA/prospecto/Pessoa;)V (489 bytes) @ 0x00007f211af43ac4 [0x00007f211af3e5e0+0x54e4]
J 17657 C1 br.org.carameloCode.erp.crm.paginas.crmAtendimento.PgProspecto.executarAcao(Lbr/org/carameloCode/erp/modulo/crm/entidadesJPA/prospecto/Pessoa;)V (489 bytes) @ 0x00007f211af43ac4 [0x00007f211af3e5e0+0x54e4]
J 17657 C1 br.org.carameloCode.erp.crm.paginas.crmAtendimento.PgProspecto.executarAcao(Lbr/org/carameloCode/erp/modulo/crm/entidadesJPA/prospecto/Pessoa;)V (489 bytes) @ 0x00007f211af43ac4 [0x00007f211af3e5e0+0x54e4]
J 17657 C1 br.org.carameloCode.erp.crm.paginas.crmAtendimento.PgProspecto.executarAcao(Lbr/org/carameloCode/erp/modulo/crm/entidadesJPA/prospecto/Pessoa;)V (489 bytes) @ 0x00007f211af43ac4 [0x00007f211af3e5e0+0x54e4]
J 17657 C1 br.org.carameloCode.erp.crm.paginas.crmAtendimento.PgProspecto.executarAcao(Lbr/org/carameloCode/erp/modulo/crm/entidadesJPA/prospecto/Pessoa;)V (489 bytes) @ 0x00007f211af43ac4 [0x00007f211af3e5e0+0x54e4]
J 17657 C1 br.org.carameloCode.erp.crm.paginas.crmAtendimento.PgProspecto.executarAcao(Lbr/org/carameloCode/erp/modulo/crm/entidadesJPA/prospecto/Pessoa;)V (489 bytes) @ 0x00007f211af43ac4 [0x00007f211af3e5e0+0x54e4]
J 17657 C1 br.org.carameloCode.erp.crm.paginas.crmAtendimento.PgProspecto.executarAcao(Lbr/org/carameloCode/erp/modulo/crm/entidadesJPA/prospecto/Pessoa;)V (489 bytes) @ 0x00007f211af43ac4 [0x00007f211af3e5e0+0x54e4]
J 17657 C1 br.org.carameloCode.erp.crm.paginas.crmAtendimento.PgProspecto.executarAcao(Lbr/org/carameloCode/erp/modulo/crm/entidadesJPA/prospecto/Pessoa;)V (489 bytes) @ 0x00007f211af43ac4 [0x00007f211af3e5e0+0x54e4]
J 17657 C1 br.org.carameloCode.erp.crm.paginas.crmAtendimento.PgProspecto.executarAcao(Lbr/org/carameloCode/erp/modulo/crm/entidadesJPA/prospecto/Pessoa;)V (489 bytes) @ 0x00007f211af43ac4 [0x00007f211af3e5e0+0x54e4]
J 17657 C1 br.org.carameloCode.erp.crm.paginas.crmAtendimento.PgProspecto.executarAcao(Lbr/org/carameloCode/erp/modulo/crm/entidadesJPA/prospecto/Pessoa;)V (489 bytes) @ 0x00007f211af43ac4 [0x00007f211af3e5e0+0x54e4]
J 17657 C1 br.org.carameloCode.erp.crm.paginas.crmAtendimento.PgProspecto.executarAcao(Lbr/org/carameloCode/erp/modulo/crm/entidadesJPA/prospecto/Pessoa;)V (489 bytes) @ 0x00007f211af43ac4 [0x00007f211af3e5e0+0x54e4]
J 17657 C1 br.org.carameloCode.erp.crm.paginas.crmAtendimento.PgProspecto.executarAcao(Lbr/org/carameloCode/erp/modulo/crm/entidadesJPA/prospecto/Pessoa;)V (489 bytes) @ 0x00007f211af43ac4 [0x00007f211af3e5e0+0x54e4]
J 17657 C1 br.org.carameloCode.erp.crm.paginas.crmAtendimento.PgProspecto.executarAcao(Lbr/org/carameloCode/erp/modulo/crm/entidadesJPA/prospecto/Pessoa;)V (489 bytes) @ 0x00007f211af43ac4 [0x00007f211af3e5e0+0x54e4]
J 17657 C1 br.org.carameloCode.erp.crm.paginas.crmAtendimento.PgProspecto.executarAcao(Lbr/org/carameloCode/erp/modulo/crm/entidadesJPA/prospecto/Pessoa;)V (489 bytes) @ 0x00007f211af43ac4 [0x00007f211af3e5e0+0x54e4]
J 17657 C1 br.org.carameloCode.erp.crm.paginas.crmAtendimento.PgProspecto.executarAcao(Lbr/org/carameloCode/erp/modulo/crm/entidadesJPA/prospecto/Pessoa;)V (489 bytes) @ 0x00007f211af43ac4 [0x00007f211af3e5e0+0x54e4]
J 17657 C1 br.org.carameloCode.erp.crm.paginas.crmAtendimento.PgProspecto.executarAcao(Lbr/org/carameloCode/erp/modulo/crm/entidadesJPA/prospecto/Pessoa;)V (489 bytes) @ 0x00007f211af43ac4 [0x00007f211af3e5e0+0x54e4]
J 17657 C1 br.org.carameloCode.erp.crm.paginas.crmAtendimento.PgProspecto.executarAcao(Lbr/org/carameloCode/erp/modulo/crm/entidadesJPA/prospecto/Pessoa;)V (489 bytes) @ 0x00007f211af43ac4 [0x00007f211af3e5e0+0x54e4]
J 17657 C1 br.org.carameloCode.erp.crm.paginas.crmAtendimento.PgProspecto.executarAcao(Lbr/org/carameloCode/erp/modulo/crm/entidadesJPA/prospecto/Pessoa;)V (489 bytes) @ 0x00007f211af43ac4 [0x00007f211af3e5e0+0x54e4]
J 17657 C1 br.org.carameloCode.erp.crm.paginas.crmAtendimento.PgProspecto.executarAcao(Lbr/org/carameloCode/erp/modulo/crm/entidadesJPA/prospecto/Pessoa;)V (489 bytes) @ 0x00007f211af43ac4 [0x00007f211af3e5e0+0x54e4]
J 17657 C1 br.org.carameloCode.erp.crm.paginas.crmAtendimento.PgProspecto.executarAcao(Lbr/org/carameloCode/erp/modulo/crm/entidadesJPA/prospecto/Pessoa;)V (489 bytes) @ 0x00007f211af43ac4 [0x00007f211af3e5e0+0x54e4]
J 17657 C1 br.org.carameloCode.erp.crm.paginas.crmAtendimento.PgProspecto.executarAcao(Lbr/org/carameloCode/erp/modulo/crm/entidadesJPA/prospecto/Pessoa;)V (489 bytes) @ 0x00007f211af43ac4 [0x00007f211af3e5e0+0x54e4]
J 17657 C1 br.org.carameloCode.erp.crm.paginas.crmAtendimento.PgProspecto.executarAcao(Lbr/org/carameloCode/erp/modulo/crm/entidadesJPA/prospecto/Pessoa;)V (489 bytes) @ 0x00007f211af43ac4 [0x00007f211af3e5e0+0x54e4]
J 17657 C1 br.org.carameloCode.erp.crm.paginas.crmAtendimento.PgProspecto.executarAcao(Lbr/org/carameloCode/erp/modulo/crm/entidadesJPA/prospecto/Pessoa;)V (489 bytes) @ 0x00007f211af43ac4 [0x00007f211af3e5e0+0x54e4]
J 17657 C1 br.org.carameloCode.erp.crm.paginas.crmAtendimento.PgProspecto.executarAcao(Lbr/org/carameloCode/erp/modulo/crm/entidadesJPA/prospecto/Pessoa;)V (489 bytes) @ 0x00007f211af43ac4 [0x00007f211af3e5e0+0x54e4]
J 17657 C1 br.org.carameloCode.erp.crm.paginas.crmAtendimento.PgProspecto.executarAcao(Lbr/org/carameloCode/erp/modulo/crm/entidadesJPA/prospecto/Pessoa;)V (489 bytes) @ 0x00007f211af43ac4 [0x00007f211af3e5e0+0x54e4]
J 17657 C1 br.org.carameloCode.erp.crm.paginas.crmAtendimento.PgProspecto.executarAcao(Lbr/org/carameloCode/erp/modulo/crm/entidadesJPA/prospecto/Pessoa;)V (489 bytes) @ 0x00007f211af43ac4 [0x00007f211af3e5e0+0x54e4]
J 17657 C1 br.org.carameloCode.erp.crm.paginas.crmAtendimento.PgProspecto.executarAcao(Lbr/org/carameloCode/erp/modulo/crm/entidadesJPA/prospecto/Pessoa;)V (489 bytes) @ 0x00007f211af43ac4 [0x00007f211af3e5e0+0x54e4]
J 17657 C1 br.org.carameloCode.erp.crm.paginas.crmAtendimento.PgProspecto.executarAcao(Lbr/org/carameloCode/erp/modulo/crm/entidadesJPA/prospecto/Pessoa;)V (489 bytes) @ 0x00007f211af43ac4 [0x00007f211af3e5e0+0x54e4]
J 17657 C1 br.org.carameloCode.erp.crm.paginas.crmAtendimento.PgProspecto.executarAcao(Lbr/org/carameloCode/erp/modulo/crm/entidadesJPA/prospecto/Pessoa;)V (489 bytes) @ 0x00007f211af43ac4 [0x00007f211af3e5e0+0x54e4]
J 17657 C1 br.org.carameloCode.erp.crm.paginas.crmAtendimento.PgProspecto.executarAcao(Lbr/org/carameloCode/erp/modulo/crm/entidadesJPA/prospecto/Pessoa;)V (489 bytes) @ 0x00007f211af43ac4 [0x00007f211af3e5e0+0x54e4]
J 17657 C1 br.org.carameloCode.erp.crm.paginas.crmAtendimento.PgProspecto.executarAcao(Lbr/org/carameloCode/erp/modulo/crm/entidadesJPA/prospecto/Pessoa;)V (489 bytes) @ 0x00007f211af43ac4 [0x00007f211af3e5e0+0x54e4]
J 17657 C1 br.org.carameloCode.erp.crm.paginas.crmAtendimento.PgProspecto.executarAcao(Lbr/org/carameloCode/erp/modulo/crm/entidadesJPA/prospecto/Pessoa;)V (489 bytes) @ 0x00007f211af43ac4 [0x00007f211af3e5e0+0x54e4]
J 17657 C1 br.org.carameloCode.erp.crm.paginas.crmAtendimento.PgProspecto.executarAcao(Lbr/org/carameloCode/erp/modulo/crm/entidadesJPA/prospecto/Pessoa;)V (489 bytes) @ 0x00007f211af43ac4 [0x00007f211af3e5e0+0x54e4]
J 17657 C1 br.org.carameloCode.erp.crm.paginas.crmAtendimento.PgProspecto.executarAcao(Lbr/org/carameloCode/erp/modulo/crm/entidadesJPA/prospecto/Pessoa;)V (489 bytes) @ 0x00007f211af43ac4 [0x00007f211af3e5e0+0x54e4]
J 17657 C1 br.org.carameloCode.erp.crm.paginas.crmAtendimento.PgProspecto.executarAcao(Lbr/org/carameloCode/erp/modulo/crm/entidadesJPA/prospecto/Pessoa;)V (489 bytes) @ 0x00007f211af43ac4 [0x00007f211af3e5e0+0x54e4]
J 17657 C1 br.org.carameloCode.erp.crm.paginas.crmAtendimento.PgProspecto.executarAcao(Lbr/org/carameloCode/erp/modulo/crm/entidadesJPA/prospecto/Pessoa;)V (489 bytes) @ 0x00007f211af43ac4 [0x00007f211af3e5e0+0x54e4]
J 17657 C1 br.org.carameloCode.erp.crm.paginas.crmAtendimento.PgProspecto.executarAcao(Lbr/org/carameloCode/erp/modulo/crm/entidadesJPA/prospecto/Pessoa;)V (489 bytes) @ 0x00007f211af43ac4 [0x00007f211af3e5e0+0x54e4]
J 17657 C1 br.org.carameloCode.erp.crm.paginas.crmAtendimento.PgProspecto.executarAcao(Lbr/org/carameloCode/erp/modulo/crm/entidadesJPA/prospecto/Pessoa;)V (489 bytes) @ 0x00007f211af43ac4 [0x00007f211af3e5e0+0x54e4]
J 17657 C1 br.org.carameloCode.erp.crm.paginas.crmAtendimento.PgProspecto.executarAcao(Lbr/org/carameloCode/erp/modulo/crm/entidadesJPA/prospecto/Pessoa;)V (489 bytes) @ 0x00007f211af43ac4 [0x00007f211af3e5e0+0x54e4]
J 17657 C1 br.org.carameloCode.erp.crm.paginas.crmAtendimento.PgProspecto.executarAcao(Lbr/org/carameloCode/erp/modulo/crm/entidadesJPA/prospecto/Pessoa;)V (489 bytes) @ 0x00007f211af43ac4 [0x00007f211af3e5e0+0x54e4]
J 17657 C1 br.org.carameloCode.erp.crm.paginas.crmAtendimento.PgProspecto.executarAcao(Lbr/org/carameloCode/erp/modulo/crm/entidadesJPA/prospecto/Pessoa;)V (489 bytes) @ 0x00007f211af43ac4 [0x00007f211af3e5e0+0x54e4]
J 17657 C1 br.org.carameloCode.erp.crm.paginas.crmAtendimento.PgProspecto.executarAcao(Lbr/org/carameloCode/erp/modulo/crm/entidadesJPA/prospecto/Pessoa;)V (489 bytes) @ 0x00007f211af43ac4 [0x00007f211af3e5e0+0x54e4]
J 17657 C1 br.org.carameloCode.erp.crm.paginas.crmAtendimento.PgProspecto.executarAcao(Lbr/org/carameloCode/erp/modulo/crm/entidadesJPA/prospecto/Pessoa;)V (489 bytes) @ 0x00007f211af43ac4 [0x00007f211af3e5e0+0x54e4]
J 17657 C1 br.org.carameloCode.erp.crm.paginas.crmAtendimento.PgProspecto.executarAcao(Lbr/org/carameloCode/erp/modulo/crm/entidadesJPA/prospecto/Pessoa;)V (489 bytes) @ 0x00007f211af43ac4 [0x00007f211af3e5e0+0x54e4]
J 17657 C1 br.org.carameloCode.erp.crm.paginas.crmAtendimento.PgProspecto.executarAcao(Lbr/org/carameloCode/erp/modulo/crm/entidadesJPA/prospecto/Pessoa;)V (489 bytes) @ 0x00007f211af43ac4 [0x00007f211af3e5e0+0x54e4]
J 17657 C1 br.org.carameloCode.erp.crm.paginas.crmAtendimento.PgProspecto.executarAcao(Lbr/org/carameloCode/erp/modulo/crm/entidadesJPA/prospecto/Pessoa;)V (489 bytes) @ 0x00007f211af43ac4 [0x00007f211af3e5e0+0x54e4]
J 17657 C1 br.org.carameloCode.erp.crm.paginas.crmAtendimento.PgProspecto.executarAcao(Lbr/org/carameloCode/erp/modulo/crm/entidadesJPA/prospecto/Pessoa;)V (489 bytes) @ 0x00007f211af43ac4 [0x00007f211af3e5e0+0x54e4]
J 17657 C1 br.org.carameloCode.erp.crm.paginas.crmAtendimento.PgProspecto.executarAcao(Lbr/org/carameloCode/erp/modulo/crm/entidadesJPA/prospecto/Pessoa;)V (489 bytes) @ 0x00007f211af43ac4 [0x00007f211af3e5e0+0x54e4]
J 17657 C1 br.org.carameloCode.erp.crm.paginas.crmAtendimento.PgProspecto.executarAcao(Lbr/org/carameloCode/erp/modulo/crm/entidadesJPA/prospecto/Pessoa;)V (489 bytes) @ 0x00007f211af43ac4 [0x00007f211af3e5e0+0x54e4]
J 17657 C1 br.org.carameloCode.erp.crm.paginas.crmAtendimento.PgProspecto.executarAcao(Lbr/org/carameloCode/erp/modulo/crm/entidadesJPA/prospecto/Pessoa;)V (489 bytes) @ 0x00007f211af43ac4 [0x00007f211af3e5e0+0x54e4]
J 17657 C1 br.org.carameloCode.erp.crm.paginas.crmAtendimento.PgProspecto.executarAcao(Lbr/org/carameloCode/erp/modulo/crm/entidadesJPA/prospecto/Pessoa;)V (489 bytes) @ 0x00007f211af43ac4 [0x00007f211af3e5e0+0x54e4]
J 17657 C1 br.org.carameloCode.erp.crm.paginas.crmAtendimento.PgProspecto.executarAcao(Lbr/org/carameloCode/erp/modulo/crm/entidadesJPA/prospecto/Pessoa;)V (489 bytes) @ 0x00007f211af43ac4 [0x00007f211af3e5e0+0x54e4]
J 17657 C1 br.org.carameloCode.erp.crm.paginas.crmAtendimento.PgProspecto.executarAcao(Lbr/org/carameloCode/erp/modulo/crm/entidadesJPA/prospecto/Pessoa;)V (489 bytes) @ 0x00007f211af43ac4 [0x00007f211af3e5e0+0x54e4]
J 17657 C1 br.org.carameloCode.erp.crm.paginas.crmAtendimento.PgProspecto.executarAcao(Lbr/org/carameloCode/erp/modulo/crm/entidadesJPA/prospecto/Pessoa;)V (489 bytes) @ 0x00007f211af43ac4 [0x00007f211af3e5e0+0x54e4]
J 17657 C1 br.org.carameloCode.erp.crm.paginas.crmAtendimento.PgProspecto.executarAcao(Lbr/org/carameloCode/erp/modulo/crm/entidadesJPA/prospecto/Pessoa;)V (489 bytes) @ 0x00007f211af43ac4 [0x00007f211af3e5e0+0x54e4]
J 17657 C1 br.org.carameloCode.erp.crm.paginas.crmAtendimento.PgProspecto.executarAcao(Lbr/org/carameloCode/erp/modulo/crm/entidadesJPA/prospecto/Pessoa;)V (489 bytes) @ 0x00007f211af43ac4 [0x00007f211af3e5e0+0x54e4]
J 17657 C1 br.org.carameloCode.erp.crm.paginas.crmAtendimento.PgProspecto.executarAcao(Lbr/org/carameloCode/erp/modulo/crm/entidadesJPA/prospecto/Pessoa;)V (489 bytes) @ 0x00007f211af43ac4 [0x00007f211af3e5e0+0x54e4]
J 17657 C1 br.org.carameloCode.erp.crm.paginas.crmAtendimento.PgProspecto.executarAcao(Lbr/org/carameloCode/erp/modulo/crm/entidadesJPA/prospecto/Pessoa;)V (489 bytes) @ 0x00007f211af43ac4 [0x00007f211af3e5e0+0x54e4]
J 17657 C1 br.org.carameloCode.erp.crm.paginas.crmAtendimento.PgProspecto.executarAcao(Lbr/org/carameloCode/erp/modulo/crm/entidadesJPA/prospecto/Pessoa;)V (489 bytes) @ 0x00007f211af43ac4 [0x00007f211af3e5e0+0x54e4]
J 17657 C1 br.org.carameloCode.erp.crm.paginas.crmAtendimento.PgProspecto.executarAcao(Lbr/org/carameloCode/erp/modulo/crm/entidadesJPA/prospecto/Pessoa;)V (489 bytes) @ 0x00007f211af43ac4 [0x00007f211af3e5e0+0x54e4]
J 17657 C1 br.org.carameloCode.erp.crm.paginas.crmAtendimento.PgProspecto.executarAcao(Lbr/org/carameloCode/erp/modulo/crm/entidadesJPA/prospecto/Pessoa;)V (489 bytes) @ 0x00007f211af43ac4 [0x00007f211af3e5e0+0x54e4]
J 17657 C1 br.org.carameloCode.erp.crm.paginas.crmAtendimento.PgProspecto.executarAcao(Lbr/org/carameloCode/erp/modulo/crm/entidadesJPA/prospecto/Pessoa;)V (489 bytes) @ 0x00007f211af43ac4 [0x00007f211af3e5e0+0x54e4]
J 17657 C1 br.org.carameloCode.erp.crm.paginas.crmAtendimento.PgProspecto.executarAcao(Lbr/org/carameloCode/erp/modulo/crm/entidadesJPA/prospecto/Pessoa;)V (489 bytes) @ 0x00007f211af43ac4 [0x00007f211af3e5e0+0x54e4]
J 17657 C1 br.org.carameloCode.erp.crm.paginas.crmAtendimento.PgProspecto.executarAcao(Lbr/org/carameloCode/erp/modulo/crm/entidadesJPA/prospecto/Pessoa;)V (489 bytes) @ 0x00007f211af43ac4 [0x00007f211af3e5e0+0x54e4]
J 17657 C1 br.org.carameloCode.erp.crm.paginas.crmAtendimento.PgProspecto.executarAcao(Lbr/org/carameloCode/erp/modulo/crm/entidadesJPA/prospecto/Pessoa;)V (489 bytes) @ 0x00007f211af43ac4 [0x00007f211af3e5e0+0x54e4]
J 17657 C1 br.org.carameloCode.erp.crm.paginas.crmAtendimento.PgProspecto.executarAcao(Lbr/org/carameloCode/erp/modulo/crm/entidadesJPA/prospecto/Pessoa;)V (489 bytes) @ 0x00007f211af43ac4 [0x00007f211af3e5e0+0x54e4]
J 17657 C1 br.org.carameloCode.erp.crm.paginas.crmAtendimento.PgProspecto.executarAcao(Lbr/org/carameloCode/erp/modulo/crm/entidadesJPA/prospecto/Pessoa;)V (489 bytes) @ 0x00007f211af43ac4 [0x00007f211af3e5e0+0x54e4]
J 17657 C1 br.org.carameloCode.erp.crm.paginas.crmAtendimento.PgProspecto.executarAcao(Lbr/org/carameloCode/erp/modulo/crm/entidadesJPA/prospecto/Pessoa;)V (489 bytes) @ 0x00007f211af43ac4 [0x00007f211af3e5e0+0x54e4]
J 17657 C1 br.org.carameloCode.erp.crm.paginas.crmAtendimento.PgProspecto.executarAcao(Lbr/org/carameloCode/erp/modulo/crm/entidadesJPA/prospecto/Pessoa;)V (489 bytes) @ 0x00007f211af43ac4 [0x00007f211af3e5e0+0x54e4]
J 17657 C1 br.org.carameloCode.erp.crm.paginas.crmAtendimento.PgProspecto.executarAcao(Lbr/org/carameloCode/erp/modulo/crm/entidadesJPA/prospecto/Pessoa;)V (489 bytes) @ 0x00007f211af43ac4 [0x00007f211af3e5e0+0x54e4]
J 17657 C1 br.org.carameloCode.erp.crm.paginas.crmAtendimento.PgProspecto.executarAcao(Lbr/org/carameloCode/erp/modulo/crm/entidadesJPA/prospecto/Pessoa;)V (489 bytes) @ 0x00007f211af43ac4 [0x00007f211af3e5e0+0x54e4]
J 17657 C1 br.org.carameloCode.erp.crm.paginas.crmAtendimento.PgProspecto.executarAcao(Lbr/org/carameloCode/erp/modulo/crm/entidadesJPA/prospecto/Pessoa;)V (489 bytes) @ 0x00007f211af43ac4 [0x00007f211af3e5e0+0x54e4]
J 17657 C1 br.org.carameloCode.erp.crm.paginas.crmAtendimento.PgProspecto.executarAcao(Lbr/org/carameloCode/erp/modulo/crm/entidadesJPA/prospecto/Pessoa;)V (489 bytes) @ 0x00007f211af43ac4 [0x00007f211af3e5e0+0x54e4]
J 17657 C1 br.org.carameloCode.erp.crm.paginas.crmAtendimento.PgProspecto.executarAcao(Lbr/org/carameloCode/erp/modulo/crm/entidadesJPA/prospecto/Pessoa;)V (489 bytes) @ 0x00007f211af43ac4 [0x00007f211af3e5e0+0x54e4]
J 17657 C1 br.org.carameloCode.erp.crm.paginas.crmAtendimento.PgProspecto.executarAcao(Lbr/org/carameloCode/erp/modulo/crm/entidadesJPA/prospecto/Pessoa;)V (489 bytes) @ 0x00007f211af43ac4 [0x00007f211af3e5e0+0x54e4]
J 17657 C1 br.org.carameloCode.erp.crm.paginas.crmAtendimento.PgProspecto.executarAcao(Lbr/org/carameloCode/erp/modulo/crm/entidadesJPA/prospecto/Pessoa;)V (489 bytes) @ 0x00007f211af43ac4 [0x00007f211af3e5e0+0x54e4]
J 17657 C1 br.org.carameloCode.erp.crm.paginas.crmAtendimento.PgProspecto.executarAcao(Lbr/org/carameloCode/erp/modulo/crm/entidadesJPA/prospecto/Pessoa;)V (489 bytes) @ 0x00007f211af43ac4 [0x00007f211af3e5e0+0x54e4]
J 17657 C1 br.org.carameloCode.erp.crm.paginas.crmAtendimento.PgProspecto.executarAcao(Lbr/org/carameloCode/erp/modulo/crm/entidadesJPA/prospecto/Pessoa;)V (489 bytes) @ 0x00007f211af43ac4 [0x00007f211af3e5e0+0x54e4]
J 17657 C1 br.org.carameloCode.erp.crm.paginas.crmAtendimento.PgProspecto.executarAcao(Lbr/org/carameloCode/erp/modulo/crm/entidadesJPA/prospecto/Pessoa;)V (489 bytes) @ 0x00007f211af43ac4 [0x00007f211af3e5e0+0x54e4]
J 17657 C1 br.org.carameloCode.erp.crm.paginas.crmAtendimento.PgProspecto.executarAcao(Lbr/org/carameloCode/erp/modulo/crm/entidadesJPA/prospecto/Pessoa;)V (489 bytes) @ 0x00007f211af43ac4 [0x00007f211af3e5e0+0x54e4]
J 17657 C1 br.org.carameloCode.erp.crm.paginas.crmAtendimento.PgProspecto.executarAcao(Lbr/org/carameloCode/erp/modulo/crm/entidadesJPA/prospecto/Pessoa;)V (489 bytes) @ 0x00007f211af43ac4 [0x00007f211af3e5e0+0x54e4]
J 17657 C1 br.org.carameloCode.erp.crm.paginas.crmAtendimento.PgProspecto.executarAcao(Lbr/org/carameloCode/erp/modulo/crm/entidadesJPA/prospecto/Pessoa;)V (489 bytes) @ 0x00007f211af43ac4 [0x00007f211af3e5e0+0x54e4]
J 17657 C1 br.org.carameloCode.erp.crm.paginas.crmAtendimento.PgProspecto.executarAcao(Lbr/org/carameloCode/erp/modulo/crm/entidadesJPA/prospecto/Pessoa;)V (489 bytes) @ 0x00007f211af43ac4 [0x00007f211af3e5e0+0x54e4]
J 17657 C1 br.org.carameloCode.erp.crm.paginas.crmAtendimento.PgProspecto.executarAcao(Lbr/org/carameloCode/erp/modulo/crm/entidadesJPA/prospecto/Pessoa;)V (489 bytes) @ 0x00007f211af43ac4 [0x00007f211af3e5e0+0x54e4]
J 17657 C1 br.org.carameloCode.erp.crm.paginas.crmAtendimento.PgProspecto.executarAcao(Lbr/org/carameloCode/erp/modulo/crm/entidadesJPA/prospecto/Pessoa;)V (489 bytes) @ 0x00007f211af43ac4 [0x00007f211af3e5e0+0x54e4]
J 17657 C1 br.org.carameloCode.erp.crm.paginas.crmAtendimento.PgProspecto.executarAcao(Lbr/org/carameloCode/erp/modulo/crm/entidadesJPA/prospecto/Pessoa;)V (489 bytes) @ 0x00007f211af43ac4 [0x00007f211af3e5e0+0x54e4]
J 17657 C1 br.org.carameloCode.erp.crm.paginas.crmAtendimento.PgProspecto.executarAcao(Lbr/org/carameloCode/erp/modulo/crm/entidadesJPA/prospecto/Pessoa;)V (489 bytes) @ 0x00007f211af43ac4 [0x00007f211af3e5e0+0x54e4]
J 17657 C1 br.org.carameloCode.erp.crm.paginas.crmAtendimento.PgProspecto.executarAcao(Lbr/org/carameloCode/erp/modulo/crm/entidadesJPA/prospecto/Pessoa;)V (489 bytes) @ 0x00007f211af43ac4 [0x00007f211af3e5e0+0x54e4]
J 17657 C1 br.org.carameloCode.erp.crm.paginas.crmAtendimento.PgProspecto.executarAcao(Lbr/org/carameloCode/erp/modulo/crm/entidadesJPA/prospecto/Pessoa;)V (489 bytes) @ 0x00007f211af43ac4 [0x00007f211af3e5e0+0x54e4]
J 17657 C1 br.org.carameloCode.erp.crm.paginas.crmAtendimento.PgProspecto.executarAcao(Lbr/org/carameloCode/erp/modulo/crm/entidadesJPA/prospecto/Pessoa;)V (489 bytes) @ 0x00007f211af43ac4 [0x00007f211af3e5e0+0x54e4]
J 17657 C1 br.org.carameloCode.erp.crm.paginas.crmAtendimento.PgProspecto.executarAcao(Lbr/org/carameloCode/erp/modulo/crm/entidadesJPA/prospecto/Pessoa;)V (489 bytes) @ 0x00007f211af43ac4 [0x00007f211af3e5e0+0x54e4]
J 17657 C1 br.org.carameloCode.erp.crm.paginas.crmAtendimento.PgProspecto.executarAcao(Lbr/org/carameloCode/erp/modulo/crm/entidadesJPA/prospecto/Pessoa;)V (489 bytes) @ 0x00007f211af43ac4 [0x00007f211af3e5e0+0x54e4]
J 17657 C1 br.org.carameloCode.erp.crm.paginas.crmAtendimento.PgProspecto.executarAcao(Lbr/org/carameloCode/erp/modulo/crm/entidadesJPA/prospecto/Pessoa;)V (489 bytes) @ 0x00007f211af43ac4 [0x00007f211af3e5e0+0x54e4]
J 17657 C1 br.org.carameloCode.erp.crm.paginas.crmAtendimento.PgProspecto.executarAcao(Lbr/org/carameloCode/erp/modulo/crm/entidadesJPA/prospecto/Pessoa;)V (489 bytes) @ 0x00007f211af43ac4 [0x00007f211af3e5e0+0x54e4]
J 17657 C1 br.org.carameloCode.erp.crm.paginas.crmAtendimento.PgProspecto.executarAcao(Lbr/org/carameloCode/erp/modulo/crm/entidadesJPA/prospecto/Pessoa;)V (489 bytes) @ 0x00007f211af43ac4 [0x00007f211af3e5e0+0x54e4]
J 17657 C1 br.org.carameloCode.erp.crm.paginas.crmAtendimento.PgProspecto.executarAcao(Lbr/org/carameloCode/erp/modulo/crm/entidadesJPA/prospecto/Pessoa;)V (489 bytes) @ 0x00007f211af43ac4 [0x00007f211af3e5e0+0x54e4]
J 17657 C1 br.org.carameloCode.erp.crm.paginas.crmAtendimento.PgProspecto.executarAcao(Lbr/org/carameloCode/erp/modulo/crm/entidadesJPA/prospecto/Pessoa;)V (489 bytes) @ 0x00007f211af43ac4 [0x00007f211af3e5e0+0x54e4]
J 17657 C1 br.org.carameloCode.erp.crm.paginas.crmAtendimento.PgProspecto.executarAcao(Lbr/org/carameloCode/erp/modulo/crm/entidadesJPA/prospecto/Pessoa;)V (489 bytes) @ 0x00007f211af43ac4 [0x00007f211af3e5e0+0x54e4]
J 17657 C1 br.org.carameloCode.erp.crm.paginas.crmAtendimento.PgProspecto.executarAcao(Lbr/org/carameloCode/erp/modulo/crm/entidadesJPA/prospecto/Pessoa;)V (489 bytes) @ 0x00007f211af43ac4 [0x00007f211af3e5e0+0x54e4]
J 17657 C1 br.org.carameloCode.erp.crm.paginas.crmAtendimento.PgProspecto.executarAcao(Lbr/org/carameloCode/erp/modulo/crm/entidadesJPA/prospecto/Pessoa;)V (489 bytes) @ 0x00007f211af43ac4 [0x00007f211af3e5e0+0x54e4]
J 17657 C1 br.org.carameloCode.erp.crm.paginas.crmAtendimento.PgProspecto.executarAcao(Lbr/org/carameloCode/erp/modulo/crm/entidadesJPA/prospecto/Pessoa;)V (489 bytes) @ 0x00007f211af43ac4 [0x00007f211af3e5e0+0x54e4]
J 17657 C1 br.org.carameloCode.erp.crm.paginas.crmAtendimento.PgProspecto.executarAcao(Lbr/org/carameloCode/erp/modulo/crm/entidadesJPA/prospecto/Pessoa;)V (489 bytes) @ 0x00007f211af43ac4 [0x00007f211af3e5e0+0x54e4]
J 17657 C1 br.org.carameloCode.erp.crm.paginas.crmAtendimento.PgProspecto.executarAcao(Lbr/org/carameloCode/erp/modulo/crm/entidadesJPA/prospecto/Pessoa;)V (489 bytes) @ 0x00007f211af43ac4 [0x00007f211af3e5e0+0x54e4]
J 17657 C1 br.org.carameloCode.erp.crm.paginas.crmAtendimento.PgProspecto.executarAcao(Lbr/org/carameloCode/erp/modulo/crm/entidadesJPA/prospecto/Pessoa;)V (489 bytes) @ 0x00007f211af43ac4 [0x00007f211af3e5e0+0x54e4]
J 17657 C1 br.org.carameloCode.erp.crm.paginas.crmAtendimento.PgProspecto.executarAcao(Lbr/org/carameloCode/erp/modulo/crm/entidadesJPA/prospecto/Pessoa;)V (489 bytes) @ 0x00007f211af43ac4 [0x00007f211af3e5e0+0x54e4]
J 17657 C1 br.org.carameloCode.erp.crm.paginas.crmAtendimento.PgProspecto.executarAcao(Lbr/org/carameloCode/erp/modulo/crm/entidadesJPA/prospecto/Pessoa;)V (489 bytes) @ 0x00007f211af43ac4 [0x00007f211af3e5e0+0x54e4]
J 17657 C1 br.org.carameloCode.erp.crm.paginas.crmAtendimento.PgProspecto.executarAcao(Lbr/org/carameloCode/erp/modulo/crm/entidadesJPA/prospecto/Pessoa;)V (489 bytes) @ 0x00007f211af43ac4 [0x00007f211af3e5e0+0x54e4]
J 17657 C1 br.org.carameloCode.erp.crm.paginas.crmAtendimento.PgProspecto.executarAcao(Lbr/org/carameloCode/erp/modulo/crm/entidadesJPA/prospecto/Pessoa;)V (489 bytes) @ 0x00007f211af43ac4 [0x00007f211af3e5e0+0x54e4]
J 17657 C1 br.org.carameloCode.erp.crm.paginas.crmAtendimento.PgProspecto.executarAcao(Lbr/org/carameloCode/erp/modulo/crm/entidadesJPA/prospecto/Pessoa;)V (489 bytes) @ 0x00007f211af43ac4 [0x00007f211af3e5e0+0x54e4]
J 17657 C1 br.org.carameloCode.erp.crm.paginas.crmAtendimento.PgProspecto.executarAcao(Lbr/org/carameloCode/erp/modulo/crm/entidadesJPA/prospecto/Pessoa;)V (489 bytes) @ 0x00007f211af43ac4 [0x00007f211af3e5e0+0x54e4]
J 17657 C1 br.org.carameloCode.erp.crm.paginas.crmAtendimento.PgProspecto.executarAcao(Lbr/org/carameloCode/erp/modulo/crm/entidadesJPA/prospecto/Pessoa;)V (489 bytes) @ 0x00007f211af43ac4 [0x00007f211af3e5e0+0x54e4]
J 17657 C1 br.org.carameloCode.erp.crm.paginas.crmAtendimento.PgProspecto.executarAcao(Lbr/org/carameloCode/erp/modulo/crm/entidadesJPA/prospecto/Pessoa;)V (489 bytes) @ 0x00007f211af43ac4 [0x00007f211af3e5e0+0x54e4]
J 17657 C1 br.org.carameloCode.erp.crm.paginas.crmAtendimento.PgProspecto.executarAcao(Lbr/org/carameloCode/erp/modulo/crm/entidadesJPA/prospecto/Pessoa;)V (489 bytes) @ 0x00007f211af43ac4 [0x00007f211af3e5e0+0x54e4]
J 17657 C1 br.org.carameloCode.erp.crm.paginas.crmAtendimento.PgProspecto.executarAcao(Lbr/org/carameloCode/erp/modulo/crm/entidadesJPA/prospecto/Pessoa;)V (489 bytes) @ 0x00007f211af43ac4 [0x00007f211af3e5e0+0x54e4]
J 17657 C1 br.org.carameloCode.erp.crm.paginas.crmAtendimento.PgProspecto.executarAcao(Lbr/org/carameloCode/erp/modulo/crm/entidadesJPA/prospecto/Pessoa;)V (489 bytes) @ 0x00007f211af43ac4 [0x00007f211af3e5e0+0x54e4]
J 17657 C1 br.org.carameloCode.erp.crm.paginas.crmAtendimento.PgProspecto.executarAcao(Lbr/org/carameloCode/erp/modulo/crm/entidadesJPA/prospecto/Pessoa;)V (489 bytes) @ 0x00007f211af43ac4 [0x00007f211af3e5e0+0x54e4]
J 17657 C1 br.org.carameloCode.erp.crm.paginas.crmAtendimento.PgProspecto.executarAcao(Lbr/org/carameloCode/erp/modulo/crm/entidadesJPA/prospecto/Pessoa;)V (489 bytes) @ 0x00007f211af43ac4 [0x00007f211af3e5e0+0x54e4]
J 17657 C1 br.org.carameloCode.erp.crm.paginas.crmAtendimento.PgProspecto.executarAcao(Lbr/org/carameloCode/erp/modulo/crm/entidadesJPA/prospecto/Pessoa;)V (489 bytes) @ 0x00007f211af43ac4 [0x00007f211af3e5e0+0x54e4]
J 17657 C1 br.org.carameloCode.erp.crm.paginas.crmAtendimento.PgProspecto.executarAcao(Lbr/org/carameloCode/erp/modulo/crm/entidadesJPA/prospecto/Pessoa;)V (489 bytes) @ 0x00007f211af43ac4 [0x00007f211af3e5e0+0x54e4]
J 17657 C1 br.org.carameloCode.erp.crm.paginas.crmAtendimento.PgProspecto.executarAcao(Lbr/org/carameloCode/erp/modulo/crm/entidadesJPA/prospecto/Pessoa;)V (489 bytes) @ 0x00007f211af43ac4 [0x00007f211af3e5e0+0x54e4]
J 17657 C1 br.org.carameloCode.erp.crm.paginas.crmAtendimento.PgProspecto.executarAcao(Lbr/org/carameloCode/erp/modulo/crm/entidadesJPA/prospecto/Pessoa;)V (489 bytes) @ 0x00007f211af43ac4 [0x00007f211af3e5e0+0x54e4]
J 17657 C1 br.org.carameloCode.erp.crm.paginas.crmAtendimento.PgProspecto.executarAcao(Lbr/org/carameloCode/erp/modulo/crm/entidadesJPA/prospecto/Pessoa;)V (489 bytes) @ 0x00007f211af43ac4 [0x00007f211af3e5e0+0x54e4]
J 17657 C1 br.org.carameloCode.erp.crm.paginas.crmAtendimento.PgProspecto.executarAcao(Lbr/org/carameloCode/erp/modulo/crm/entidadesJPA/prospecto/Pessoa;)V (489 bytes) @ 0x00007f211af43ac4 [0x00007f211af3e5e0+0x54e4]
J 17657 C1 br.org.carameloCode.erp.crm.paginas.crmAtendimento.PgProspecto.executarAcao(Lbr/org/carameloCode/erp/modulo/crm/entidadesJPA/prospecto/Pessoa;)V (489 bytes) @ 0x00007f211af43ac4 [0x00007f211af3e5e0+0x54e4]
J 17657 C1 br.org.carameloCode.erp.crm.paginas.crmAtendimento.PgProspecto.executarAcao(Lbr/org/carameloCode/erp/modulo/crm/entidadesJPA/prospecto/Pessoa;)V (489 bytes) @ 0x00007f211af43ac4 [0x00007f211af3e5e0+0x54e4]
J 17657 C1 br.org.carameloCode.erp.crm.paginas.crmAtendimento.PgProspecto.executarAcao(Lbr/org/carameloCode/erp/modulo/crm/entidadesJPA/prospecto/Pessoa;)V (489 bytes) @ 0x00007f211af43ac4 [0x00007f211af3e5e0+0x54e4]
J 17657 C1 br.org.carameloCode.erp.crm.paginas.crmAtendimento.PgProspecto.executarAcao(Lbr/org/carameloCode/erp/modulo/crm/entidadesJPA/prospecto/Pessoa;)V (489 bytes) @ 0x00007f211af43ac4 [0x00007f211af3e5e0+0x54e4]
J 17657 C1 br.org.carameloCode.erp.crm.paginas.crmAtendimento.PgProspecto.executarAcao(Lbr/org/carameloCode/erp/modulo/crm/entidadesJPA/prospecto/Pessoa;)V (489 bytes) @ 0x00007f211af43ac4 [0x00007f211af3e5e0+0x54e4]
J 17657 C1 br.org.carameloCode.erp.crm.paginas.crmAtendimento.PgProspecto.executarAcao(Lbr/org/carameloCode/erp/modulo/crm/entidadesJPA/prospecto/Pessoa;)V (489 bytes) @ 0x00007f211af43ac4 [0x00007f211af3e5e0+0x54e4]
J 17657 C1 br.org.carameloCode.erp.crm.paginas.crmAtendimento.PgProspecto.executarAcao(Lbr/org/carameloCode/erp/modulo/crm/entidadesJPA/prospecto/Pessoa;)V (489 bytes) @ 0x00007f211af43ac4 [0x00007f211af3e5e0+0x54e4]
J 17657 C1 br.org.carameloCode.erp.crm.paginas.crmAtendimento.PgProspecto.executarAcao(Lbr/org/carameloCode/erp/modulo/crm/entidadesJPA/prospecto/Pessoa;)V (489 bytes) @ 0x00007f211af43ac4 [0x00007f211af3e5e0+0x54e4]
J 17657 C1 br.org.carameloCode.erp.crm.paginas.crmAtendimento.PgProspecto.executarAcao(Lbr/org/carameloCode/erp/modulo/crm/entidadesJPA/prospecto/Pessoa;)V (489 bytes) @ 0x00007f211af43ac4 [0x00007f211af3e5e0+0x54e4]
J 17657 C1 br.org.carameloCode.erp.crm.paginas.crmAtendimento.PgProspecto.executarAcao(Lbr/org/carameloCode/erp/modulo/crm/entidadesJPA/prospecto/Pessoa;)V (489 bytes) @ 0x00007f211af43ac4 [0x00007f211af3e5e0+0x54e4]
J 17657 C1 br.org.carameloCode.erp.crm.paginas.crmAtendimento.PgProspecto.executarAcao(Lbr/org/carameloCode/erp/modulo/crm/entidadesJPA/prospecto/Pessoa;)V (489 bytes) @ 0x00007f211af43ac4 [0x00007f211af3e5e0+0x54e4]
J 17657 C1 br.org.carameloCode.erp.crm.paginas.crmAtendimento.PgProspecto.executarAcao(Lbr/org/carameloCode/erp/modulo/crm/entidadesJPA/prospecto/Pessoa;)V (489 bytes) @ 0x00007f211af43ac4 [0x00007f211af3e5e0+0x54e4]
J 17657 C1 br.org.carameloCode.erp.crm.paginas.crmAtendimento.PgProspecto.executarAcao(Lbr/org/carameloCode/erp/modulo/crm/entidadesJPA/prospecto/Pessoa;)V (489 bytes) @ 0x00007f211af43ac4 [0x00007f211af3e5e0+0x54e4]
J 17657 C1 br.org.carameloCode.erp.crm.paginas.crmAtendimento.PgProspecto.executarAcao(Lbr/org/carameloCode/erp/modulo/crm/entidadesJPA/prospecto/Pessoa;)V (489 bytes) @ 0x00007f211af43ac4 [0x00007f211af3e5e0+0x54e4]
J 17657 C1 br.org.carameloCode.erp.crm.paginas.crmAtendimento.PgProspecto.executarAcao(Lbr/org/carameloCode/erp/modulo/crm/entidadesJPA/prospecto/Pessoa;)V (489 bytes) @ 0x00007f211af43ac4 [0x00007f211af3e5e0+0x54e4]
J 17657 C1 br.org.carameloCode.erp.crm.paginas.crmAtendimento.PgProspecto.executarAcao(Lbr/org/carameloCode/erp/modulo/crm/entidadesJPA/prospecto/Pessoa;)V (489 bytes) @ 0x00007f211af43ac4 [0x00007f211af3e5e0+0x54e4]
J 17657 C1 br.org.carameloCode.erp.crm.paginas.crmAtendimento.PgProspecto.executarAcao(Lbr/org/carameloCode/erp/modulo/crm/entidadesJPA/prospecto/Pessoa;)V (489 bytes) @ 0x00007f211af43ac4 [0x00007f211af3e5e0+0x54e4]
J 17657 C1 br.org.carameloCode.erp.crm.paginas.crmAtendimento.PgProspecto.executarAcao(Lbr/org/carameloCode/erp/modulo/crm/entidadesJPA/prospecto/Pessoa;)V (489 bytes) @ 0x00007f211af43ac4 [0x00007f211af3e5e0+0x54e4]
J 17657 C1 br.org.carameloCode.erp.crm.paginas.crmAtendimento.PgProspecto.executarAcao(Lbr/org/carameloCode/erp/modulo/crm/entidadesJPA/prospecto/Pessoa;)V (489 bytes) @ 0x00007f211af43ac4 [0x00007f211af3e5e0+0x54e4]
J 17657 C1 br.org.carameloCode.erp.crm.paginas.crmAtendimento.PgProspecto.executarAcao(Lbr/org/carameloCode/erp/modulo/crm/entidadesJPA/prospecto/Pessoa;)V (489 bytes) @ 0x00007f211af43ac4 [0x00007f211af3e5e0+0x54e4]
J 17657 C1 br.org.carameloCode.erp.crm.paginas.crmAtendimento.PgProspecto.executarAcao(Lbr/org/carameloCode/erp/modulo/crm/entidadesJPA/prospecto/Pessoa;)V (489 bytes) @ 0x00007f211af43ac4 [0x00007f211af3e5e0+0x54e4]
J 17657 C1 br.org.carameloCode.erp.crm.paginas.crmAtendimento.PgProspecto.executarAcao(Lbr/org/carameloCode/erp/modulo/crm/entidadesJPA/prospecto/Pessoa;)V (489 bytes) @ 0x00007f211af43ac4 [0x00007f211af3e5e0+0x54e4]
J 17657 C1 br.org.carameloCode.erp.crm.paginas.crmAtendimento.PgProspecto.executarAcao(Lbr/org/carameloCode/erp/modulo/crm/entidadesJPA/prospecto/Pessoa;)V (489 bytes) @ 0x00007f211af43ac4 [0x00007f211af3e5e0+0x54e4]
J 17657 C1 br.org.carameloCode.erp.crm.paginas.crmAtendimento.PgProspecto.executarAcao(Lbr/org/carameloCode/erp/modulo/crm/entidadesJPA/prospecto/Pessoa;)V (489 bytes) @ 0x00007f211af43ac4 [0x00007f211af3e5e0+0x54e4]
J 17657 C1 br.org.carameloCode.erp.crm.paginas.crmAtendimento.PgProspecto.executarAcao(Lbr/org/carameloCode/erp/modulo/crm/entidadesJPA/prospecto/Pessoa;)V (489 bytes) @ 0x00007f211af43ac4 [0x00007f211af3e5e0+0x54e4]
J 17657 C1 br.org.carameloCode.erp.crm.paginas.crmAtendimento.PgProspecto.executarAcao(Lbr/org/carameloCode/erp/modulo/crm/entidadesJPA/prospecto/Pessoa;)V (489 bytes) @ 0x00007f211af43ac4 [0x00007f211af3e5e0+0x54e4]
J 17657 C1 br.org.carameloCode.erp.crm.paginas.crmAtendimento.PgProspecto.executarAcao(Lbr/org/carameloCode/erp/modulo/crm/entidadesJPA/prospecto/Pessoa;)V (489 bytes) @ 0x00007f211af43ac4 [0x00007f211af3e5e0+0x54e4]
J 17657 C1 br.org.carameloCode.erp.crm.paginas.crmAtendimento.PgProspecto.executarAcao(Lbr/org/carameloCode/erp/modulo/crm/entidadesJPA/prospecto/Pessoa;)V (489 bytes) @ 0x00007f211af43ac4 [0x00007f211af3e5e0+0x54e4]
J 17657 C1 br.org.carameloCode.erp.crm.paginas.crmAtendimento.PgProspecto.executarAcao(Lbr/org/carameloCode/erp/modulo/crm/entidadesJPA/prospecto/Pessoa;)V (489 bytes) @ 0x00007f211af43ac4 [0x00007f211af3e5e0+0x54e4]
J 17657 C1 br.org.carameloCode.erp.crm.paginas.crmAtendimento.PgProspecto.executarAcao(Lbr/org/carameloCode/erp/modulo/crm/entidadesJPA/prospecto/Pessoa;)V (489 bytes) @ 0x00007f211af43ac4 [0x00007f211af3e5e0+0x54e4]
J 17657 C1 br.org.carameloCode.erp.crm.paginas.crmAtendimento.PgProspecto.executarAcao(Lbr/org/carameloCode/erp/modulo/crm/entidadesJPA/prospecto/Pessoa;)V (489 bytes) @ 0x00007f211af43ac4 [0x00007f211af3e5e0+0x54e4]
J 17657 C1 br.org.carameloCode.erp.crm.paginas.crmAtendimento.PgProspecto.executarAcao(Lbr/org/carameloCode/erp/modulo/crm/entidadesJPA/prospecto/Pessoa;)V (489 bytes) @ 0x00007f211af43ac4 [0x00007f211af3e5e0+0x54e4]
J 17657 C1 br.org.carameloCode.erp.crm.paginas.crmAtendimento.PgProspecto.executarAcao(Lbr/org/carameloCode/erp/modulo/crm/entidadesJPA/prospecto/Pessoa;)V (489 bytes) @ 0x00007f211af43ac4 [0x00007f211af3e5e0+0x54e4]
J 17657 C1 br.org.carameloCode.erp.crm.paginas.crmAtendimento.PgProspecto.executarAcao(Lbr/org/carameloCode/erp/modulo/crm/entidadesJPA/prospecto/Pessoa;)V (489 bytes) @ 0x00007f211af43ac4 [0x00007f211af3e5e0+0x54e4]
J 17657 C1 br.org.carameloCode.erp.crm.paginas.crmAtendimento.PgProspecto.executarAcao(Lbr/org/carameloCode/erp/modulo/crm/entidadesJPA/prospecto/Pessoa;)V (489 bytes) @ 0x00007f211af43ac4 [0x00007f211af3e5e0+0x54e4]
J 17657 C1 br.org.carameloCode.erp.crm.paginas.crmAtendimento.PgProspecto.executarAcao(Lbr/org/carameloCode/erp/modulo/crm/entidadesJPA/prospecto/Pessoa;)V (489 bytes) @ 0x00007f211af43ac4 [0x00007f211af3e5e0+0x54e4]
J 17657 C1 br.org.carameloCode.erp.crm.paginas.crmAtendimento.PgProspecto.executarAcao(Lbr/org/carameloCode/erp/modulo/crm/entidadesJPA/prospecto/Pessoa;)V (489 bytes) @ 0x00007f211af43ac4 [0x00007f211af3e5e0+0x54e4]
J 17657 C1 br.org.carameloCode.erp.crm.paginas.crmAtendimento.PgProspecto.executarAcao(Lbr/org/carameloCode/erp/modulo/crm/entidadesJPA/prospecto/Pessoa;)V (489 bytes) @ 0x00007f211af43ac4 [0x00007f211af3e5e0+0x54e4]
J 17657 C1 br.org.carameloCode.erp.crm.paginas.crmAtendimento.PgProspecto.executarAcao(Lbr/org/carameloCode/erp/modulo/crm/entidadesJPA/prospecto/Pessoa;)V (489 bytes) @ 0x00007f211af43ac4 [0x00007f211af3e5e0+0x54e4]
J 17657 C1 br.org.carameloCode.erp.crm.paginas.crmAtendimento.PgProspecto.executarAcao(Lbr/org/carameloCode/erp/modulo/crm/entidadesJPA/prospecto/Pessoa;)V (489 bytes) @ 0x00007f211af43ac4 [0x00007f211af3e5e0+0x54e4]
J 17657 C1 br.org.carameloCode.erp.crm.paginas.crmAtendimento.PgProspecto.executarAcao(Lbr/org/carameloCode/erp/modulo/crm/entidadesJPA/prospecto/Pessoa;)V (489 bytes) @ 0x00007f211af43ac4 [0x00007f211af3e5e0+0x54e4]
J 17657 C1 br.org.carameloCode.erp.crm.paginas.crmAtendimento.PgProspecto.executarAcao(Lbr/org/carameloCode/erp/modulo/crm/entidadesJPA/prospecto/Pessoa;)V (489 bytes) @ 0x00007f211af43ac4 [0x00007f211af3e5e0+0x54e4]
J 17657 C1 br.org.carameloCode.erp.crm.paginas.crmAtendimento.PgProspecto.executarAcao(Lbr/org/carameloCode/erp/modulo/crm/entidadesJPA/prospecto/Pessoa;)V (489 bytes) @ 0x00007f211af43ac4 [0x00007f211af3e5e0+0x54e4]
J 17657 C1 br.org.carameloCode.erp.crm.paginas.crmAtendimento.PgProspecto.executarAcao(Lbr/org/carameloCode/erp/modulo/crm/entidadesJPA/prospecto/Pessoa;)V (489 bytes) @ 0x00007f211af43ac4 [0x00007f211af3e5e0+0x54e4]
J 17657 C1 br.org.carameloCode.erp.crm.paginas.crmAtendimento.PgProspecto.executarAcao(Lbr/org/carameloCode/erp/modulo/crm/entidadesJPA/prospecto/Pessoa;)V (489 bytes) @ 0x00007f211af43ac4 [0x00007f211af3e5e0+0x54e4]
J 17657 C1 br.org.carameloCode.erp.crm.paginas.crmAtendimento.PgProspecto.executarAcao(Lbr/org/carameloCode/erp/modulo/crm/entidadesJPA/prospecto/Pessoa;)V (489 bytes) @ 0x00007f211af43ac4 [0x00007f211af3e5e0+0x54e4]
J 17657 C1 br.org.carameloCode.erp.crm.paginas.crmAtendimento.PgProspecto.executarAcao(Lbr/org/carameloCode/erp/modulo/crm/entidadesJPA/prospecto/Pessoa;)V (489 bytes) @ 0x00007f211af43ac4 [0x00007f211af3e5e0+0x54e4]
J 17657 C1 br.org.carameloCode.erp.crm.paginas.crmAtendimento.PgProspecto.executarAcao(Lbr/org/carameloCode/erp/modulo/crm/entidadesJPA/prospecto/Pessoa;)V (489 bytes) @ 0x00007f211af43ac4 [0x00007f211af3e5e0+0x54e4]
J 17657 C1 br.org.carameloCode.erp.crm.paginas.crmAtendimento.PgProspecto.executarAcao(Lbr/org/carameloCode/erp/modulo/crm/entidadesJPA/prospecto/Pessoa;)V (489 bytes) @ 0x00007f211af43ac4 [0x00007f211af3e5e0+0x54e4]
J 17657 C1 br.org.carameloCode.erp.crm.paginas.crmAtendimento.PgProspecto.executarAcao(Lbr/org/carameloCode/erp/modulo/crm/entidadesJPA/prospecto/Pessoa;)V (489 bytes) @ 0x00007f211af43ac4 [0x00007f211af3e5e0+0x54e4]
J 17657 C1 br.org.carameloCode.erp.crm.paginas.crmAtendimento.PgProspecto.executarAcao(Lbr/org/carameloCode/erp/modulo/crm/entidadesJPA/prospecto/Pessoa;)V (489 bytes) @ 0x00007f211af43ac4 [0x00007f211af3e5e0+0x54e4]
J 17657 C1 br.org.carameloCode.erp.crm.paginas.crmAtendimento.PgProspecto.executarAcao(Lbr/org/carameloCode/erp/modulo/crm/entidadesJPA/prospecto/Pessoa;)V (489 bytes) @ 0x00007f211af43ac4 [0x00007f211af3e5e0+0x54e4]
J 17657 C1 br.org.carameloCode.erp.crm.paginas.crmAtendimento.PgProspecto.executarAcao(Lbr/org/carameloCode/erp/modulo/crm/entidadesJPA/prospecto/Pessoa;)V (489 bytes) @ 0x00007f211af43ac4 [0x00007f211af3e5e0+0x54e4]
J 17657 C1 br.org.carameloCode.erp.crm.paginas.crmAtendimento.PgProspecto.executarAcao(Lbr/org/carameloCode/erp/modulo/crm/entidadesJPA/prospecto/Pessoa;)V (489 bytes) @ 0x00007f211af43ac4 [0x00007f211af3e5e0+0x54e4]
J 17657 C1 br.org.carameloCode.erp.crm.paginas.crmAtendimento.PgProspecto.executarAcao(Lbr/org/carameloCode/erp/modulo/crm/entidadesJPA/prospecto/Pessoa;)V (489 bytes) @ 0x00007f211af43ac4 [0x00007f211af3e5e0+0x54e4]
J 17657 C1 br.org.carameloCode.erp.crm.paginas.crmAtendimento.PgProspecto.executarAcao(Lbr/org/carameloCode/erp/modulo/crm/entidadesJPA/prospecto/Pessoa;)V (489 bytes) @ 0x00007f211af43ac4 [0x00007f211af3e5e0+0x54e4]
J 17657 C1 br.org.carameloCode.erp.crm.paginas.crmAtendimento.PgProspecto.executarAcao(Lbr/org/carameloCode/erp/modulo/crm/entidadesJPA/prospecto/Pessoa;)V (489 bytes) @ 0x00007f211af43ac4 [0x00007f211af3e5e0+0x54e4]
J 17657 C1 br.org.carameloCode.erp.crm.paginas.crmAtendimento.PgProspecto.executarAcao(Lbr/org/carameloCode/erp/modulo/crm/entidadesJPA/prospecto/Pessoa;)V (489 bytes) @ 0x00007f211af43ac4 [0x00007f211af3e5e0+0x54e4]
J 17657 C1 br.org.carameloCode.erp.crm.paginas.crmAtendimento.PgProspecto.executarAcao(Lbr/org/carameloCode/erp/modulo/crm/entidadesJPA/prospecto/Pessoa;)V (489 bytes) @ 0x00007f211af43ac4 [0x00007f211af3e5e0+0x54e4]
J 17657 C1 br.org.carameloCode.erp.crm.paginas.crmAtendimento.PgProspecto.executarAcao(Lbr/org/carameloCode/erp/modulo/crm/entidadesJPA/prospecto/Pessoa;)V (489 bytes) @ 0x00007f211af43ac4 [0x00007f211af3e5e0+0x54e4]
J 17657 C1 br.org.carameloCode.erp.crm.paginas.crmAtendimento.PgProspecto.executarAcao(Lbr/org/carameloCode/erp/modulo/crm/entidadesJPA/prospecto/Pessoa;)V (489 bytes) @ 0x00007f211af43ac4 [0x00007f211af3e5e0+0x54e4]
J 17657 C1 br.org.carameloCode.erp.crm.paginas.crmAtendimento.PgProspecto.executarAcao(Lbr/org/carameloCode/erp/modulo/crm/entidadesJPA/prospecto/Pessoa;)V (489 bytes) @ 0x00007f211af43ac4 [0x00007f211af3e5e0+0x54e4]
J 17657 C1 br.org.carameloCode.erp.crm.paginas.crmAtendimento.PgProspecto.executarAcao(Lbr/org/carameloCode/erp/modulo/crm/entidadesJPA/prospecto/Pessoa;)V (489 bytes) @ 0x00007f211af43ac4 [0x00007f211af3e5e0+0x54e4]
J 17657 C1 br.org.carameloCode.erp.crm.paginas.crmAtendimento.PgProspecto.executarAcao(Lbr/org/carameloCode/erp/modulo/crm/entidadesJPA/prospecto/Pessoa;)V (489 bytes) @ 0x00007f211af43ac4 [0x00007f211af3e5e0+0x54e4]
J 17657 C1 br.org.carameloCode.erp.crm.paginas.crmAtendimento.PgProspecto.executarAcao(Lbr/org/carameloCode/erp/modulo/crm/entidadesJPA/prospecto/Pessoa;)V (489 bytes) @ 0x00007f211af43ac4 [0x00007f211af3e5e0+0x54e4]
J 17657 C1 br.org.carameloCode.erp.crm.paginas.crmAtendimento.PgProspecto.executarAcao(Lbr/org/carameloCode/erp/modulo/crm/entidadesJPA/prospecto/Pessoa;)V (489 bytes) @ 0x00007f211af43ac4 [0x00007f211af3e5e0+0x54e4]
J 17657 C1 br.org.carameloCode.erp.crm.paginas.crmAtendimento.PgProspecto.executarAcao(Lbr/org/carameloCode/erp/modulo/crm/entidadesJPA/prospecto/Pessoa;)V (489 bytes) @ 0x00007f211af43ac4 [0x00007f211af3e5e0+0x54e4]
J 17657 C1 br.org.carameloCode.erp.crm.paginas.crmAtendimento.PgProspecto.executarAcao(Lbr/org/carameloCode/erp/modulo/crm/entidadesJPA/prospecto/Pessoa;)V (489 bytes) @ 0x00007f211af43ac4 [0x00007f211af3e5e0+0x54e4]
J 17657 C1 br.org.carameloCode.erp.crm.paginas.crmAtendimento.PgProspecto.executarAcao(Lbr/org/carameloCode/erp/modulo/crm/entidadesJPA/prospecto/Pessoa;)V (489 bytes) @ 0x00007f211af43ac4 [0x00007f211af3e5e0+0x54e4]
J 17657 C1 br.org.carameloCode.erp.crm.paginas.crmAtendimento.PgProspecto.executarAcao(Lbr/org/carameloCode/erp/modulo/crm/entidadesJPA/prospecto/Pessoa;)V (489 bytes) @ 0x00007f211af43ac4 [0x00007f211af3e5e0+0x54e4]
J 17657 C1 br.org.carameloCode.erp.crm.paginas.crmAtendimento.PgProspecto.executarAcao(Lbr/org/carameloCode/erp/modulo/crm/entidadesJPA/prospecto/Pessoa;)V (489 bytes) @ 0x00007f211af43ac4 [0x00007f211af3e5e0+0x54e4]
J 17657 C1 br.org.carameloCode.erp.crm.paginas.crmAtendimento.PgProspecto.executarAcao(Lbr/org/carameloCode/erp/modulo/crm/entidadesJPA/prospecto/Pessoa;)V (489 bytes) @ 0x00007f211af43ac4 [0x00007f211af3e5e0+0x54e4]
J 17657 C1 br.org.carameloCode.erp.crm.paginas.crmAtendimento.PgProspecto.executarAcao(Lbr/org/carameloCode/erp/modulo/crm/entidadesJPA/prospecto/Pessoa;)V (489 bytes) @ 0x00007f211af43ac4 [0x00007f211af3e5e0+0x54e4]
J 17657 C1 br.org.carameloCode.erp.crm.paginas.crmAtendimento.PgProspecto.executarAcao(Lbr/org/carameloCode/erp/modulo/crm/entidadesJPA/prospecto/Pessoa;)V (489 bytes) @ 0x00007f211af43ac4 [0x00007f211af3e5e0+0x54e4]
J 17657 C1 br.org.carameloCode.erp.crm.paginas.crmAtendimento.PgProspecto.executarAcao(Lbr/org/carameloCode/erp/modulo/crm/entidadesJPA/prospecto/Pessoa;)V (489 bytes) @ 0x00007f211af43ac4 [0x00007f211af3e5e0+0x54e4]
J 17657 C1 br.org.carameloCode.erp.crm.paginas.crmAtendimento.PgProspecto.executarAcao(Lbr/org/carameloCode/erp/modulo/crm/entidadesJPA/prospecto/Pessoa;)V (489 bytes) @ 0x00007f211af43ac4 [0x00007f211af3e5e0+0x54e4]
J 17657 C1 br.org.carameloCode.erp.crm.paginas.crmAtendimento.PgProspecto.executarAcao(Lbr/org/carameloCode/erp/modulo/crm/entidadesJPA/prospecto/Pessoa;)V (489 bytes) @ 0x00007f211af43ac4 [0x00007f211af3e5e0+0x54e4]
J 17657 C1 br.org.carameloCode.erp.crm.paginas.crmAtendimento.PgProspecto.executarAcao(Lbr/org/carameloCode/erp/modulo/crm/entidadesJPA/prospecto/Pessoa;)V (489 bytes) @ 0x00007f211af43ac4 [0x00007f211af3e5e0+0x54e4]
J 17657 C1 br.org.carameloCode.erp.crm.paginas.crmAtendimento.PgProspecto.executarAcao(Lbr/org/carameloCode/erp/modulo/crm/entidadesJPA/prospecto/Pessoa;)V (489 bytes) @ 0x00007f211af43ac4 [0x00007f211af3e5e0+0x54e4]
J 17657 C1 br.org.carameloCode.erp.crm.paginas.crmAtendimento.PgProspecto.executarAcao(Lbr/org/carameloCode/erp/modulo/crm/entidadesJPA/prospecto/Pessoa;)V (489 bytes) @ 0x00007f211af43ac4 [0x00007f211af3e5e0+0x54e4]
J 17657 C1 br.org.carameloCode.erp.crm.paginas.crmAtendimento.PgProspecto.executarAcao(Lbr/org/carameloCode/erp/modulo/crm/entidadesJPA/prospecto/Pessoa;)V (489 bytes) @ 0x00007f211af43ac4 [0x00007f211af3e5e0+0x54e4]
J 17657 C1 br.org.carameloCode.erp.crm.paginas.crmAtendimento.PgProspecto.executarAcao(Lbr/org/carameloCode/erp/modulo/crm/entidadesJPA/prospecto/Pessoa;)V (489 bytes) @ 0x00007f211af43ac4 [0x00007f211af3e5e0+0x54e4]
J 17657 C1 br.org.carameloCode.erp.crm.paginas.crmAtendimento.PgProspecto.executarAcao(Lbr/org/carameloCode/erp/modulo/crm/entidadesJPA/prospecto/Pessoa;)V (489 bytes) @ 0x00007f211af43ac4 [0x00007f211af3e5e0+0x54e4]
J 17657 C1 br.org.carameloCode.erp.crm.paginas.crmAtendimento.PgProspecto.executarAcao(Lbr/org/carameloCode/erp/modulo/crm/entidadesJPA/prospecto/Pessoa;)V (489 bytes) @ 0x00007f211af43ac4 [0x00007f211af3e5e0+0x54e4]
J 17657 C1 br.org.carameloCode.erp.crm.paginas.crmAtendimento.PgProspecto.executarAcao(Lbr/org/carameloCode/erp/modulo/crm/entidadesJPA/prospecto/Pessoa;)V (489 bytes) @ 0x00007f211af43ac4 [0x00007f211af3e5e0+0x54e4]
J 17657 C1 br.org.carameloCode.erp.crm.paginas.crmAtendimento.PgProspecto.executarAcao(Lbr/org/carameloCode/erp/modulo/crm/entidadesJPA/prospecto/Pessoa;)V (489 bytes) @ 0x00007f211af43ac4 [0x00007f211af3e5e0+0x54e4]
J 17657 C1 br.org.carameloCode.erp.crm.paginas.crmAtendimento.PgProspecto.executarAcao(Lbr/org/carameloCode/erp/modulo/crm/entidadesJPA/prospecto/Pessoa;)V (489 bytes) @ 0x00007f211af43ac4 [0x00007f211af3e5e0+0x54e4]
J 17657 C1 br.org.carameloCode.erp.crm.paginas.crmAtendimento.PgProspecto.executarAcao(Lbr/org/carameloCode/erp/modulo/crm/entidadesJPA/prospecto/Pessoa;)V (489 bytes) @ 0x00007f211af43ac4 [0x00007f211af3e5e0+0x54e4]
J 17657 C1 br.org.carameloCode.erp.crm.paginas.crmAtendimento.PgProspecto.executarAcao(Lbr/org/carameloCode/erp/modulo/crm/entidadesJPA/prospecto/Pessoa;)V (489 bytes) @ 0x00007f211af43ac4 [0x00007f211af3e5e0+0x54e4]
J 17657 C1 br.org.carameloCode.erp.crm.paginas.crmAtendimento.PgProspecto.executarAcao(Lbr/org/carameloCode/erp/modulo/crm/entidadesJPA/prospecto/Pessoa;)V (489 bytes) @ 0x00007f211af43ac4 [0x00007f211af3e5e0+0x54e4]
J 17657 C1 br.org.carameloCode.erp.crm.paginas.crmAtendimento.PgProspecto.executarAcao(Lbr/org/carameloCode/erp/modulo/crm/entidadesJPA/prospecto/Pessoa;)V (489 bytes) @ 0x00007f211af43ac4 [0x00007f211af3e5e0+0x54e4]
J 17657 C1 br.org.carameloCode.erp.crm.paginas.crmAtendimento.PgProspecto.executarAcao(Lbr/org/carameloCode/erp/modulo/crm/entidadesJPA/prospecto/Pessoa;)V (489 bytes) @ 0x00007f211af43ac4 [0x00007f211af3e5e0+0x54e4]
J 17657 C1 br.org.carameloCode.erp.crm.paginas.crmAtendimento.PgProspecto.executarAcao(Lbr/org/carameloCode/erp/modulo/crm/entidadesJPA/prospecto/Pessoa;)V (489 bytes) @ 0x00007f211af43ac4 [0x00007f211af3e5e0+0x54e4]
J 17657 C1 br.org.carameloCode.erp.crm.paginas.crmAtendimento.PgProspecto.executarAcao(Lbr/org/carameloCode/erp/modulo/crm/entidadesJPA/prospecto/Pessoa;)V (489 bytes) @ 0x00007f211af43ac4 [0x00007f211af3e5e0+0x54e4]
J 17657 C1 br.org.carameloCode.erp.crm.paginas.crmAtendimento.PgProspecto.executarAcao(Lbr/org/carameloCode/erp/modulo/crm/entidadesJPA/prospecto/Pessoa;)V (489 bytes) @ 0x00007f211af43ac4 [0x00007f211af3e5e0+0x54e4]
J 17657 C1 br.org.carameloCode.erp.crm.paginas.crmAtendimento.PgProspecto.executarAcao(Lbr/org/carameloCode/erp/modulo/crm/entidadesJPA/prospecto/Pessoa;)V (489 bytes) @ 0x00007f211af43ac4 [0x00007f211af3e5e0+0x54e4]
J 17657 C1 br.org.carameloCode.erp.crm.paginas.crmAtendimento.PgProspecto.executarAcao(Lbr/org/carameloCode/erp/modulo/crm/entidadesJPA/prospecto/Pessoa;)V (489 bytes) @ 0x00007f211af43ac4 [0x00007f211af3e5e0+0x54e4]
J 17657 C1 br.org.carameloCode.erp.crm.paginas.crmAtendimento.PgProspecto.executarAcao(Lbr/org/carameloCode/erp/modulo/crm/entidadesJPA/prospecto/Pessoa;)V (489 bytes) @ 0x00007f211af43ac4 [0x00007f211af3e5e0+0x54e4]
J 17657 C1 br.org.carameloCode.erp.crm.paginas.crmAtendimento.PgProspecto.executarAcao(Lbr/org/carameloCode/erp/modulo/crm/entidadesJPA/prospecto/Pessoa;)V (489 bytes) @ 0x00007f211af43ac4 [0x00007f211af3e5e0+0x54e4]
J 17657 C1 br.org.carameloCode.erp.crm.paginas.crmAtendimento.PgProspecto.executarAcao(Lbr/org/carameloCode/erp/modulo/crm/entidadesJPA/prospecto/Pessoa;)V (489 bytes) @ 0x00007f211af43ac4 [0x00007f211af3e5e0+0x54e4]
J 17657 C1 br.org.carameloCode.erp.crm.paginas.crmAtendimento.PgProspecto.executarAcao(Lbr/org/carameloCode/erp/modulo/crm/entidadesJPA/prospecto/Pessoa;)V (489 bytes) @ 0x00007f211af43ac4 [0x00007f211af3e5e0+0x54e4]
J 17657 C1 br.org.carameloCode.erp.crm.paginas.crmAtendimento.PgProspecto.executarAcao(Lbr/org/carameloCode/erp/modulo/crm/entidadesJPA/prospecto/Pessoa;)V (489 bytes) @ 0x00007f211af43ac4 [0x00007f211af3e5e0+0x54e4]
J 17657 C1 br.org.carameloCode.erp.crm.paginas.crmAtendimento.PgProspecto.executarAcao(Lbr/org/carameloCode/erp/modulo/crm/entidadesJPA/prospecto/Pessoa;)V (489 bytes) @ 0x00007f211af43ac4 [0x00007f211af3e5e0+0x54e4]
J 17657 C1 br.org.carameloCode.erp.crm.paginas.crmAtendimento.PgProspecto.executarAcao(Lbr/org/carameloCode/erp/modulo/crm/entidadesJPA/prospecto/Pessoa;)V (489 bytes) @ 0x00007f211af43ac4 [0x00007f211af3e5e0+0x54e4]
J 17657 C1 br.org.carameloCode.erp.crm.paginas.crmAtendimento.PgProspecto.executarAcao(Lbr/org/carameloCode/erp/modulo/crm/entidadesJPA/prospecto/Pessoa;)V (489 bytes) @ 0x00007f211af43ac4 [0x00007f211af3e5e0+0x54e4]
J 17657 C1 br.org.carameloCode.erp.crm.paginas.crmAtendimento.PgProspecto.executarAcao(Lbr/org/carameloCode/erp/modulo/crm/entidadesJPA/prospecto/Pessoa;)V (489 bytes) @ 0x00007f211af43ac4 [0x00007f211af3e5e0+0x54e4]
J 17657 C1 br.org.carameloCode.erp.crm.paginas.crmAtendimento.PgProspecto.executarAcao(Lbr/org/carameloCode/erp/modulo/crm/entidadesJPA/prospecto/Pessoa;)V (489 bytes) @ 0x00007f211af43ac4 [0x00007f211af3e5e0+0x54e4]
J 17657 C1 br.org.carameloCode.erp.crm.paginas.crmAtendimento.PgProspecto.executarAcao(Lbr/org/carameloCode/erp/modulo/crm/entidadesJPA/prospecto/Pessoa;)V (489 bytes) @ 0x00007f211af43ac4 [0x00007f211af3e5e0+0x54e4]
J 17657 C1 br.org.carameloCode.erp.crm.paginas.crmAtendimento.PgProspecto.executarAcao(Lbr/org/carameloCode/erp/modulo/crm/entidadesJPA/prospecto/Pessoa;)V (489 bytes) @ 0x00007f211af43ac4 [0x00007f211af3e5e0+0x54e4]
J 17657 C1 br.org.carameloCode.erp.crm.paginas.crmAtendimento.PgProspecto.executarAcao(Lbr/org/carameloCode/erp/modulo/crm/entidadesJPA/prospecto/Pessoa;)V (489 bytes) @ 0x00007f211af43ac4 [0x00007f211af3e5e0+0x54e4]
J 17657 C1 br.org.carameloCode.erp.crm.paginas.crmAtendimento.PgProspecto.executarAcao(Lbr/org/carameloCode/erp/modulo/crm/entidadesJPA/prospecto/Pessoa;)V (489 bytes) @ 0x00007f211af43ac4 [0x00007f211af3e5e0+0x54e4]
J 17657 C1 br.org.carameloCode.erp.crm.paginas.crmAtendimento.PgProspecto.executarAcao(Lbr/org/carameloCode/erp/modulo/crm/entidadesJPA/prospecto/Pessoa;)V (489 bytes) @ 0x00007f211af43ac4 [0x00007f211af3e5e0+0x54e4]
J 17657 C1 br.org.carameloCode.erp.crm.paginas.crmAtendimento.PgProspecto.executarAcao(Lbr/org/carameloCode/erp/modulo/crm/entidadesJPA/prospecto/Pessoa;)V (489 bytes) @ 0x00007f211af43ac4 [0x00007f211af3e5e0+0x54e4]
J 17657 C1 br.org.carameloCode.erp.crm.paginas.crmAtendimento.PgProspecto.executarAcao(Lbr/org/carameloCode/erp/modulo/crm/entidadesJPA/prospecto/Pessoa;)V (489 bytes) @ 0x00007f211af43ac4 [0x00007f211af3e5e0+0x54e4]
J 17657 C1 br.org.carameloCode.erp.crm.paginas.crmAtendimento.PgProspecto.executarAcao(Lbr/org/carameloCode/erp/modulo/crm/entidadesJPA/prospecto/Pessoa;)V (489 bytes) @ 0x00007f211af43ac4 [0x00007f211af3e5e0+0x54e4]
J 17657 C1 br.org.carameloCode.erp.crm.paginas.crmAtendimento.PgProspecto.executarAcao(Lbr/org/carameloCode/erp/modulo/crm/entidadesJPA/prospecto/Pessoa;)V (489 bytes) @ 0x00007f211af43ac4 [0x00007f211af3e5e0+0x54e4]
J 17657 C1 br.org.carameloCode.erp.crm.paginas.crmAtendimento.PgProspecto.executarAcao(Lbr/org/carameloCode/erp/modulo/crm/entidadesJPA/prospecto/Pessoa;)V (489 bytes) @ 0x00007f211af43ac4 [0x00007f211af3e5e0+0x54e4]
J 17657 C1 br.org.carameloCode.erp.crm.paginas.crmAtendimento.PgProspecto.executarAcao(Lbr/org/carameloCode/erp/modulo/crm/entidadesJPA/prospecto/Pessoa;)V (489 bytes) @ 0x00007f211af43ac4 [0x00007f211af3e5e0+0x54e4]
J 17657 C1 br.org.carameloCode.erp.crm.paginas.crmAtendimento.PgProspecto.executarAcao(Lbr/org/carameloCode/erp/modulo/crm/entidadesJPA/prospecto/Pessoa;)V (489 bytes) @ 0x00007f211af43ac4 [0x00007f211af3e5e0+0x54e4]
J 17657 C1 br.org.carameloCode.erp.crm.paginas.crmAtendimento.PgProspecto.executarAcao(Lbr/org/carameloCode/erp/modulo/crm/entidadesJPA/prospecto/Pessoa;)V (489 bytes) @ 0x00007f211af43ac4 [0x00007f211af3e5e0+0x54e4]
J 17657 C1 br.org.carameloCode.erp.crm.paginas.crmAtendimento.PgProspecto.executarAcao(Lbr/org/carameloCode/erp/modulo/crm/entidadesJPA/prospecto/Pessoa;)V (489 bytes) @ 0x00007f211af43ac4 [0x00007f211af3e5e0+0x54e4]
J 17657 C1 br.org.carameloCode.erp.crm.paginas.crmAtendimento.PgProspecto.executarAcao(Lbr/org/carameloCode/erp/modulo/crm/entidadesJPA/prospecto/Pessoa;)V (489 bytes) @ 0x00007f211af43ac4 [0x00007f211af3e5e0+0x54e4]
J 17657 C1 br.org.carameloCode.erp.crm.paginas.crmAtendimento.PgProspecto.executarAcao(Lbr/org/carameloCode/erp/modulo/crm/entidadesJPA/prospecto/Pessoa;)V (489 bytes) @ 0x00007f211af43ac4 [0x00007f211af3e5e0+0x54e4]
J 17657 C1 br.org.carameloCode.erp.crm.paginas.crmAtendimento.PgProspecto.executarAcao(Lbr/org/carameloCode/erp/modulo/crm/entidadesJPA/prospecto/Pessoa;)V (489 bytes) @ 0x00007f211af43ac4 [0x00007f211af3e5e0+0x54e4]
J 17657 C1 br.org.carameloCode.erp.crm.paginas.crmAtendimento.PgProspecto.executarAcao(Lbr/org/carameloCode/erp/modulo/crm/entidadesJPA/prospecto/Pessoa;)V (489 bytes) @ 0x00007f211af43ac4 [0x00007f211af3e5e0+0x54e4]
J 17657 C1 br.org.carameloCode.erp.crm.paginas.crmAtendimento.PgProspecto.executarAcao(Lbr/org/carameloCode/erp/modulo/crm/entidadesJPA/prospecto/Pessoa;)V (489 bytes) @ 0x00007f211af43ac4 [0x00007f211af3e5e0+0x54e4]
J 17657 C1 br.org.carameloCode.erp.crm.paginas.crmAtendimento.PgProspecto.executarAcao(Lbr/org/carameloCode/erp/modulo/crm/entidadesJPA/prospecto/Pessoa;)V (489 bytes) @ 0x00007f211af43ac4 [0x00007f211af3e5e0+0x54e4]
J 17657 C1 br.org.carameloCode.erp.crm.paginas.crmAtendimento.PgProspecto.executarAcao(Lbr/org/carameloCode/erp/modulo/crm/entidadesJPA/prospecto/Pessoa;)V (489 bytes) @ 0x00007f211af43ac4 [0x00007f211af3e5e0+0x54e4]
J 17657 C1 br.org.carameloCode.erp.crm.paginas.crmAtendimento.PgProspecto.executarAcao(Lbr/org/carameloCode/erp/modulo/crm/entidadesJPA/prospecto/Pessoa;)V (489 bytes) @ 0x00007f211af43ac4 [0x00007f211af3e5e0+0x54e4]
J 17657 C1 br.org.carameloCode.erp.crm.paginas.crmAtendimento.PgProspecto.executarAcao(Lbr/org/carameloCode/erp/modulo/crm/entidadesJPA/prospecto/Pessoa;)V (489 bytes) @ 0x00007f211af43ac4 [0x00007f211af3e5e0+0x54e4]
J 17657 C1 br.org.carameloCode.erp.crm.paginas.crmAtendimento.PgProspecto.executarAcao(Lbr/org/carameloCode/erp/modulo/crm/entidadesJPA/prospecto/Pessoa;)V (489 bytes) @ 0x00007f211af43ac4 [0x00007f211af3e5e0+0x54e4]
J 17657 C1 br.org.carameloCode.erp.crm.paginas.crmAtendimento.PgProspecto.executarAcao(Lbr/org/carameloCode/erp/modulo/crm/entidadesJPA/prospecto/Pessoa;)V (489 bytes) @ 0x00007f211af43ac4 [0x00007f211af3e5e0+0x54e4]
J 17657 C1 br.org.carameloCode.erp.crm.paginas.crmAtendimento.PgProspecto.executarAcao(Lbr/org/carameloCode/erp/modulo/crm/entidadesJPA/prospecto/Pessoa;)V (489 bytes) @ 0x00007f211af43ac4 [0x00007f211af3e5e0+0x54e4]
J 17657 C1 br.org.carameloCode.erp.crm.paginas.crmAtendimento.PgProspecto.executarAcao(Lbr/org/carameloCode/erp/modulo/crm/entidadesJPA/prospecto/Pessoa;)V (489 bytes) @ 0x00007f211af43ac4 [0x00007f211af3e5e0+0x54e4]
J 17657 C1 br.org.carameloCode.erp.crm.paginas.crmAtendimento.PgProspecto.executarAcao(Lbr/org/carameloCode/erp/modulo/crm/entidadesJPA/prospecto/Pessoa;)V (489 bytes) @ 0x00007f211af43ac4 [0x00007f211af3e5e0+0x54e4]
J 17657 C1 br.org.carameloCode.erp.crm.paginas.crmAtendimento.PgProspecto.executarAcao(Lbr/org/carameloCode/erp/modulo/crm/entidadesJPA/prospecto/Pessoa;)V (489 bytes) @ 0x00007f211af43ac4 [0x00007f211af3e5e0+0x54e4]
J 17657 C1 br.org.carameloCode.erp.crm.paginas.crmAtendimento.PgProspecto.executarAcao(Lbr/org/carameloCode/erp/modulo/crm/entidadesJPA/prospecto/Pessoa;)V (489 bytes) @ 0x00007f211af43ac4 [0x00007f211af3e5e0+0x54e4]
J 17657 C1 br.org.carameloCode.erp.crm.paginas.crmAtendimento.PgProspecto.executarAcao(Lbr/org/carameloCode/erp/modulo/crm/entidadesJPA/prospecto/Pessoa;)V (489 bytes) @ 0x00007f211af43ac4 [0x00007f211af3e5e0+0x54e4]
J 17657 C1 br.org.carameloCode.erp.crm.paginas.crmAtendimento.PgProspecto.executarAcao(Lbr/org/carameloCode/erp/modulo/crm/entidadesJPA/prospecto/Pessoa;)V (489 bytes) @ 0x00007f211af43ac4 [0x00007f211af3e5e0+0x54e4]
J 17657 C1 br.org.carameloCode.erp.crm.paginas.crmAtendimento.PgProspecto.executarAcao(Lbr/org/carameloCode/erp/modulo/crm/entidadesJPA/prospecto/Pessoa;)V (489 bytes) @ 0x00007f211af43ac4 [0x00007f211af3e5e0+0x54e4]
J 17657 C1 br.org.carameloCode.erp.crm.paginas.crmAtendimento.PgProspecto.executarAcao(Lbr/org/carameloCode/erp/modulo/crm/entidadesJPA/prospecto/Pessoa;)V (489 bytes) @ 0x00007f211af43ac4 [0x00007f211af3e5e0+0x54e4]
J 17657 C1 br.org.carameloCode.erp.crm.paginas.crmAtendimento.PgProspecto.executarAcao(Lbr/org/carameloCode/erp/modulo/crm/entidadesJPA/prospecto/Pessoa;)V (489 bytes) @ 0x00007f211af43ac4 [0x00007f211af3e5e0+0x54e4]
J 17657 C1 br.org.carameloCode.erp.crm.paginas.crmAtendimento.PgProspecto.executarAcao(Lbr/org/carameloCode/erp/modulo/crm/entidadesJPA/prospecto/Pessoa;)V (489 bytes) @ 0x00007f211af43ac4 [0x00007f211af3e5e0+0x54e4]
J 17657 C1 br.org.carameloCode.erp.crm.paginas.crmAtendimento.PgProspecto.executarAcao(Lbr/org/carameloCode/erp/modulo/crm/entidadesJPA/prospecto/Pessoa;)V (489 bytes) @ 0x00007f211af43ac4 [0x00007f211af3e5e0+0x54e4]
J 17657 C1 br.org.carameloCode.erp.crm.paginas.crmAtendimento.PgProspecto.executarAcao(Lbr/org/carameloCode/erp/modulo/crm/entidadesJPA/prospecto/Pessoa;)V (489 bytes) @ 0x00007f211af43ac4 [0x00007f211af3e5e0+0x54e4]
J 17657 C1 br.org.carameloCode.erp.crm.paginas.crmAtendimento.PgProspecto.executarAcao(Lbr/org/carameloCode/erp/modulo/crm/entidadesJPA/prospecto/Pessoa;)V (489 bytes) @ 0x00007f211af43ac4 [0x00007f211af3e5e0+0x54e4]
J 17657 C1 br.org.carameloCode.erp.crm.paginas.crmAtendimento.PgProspecto.executarAcao(Lbr/org/carameloCode/erp/modulo/crm/entidadesJPA/prospecto/Pessoa;)V (489 bytes) @ 0x00007f211af43ac4 [0x00007f211af3e5e0+0x54e4]
J 17657 C1 br.org.carameloCode.erp.crm.paginas.crmAtendimento.PgProspecto.executarAcao(Lbr/org/carameloCode/erp/modulo/crm/entidadesJPA/prospecto/Pessoa;)V (489 bytes) @ 0x00007f211af43ac4 [0x00007f211af3e5e0+0x54e4]
J 17657 C1 br.org.carameloCode.erp.crm.paginas.crmAtendimento.PgProspecto.executarAcao(Lbr/org/carameloCode/erp/modulo/crm/entidadesJPA/prospecto/Pessoa;)V (489 bytes) @ 0x00007f211af43ac4 [0x00007f211af3e5e0+0x54e4]
J 17657 C1 br.org.carameloCode.erp.crm.paginas.crmAtendimento.PgProspecto.executarAcao(Lbr/org/carameloCode/erp/modulo/crm/entidadesJPA/prospecto/Pessoa;)V (489 bytes) @ 0x00007f211af43ac4 [0x00007f211af3e5e0+0x54e4]
J 17657 C1 br.org.carameloCode.erp.crm.paginas.crmAtendimento.PgProspecto.executarAcao(Lbr/org/carameloCode/erp/modulo/crm/entidadesJPA/prospecto/Pessoa;)V (489 bytes) @ 0x00007f211af43ac4 [0x00007f211af3e5e0+0x54e4]
J 17657 C1 br.org.carameloCode.erp.crm.paginas.crmAtendimento.PgProspecto.executarAcao(Lbr/org/carameloCode/erp/modulo/crm/entidadesJPA/prospecto/Pessoa;)V (489 bytes) @ 0x00007f211af43ac4 [0x00007f211af3e5e0+0x54e4]
J 17657 C1 br.org.carameloCode.erp.crm.paginas.crmAtendimento.PgProspecto.executarAcao(Lbr/org/carameloCode/erp/modulo/crm/entidadesJPA/prospecto/Pessoa;)V (489 bytes) @ 0x00007f211af43ac4 [0x00007f211af3e5e0+0x54e4]
J 17657 C1 br.org.carameloCode.erp.crm.paginas.crmAtendimento.PgProspecto.executarAcao(Lbr/org/carameloCode/erp/modulo/crm/entidadesJPA/prospecto/Pessoa;)V (489 bytes) @ 0x00007f211af43ac4 [0x00007f211af3e5e0+0x54e4]
J 17657 C1 br.org.carameloCode.erp.crm.paginas.crmAtendimento.PgProspecto.executarAcao(Lbr/org/carameloCode/erp/modulo/crm/entidadesJPA/prospecto/Pessoa;)V (489 bytes) @ 0x00007f211af43ac4 [0x00007f211af3e5e0+0x54e4]
J 17657 C1 br.org.carameloCode.erp.crm.paginas.crmAtendimento.PgProspecto.executarAcao(Lbr/org/carameloCode/erp/modulo/crm/entidadesJPA/prospecto/Pessoa;)V (489 bytes) @ 0x00007f211af43ac4 [0x00007f211af3e5e0+0x54e4]
J 17657 C1 br.org.carameloCode.erp.crm.paginas.crmAtendimento.PgProspecto.executarAcao(Lbr/org/carameloCode/erp/modulo/crm/entidadesJPA/prospecto/Pessoa;)V (489 bytes) @ 0x00007f211af43ac4 [0x00007f211af3e5e0+0x54e4]
J 17657 C1 br.org.carameloCode.erp.crm.paginas.crmAtendimento.PgProspecto.executarAcao(Lbr/org/carameloCode/erp/modulo/crm/entidadesJPA/prospecto/Pessoa;)V (489 bytes) @ 0x00007f211af43ac4 [0x00007f211af3e5e0+0x54e4]
J 17657 C1 br.org.carameloCode.erp.crm.paginas.crmAtendimento.PgProspecto.executarAcao(Lbr/org/carameloCode/erp/modulo/crm/entidadesJPA/prospecto/Pessoa;)V (489 bytes) @ 0x00007f211af43ac4 [0x00007f211af3e5e0+0x54e4]
J 17657 C1 br.org.carameloCode.erp.crm.paginas.crmAtendimento.PgProspecto.executarAcao(Lbr/org/carameloCode/erp/modulo/crm/entidadesJPA/prospecto/Pessoa;)V (489 bytes) @ 0x00007f211af43ac4 [0x00007f211af3e5e0+0x54e4]
J 17657 C1 br.org.carameloCode.erp.crm.paginas.crmAtendimento.PgProspecto.executarAcao(Lbr/org/carameloCode/erp/modulo/crm/entidadesJPA/prospecto/Pessoa;)V (489 bytes) @ 0x00007f211af43ac4 [0x00007f211af3e5e0+0x54e4]
J 17657 C1 br.org.carameloCode.erp.crm.paginas.crmAtendimento.PgProspecto.executarAcao(Lbr/org/carameloCode/erp/modulo/crm/entidadesJPA/prospecto/Pessoa;)V (489 bytes) @ 0x00007f211af43ac4 [0x00007f211af3e5e0+0x54e4]
J 17657 C1 br.org.carameloCode.erp.crm.paginas.crmAtendimento.PgProspecto.executarAcao(Lbr/org/carameloCode/erp/modulo/crm/entidadesJPA/prospecto/Pessoa;)V (489 bytes) @ 0x00007f211af43ac4 [0x00007f211af3e5e0+0x54e4]
J 17657 C1 br.org.carameloCode.erp.crm.paginas.crmAtendimento.PgProspecto.executarAcao(Lbr/org/carameloCode/erp/modulo/crm/entidadesJPA/prospecto/Pessoa;)V (489 bytes) @ 0x00007f211af43ac4 [0x00007f211af3e5e0+0x54e4]
J 17657 C1 br.org.carameloCode.erp.crm.paginas.crmAtendimento.PgProspecto.executarAcao(Lbr/org/carameloCode/erp/modulo/crm/entidadesJPA/prospecto/Pessoa;)V (489 bytes) @ 0x00007f211af43ac4 [0x00007f211af3e5e0+0x54e4]
J 17657 C1 br.org.carameloCode.erp.crm.paginas.crmAtendimento.PgProspecto.executarAcao(Lbr/org/carameloCode/erp/modulo/crm/entidadesJPA/prospecto/Pessoa;)V (489 bytes) @ 0x00007f211af43ac4 [0x00007f211af3e5e0+0x54e4]
J 17657 C1 br.org.carameloCode.erp.crm.paginas.crmAtendimento.PgProspecto.executarAcao(Lbr/org/carameloCode/erp/modulo/crm/entidadesJPA/prospecto/Pessoa;)V (489 bytes) @ 0x00007f211af43ac4 [0x00007f211af3e5e0+0x54e4]
J 17657 C1 br.org.carameloCode.erp.crm.paginas.crmAtendimento.PgProspecto.executarAcao(Lbr/org/carameloCode/erp/modulo/crm/entidadesJPA/prospecto/Pessoa;)V (489 bytes) @ 0x00007f211af43ac4 [0x00007f211af3e5e0+0x54e4]
J 17657 C1 br.org.carameloCode.erp.crm.paginas.crmAtendimento.PgProspecto.executarAcao(Lbr/org/carameloCode/erp/modulo/crm/entidadesJPA/prospecto/Pessoa;)V (489 bytes) @ 0x00007f211af43ac4 [0x00007f211af3e5e0+0x54e4]
J 17657 C1 br.org.carameloCode.erp.crm.paginas.crmAtendimento.PgProspecto.executarAcao(Lbr/org/carameloCode/erp/modulo/crm/entidadesJPA/prospecto/Pessoa;)V (489 bytes) @ 0x00007f211af43ac4 [0x00007f211af3e5e0+0x54e4]
J 17657 C1 br.org.carameloCode.erp.crm.paginas.crmAtendimento.PgProspecto.executarAcao(Lbr/org/carameloCode/erp/modulo/crm/entidadesJPA/prospecto/Pessoa;)V (489 bytes) @ 0x00007f211af43ac4 [0x00007f211af3e5e0+0x54e4]
J 17657 C1 br.org.carameloCode.erp.crm.paginas.crmAtendimento.PgProspecto.executarAcao(Lbr/org/carameloCode/erp/modulo/crm/entidadesJPA/prospecto/Pessoa;)V (489 bytes) @ 0x00007f211af43ac4 [0x00007f211af3e5e0+0x54e4]
J 17657 C1 br.org.carameloCode.erp.crm.paginas.crmAtendimento.PgProspecto.executarAcao(Lbr/org/carameloCode/erp/modulo/crm/entidadesJPA/prospecto/Pessoa;)V (489 bytes) @ 0x00007f211af43ac4 [0x00007f211af3e5e0+0x54e4]
J 17657 C1 br.org.carameloCode.erp.crm.paginas.crmAtendimento.PgProspecto.executarAcao(Lbr/org/carameloCode/erp/modulo/crm/entidadesJPA/prospecto/Pessoa;)V (489 bytes) @ 0x00007f211af43ac4 [0x00007f211af3e5e0+0x54e4]
J 17657 C1 br.org.carameloCode.erp.crm.paginas.crmAtendimento.PgProspecto.executarAcao(Lbr/org/carameloCode/erp/modulo/crm/entidadesJPA/prospecto/Pessoa;)V (489 bytes) @ 0x00007f211af43ac4 [0x00007f211af3e5e0+0x54e4]
J 17657 C1 br.org.carameloCode.erp.crm.paginas.crmAtendimento.PgProspecto.executarAcao(Lbr/org/carameloCode/erp/modulo/crm/entidadesJPA/prospecto/Pessoa;)V (489 bytes) @ 0x00007f211af43ac4 [0x00007f211af3e5e0+0x54e4]
J 17657 C1 br.org.carameloCode.erp.crm.paginas.crmAtendimento.PgProspecto.executarAcao(Lbr/org/carameloCode/erp/modulo/crm/entidadesJPA/prospecto/Pessoa;)V (489 bytes) @ 0x00007f211af43ac4 [0x00007f211af3e5e0+0x54e4]
J 17657 C1 br.org.carameloCode.erp.crm.paginas.crmAtendimento.PgProspecto.executarAcao(Lbr/org/carameloCode/erp/modulo/crm/entidadesJPA/prospecto/Pessoa;)V (489 bytes) @ 0x00007f211af43ac4 [0x00007f211af3e5e0+0x54e4]
J 17657 C1 br.org.carameloCode.erp.crm.paginas.crmAtendimento.PgProspecto.executarAcao(Lbr/org/carameloCode/erp/modulo/crm/entidadesJPA/prospecto/Pessoa;)V (489 bytes) @ 0x00007f211af43ac4 [0x00007f211af3e5e0+0x54e4]
J 17657 C1 br.org.carameloCode.erp.crm.paginas.crmAtendimento.PgProspecto.executarAcao(Lbr/org/carameloCode/erp/modulo/crm/entidadesJPA/prospecto/Pessoa;)V (489 bytes) @ 0x00007f211af43ac4 [0x00007f211af3e5e0+0x54e4]
J 17657 C1 br.org.carameloCode.erp.crm.paginas.crmAtendimento.PgProspecto.executarAcao(Lbr/org/carameloCode/erp/modulo/crm/entidadesJPA/prospecto/Pessoa;)V (489 bytes) @ 0x00007f211af43ac4 [0x00007f211af3e5e0+0x54e4]
J 17657 C1 br.org.carameloCode.erp.crm.paginas.crmAtendimento.PgProspecto.executarAcao(Lbr/org/carameloCode/erp/modulo/crm/entidadesJPA/prospecto/Pessoa;)V (489 bytes) @ 0x00007f211af43ac4 [0x00007f211af3e5e0+0x54e4]
J 17657 C1 br.org.carameloCode.erp.crm.paginas.crmAtendimento.PgProspecto.executarAcao(Lbr/org/carameloCode/erp/modulo/crm/entidadesJPA/prospecto/Pessoa;)V (489 bytes) @ 0x00007f211af43ac4 [0x00007f211af3e5e0+0x54e4]
J 17657 C1 br.org.carameloCode.erp.crm.paginas.crmAtendimento.PgProspecto.executarAcao(Lbr/org/carameloCode/erp/modulo/crm/entidadesJPA/prospecto/Pessoa;)V (489 bytes) @ 0x00007f211af43ac4 [0x00007f211af3e5e0+0x54e4]
J 17657 C1 br.org.carameloCode.erp.crm.paginas.crmAtendimento.PgProspecto.executarAcao(Lbr/org/carameloCode/erp/modulo/crm/entidadesJPA/prospecto/Pessoa;)V (489 bytes) @ 0x00007f211af43ac4 [0x00007f211af3e5e0+0x54e4]
J 17657 C1 br.org.carameloCode.erp.crm.paginas.crmAtendimento.PgProspecto.executarAcao(Lbr/org/carameloCode/erp/modulo/crm/entidadesJPA/prospecto/Pessoa;)V (489 bytes) @ 0x00007f211af43ac4 [0x00007f211af3e5e0+0x54e4]
J 17657 C1 br.org.carameloCode.erp.crm.paginas.crmAtendimento.PgProspecto.executarAcao(Lbr/org/carameloCode/erp/modulo/crm/entidadesJPA/prospecto/Pessoa;)V (489 bytes) @ 0x00007f211af43ac4 [0x00007f211af3e5e0+0x54e4]
J 17657 C1 br.org.carameloCode.erp.crm.paginas.crmAtendimento.PgProspecto.executarAcao(Lbr/org/carameloCode/erp/modulo/crm/entidadesJPA/prospecto/Pessoa;)V (489 bytes) @ 0x00007f211af43ac4 [0x00007f211af3e5e0+0x54e4]
J 17657 C1 br.org.carameloCode.erp.crm.paginas.crmAtendimento.PgProspecto.executarAcao(Lbr/org/carameloCode/erp/modulo/crm/entidadesJPA/prospecto/Pessoa;)V (489 bytes) @ 0x00007f211af43ac4 [0x00007f211af3e5e0+0x54e4]
J 17657 C1 br.org.carameloCode.erp.crm.paginas.crmAtendimento.PgProspecto.executarAcao(Lbr/org/carameloCode/erp/modulo/crm/entidadesJPA/prospecto/Pessoa;)V (489 bytes) @ 0x00007f211af43ac4 [0x00007f211af3e5e0+0x54e4]
J 17657 C1 br.org.carameloCode.erp.crm.paginas.crmAtendimento.PgProspecto.executarAcao(Lbr/org/carameloCode/erp/modulo/crm/entidadesJPA/prospecto/Pessoa;)V (489 bytes) @ 0x00007f211af43ac4 [0x00007f211af3e5e0+0x54e4]
J 17657 C1 br.org.carameloCode.erp.crm.paginas.crmAtendimento.PgProspecto.executarAcao(Lbr/org/carameloCode/erp/modulo/crm/entidadesJPA/prospecto/Pessoa;)V (489 bytes) @ 0x00007f211af43ac4 [0x00007f211af3e5e0+0x54e4]
J 17657 C1 br.org.carameloCode.erp.crm.paginas.crmAtendimento.PgProspecto.executarAcao(Lbr/org/carameloCode/erp/modulo/crm/entidadesJPA/prospecto/Pessoa;)V (489 bytes) @ 0x00007f211af43ac4 [0x00007f211af3e5e0+0x54e4]
J 17657 C1 br.org.carameloCode.erp.crm.paginas.crmAtendimento.PgProspecto.executarAcao(Lbr/org/carameloCode/erp/modulo/crm/entidadesJPA/prospecto/Pessoa;)V (489 bytes) @ 0x00007f211af43ac4 [0x00007f211af3e5e0+0x54e4]
J 17657 C1 br.org.carameloCode.erp.crm.paginas.crmAtendimento.PgProspecto.executarAcao(Lbr/org/carameloCode/erp/modulo/crm/entidadesJPA/prospecto/Pessoa;)V (489 bytes) @ 0x00007f211af43ac4 [0x00007f211af3e5e0+0x54e4]
J 17657 C1 br.org.carameloCode.erp.crm.paginas.crmAtendimento.PgProspecto.executarAcao(Lbr/org/carameloCode/erp/modulo/crm/entidadesJPA/prospecto/Pessoa;)V (489 bytes) @ 0x00007f211af43ac4 [0x00007f211af3e5e0+0x54e4]
J 17657 C1 br.org.carameloCode.erp.crm.paginas.crmAtendimento.PgProspecto.executarAcao(Lbr/org/carameloCode/erp/modulo/crm/entidadesJPA/prospecto/Pessoa;)V (489 bytes) @ 0x00007f211af43ac4 [0x00007f211af3e5e0+0x54e4]
J 17657 C1 br.org.carameloCode.erp.crm.paginas.crmAtendimento.PgProspecto.executarAcao(Lbr/org/carameloCode/erp/modulo/crm/entidadesJPA/prospecto/Pessoa;)V (489 bytes) @ 0x00007f211af43ac4 [0x00007f211af3e5e0+0x54e4]
J 17657 C1 br.org.carameloCode.erp.crm.paginas.crmAtendimento.PgProspecto.executarAcao(Lbr/org/carameloCode/erp/modulo/crm/entidadesJPA/prospecto/Pessoa;)V (489 bytes) @ 0x00007f211af43ac4 [0x00007f211af3e5e0+0x54e4]
J 17657 C1 br.org.carameloCode.erp.crm.paginas.crmAtendimento.PgProspecto.executarAcao(Lbr/org/carameloCode/erp/modulo/crm/entidadesJPA/prospecto/Pessoa;)V (489 bytes) @ 0x00007f211af43ac4 [0x00007f211af3e5e0+0x54e4]
J 17657 C1 br.org.carameloCode.erp.crm.paginas.crmAtendimento.PgProspecto.executarAcao(Lbr/org/carameloCode/erp/modulo/crm/entidadesJPA/prospecto/Pessoa;)V (489 bytes) @ 0x00007f211af43ac4 [0x00007f211af3e5e0+0x54e4]
J 17657 C1 br.org.carameloCode.erp.crm.paginas.crmAtendimento.PgProspecto.executarAcao(Lbr/org/carameloCode/erp/modulo/crm/entidadesJPA/prospecto/Pessoa;)V (489 bytes) @ 0x00007f211af43ac4 [0x00007f211af3e5e0+0x54e4]
J 17657 C1 br.org.carameloCode.erp.crm.paginas.crmAtendimento.PgProspecto.executarAcao(Lbr/org/carameloCode/erp/modulo/crm/entidadesJPA/prospecto/Pessoa;)V (489 bytes) @ 0x00007f211af43ac4 [0x00007f211af3e5e0+0x54e4]
J 17657 C1 br.org.carameloCode.erp.crm.paginas.crmAtendimento.PgProspecto.executarAcao(Lbr/org/carameloCode/erp/modulo/crm/entidadesJPA/prospecto/Pessoa;)V (489 bytes) @ 0x00007f211af43ac4 [0x00007f211af3e5e0+0x54e4]
J 17657 C1 br.org.carameloCode.erp.crm.paginas.crmAtendimento.PgProspecto.executarAcao(Lbr/org/carameloCode/erp/modulo/crm/entidadesJPA/prospecto/Pessoa;)V (489 bytes) @ 0x00007f211af43ac4 [0x00007f211af3e5e0+0x54e4]
J 17657 C1 br.org.carameloCode.erp.crm.paginas.crmAtendimento.PgProspecto.executarAcao(Lbr/org/carameloCode/erp/modulo/crm/entidadesJPA/prospecto/Pessoa;)V (489 bytes) @ 0x00007f211af43ac4 [0x00007f211af3e5e0+0x54e4]
J 17657 C1 br.org.carameloCode.erp.crm.paginas.crmAtendimento.PgProspecto.executarAcao(Lbr/org/carameloCode/erp/modulo/crm/entidadesJPA/prospecto/Pessoa;)V (489 bytes) @ 0x00007f211af43ac4 [0x00007f211af3e5e0+0x54e4]
J 17657 C1 br.org.carameloCode.erp.crm.paginas.crmAtendimento.PgProspecto.executarAcao(Lbr/org/carameloCode/erp/modulo/crm/entidadesJPA/prospecto/Pessoa;)V (489 bytes) @ 0x00007f211af43ac4 [0x00007f211af3e5e0+0x54e4]
J 17657 C1 br.org.carameloCode.erp.crm.paginas.crmAtendimento.PgProspecto.executarAcao(Lbr/org/carameloCode/erp/modulo/crm/entidadesJPA/prospecto/Pessoa;)V (489 bytes) @ 0x00007f211af43ac4 [0x00007f211af3e5e0+0x54e4]
J 17657 C1 br.org.carameloCode.erp.crm.paginas.crmAtendimento.PgProspecto.executarAcao(Lbr/org/carameloCode/erp/modulo/crm/entidadesJPA/prospecto/Pessoa;)V (489 bytes) @ 0x00007f211af43ac4 [0x00007f211af3e5e0+0x54e4]
J 17657 C1 br.org.carameloCode.erp.crm.paginas.crmAtendimento.PgProspecto.executarAcao(Lbr/org/carameloCode/erp/modulo/crm/entidadesJPA/prospecto/Pessoa;)V (489 bytes) @ 0x00007f211af43ac4 [0x00007f211af3e5e0+0x54e4]
J 17657 C1 br.org.carameloCode.erp.crm.paginas.crmAtendimento.PgProspecto.executarAcao(Lbr/org/carameloCode/erp/modulo/crm/entidadesJPA/prospecto/Pessoa;)V (489 bytes) @ 0x00007f211af43ac4 [0x00007f211af3e5e0+0x54e4]
J 17657 C1 br.org.carameloCode.erp.crm.paginas.crmAtendimento.PgProspecto.executarAcao(Lbr/org/carameloCode/erp/modulo/crm/entidadesJPA/prospecto/Pessoa;)V (489 bytes) @ 0x00007f211af43ac4 [0x00007f211af3e5e0+0x54e4]
J 17657 C1 br.org.carameloCode.erp.crm.paginas.crmAtendimento.PgProspecto.executarAcao(Lbr/org/carameloCode/erp/modulo/crm/entidadesJPA/prospecto/Pessoa;)V (489 bytes) @ 0x00007f211af43ac4 [0x00007f211af3e5e0+0x54e4]
J 17657 C1 br.org.carameloCode.erp.crm.paginas.crmAtendimento.PgProspecto.executarAcao(Lbr/org/carameloCode/erp/modulo/crm/entidadesJPA/prospecto/Pessoa;)V (489 bytes) @ 0x00007f211af43ac4 [0x00007f211af3e5e0+0x54e4]
J 17657 C1 br.org.carameloCode.erp.crm.paginas.crmAtendimento.PgProspecto.executarAcao(Lbr/org/carameloCode/erp/modulo/crm/entidadesJPA/prospecto/Pessoa;)V (489 bytes) @ 0x00007f211af43ac4 [0x00007f211af3e5e0+0x54e4]
J 17657 C1 br.org.carameloCode.erp.crm.paginas.crmAtendimento.PgProspecto.executarAcao(Lbr/org/carameloCode/erp/modulo/crm/entidadesJPA/prospecto/Pessoa;)V (489 bytes) @ 0x00007f211af43ac4 [0x00007f211af3e5e0+0x54e4]
J 17657 C1 br.org.carameloCode.erp.crm.paginas.crmAtendimento.PgProspecto.executarAcao(Lbr/org/carameloCode/erp/modulo/crm/entidadesJPA/prospecto/Pessoa;)V (489 bytes) @ 0x00007f211af43ac4 [0x00007f211af3e5e0+0x54e4]
J 17657 C1 br.org.carameloCode.erp.crm.paginas.crmAtendimento.PgProspecto.executarAcao(Lbr/org/carameloCode/erp/modulo/crm/entidadesJPA/prospecto/Pessoa;)V (489 bytes) @ 0x00007f211af43ac4 [0x00007f211af3e5e0+0x54e4]
J 17657 C1 br.org.carameloCode.erp.crm.paginas.crmAtendimento.PgProspecto.executarAcao(Lbr/org/carameloCode/erp/modulo/crm/entidadesJPA/prospecto/Pessoa;)V (489 bytes) @ 0x00007f211af43ac4 [0x00007f211af3e5e0+0x54e4]
J 17657 C1 br.org.carameloCode.erp.crm.paginas.crmAtendimento.PgProspecto.executarAcao(Lbr/org/carameloCode/erp/modulo/crm/entidadesJPA/prospecto/Pessoa;)V (489 bytes) @ 0x00007f211af43ac4 [0x00007f211af3e5e0+0x54e4]
J 17657 C1 br.org.carameloCode.erp.crm.paginas.crmAtendimento.PgProspecto.executarAcao(Lbr/org/carameloCode/erp/modulo/crm/entidadesJPA/prospecto/Pessoa;)V (489 bytes) @ 0x00007f211af43ac4 [0x00007f211af3e5e0+0x54e4]
J 17657 C1 br.org.carameloCode.erp.crm.paginas.crmAtendimento.PgProspecto.executarAcao(Lbr/org/carameloCode/erp/modulo/crm/entidadesJPA/prospecto/Pessoa;)V (489 bytes) @ 0x00007f211af43ac4 [0x00007f211af3e5e0+0x54e4]
J 17657 C1 br.org.carameloCode.erp.crm.paginas.crmAtendimento.PgProspecto.executarAcao(Lbr/org/carameloCode/erp/modulo/crm/entidadesJPA/prospecto/Pessoa;)V (489 bytes) @ 0x00007f211af43ac4 [0x00007f211af3e5e0+0x54e4]
J 17657 C1 br.org.carameloCode.erp.crm.paginas.crmAtendimento.PgProspecto.executarAcao(Lbr/org/carameloCode/erp/modulo/crm/entidadesJPA/prospecto/Pessoa;)V (489 bytes) @ 0x00007f211af43ac4 [0x00007f211af3e5e0+0x54e4]
J 17657 C1 br.org.carameloCode.erp.crm.paginas.crmAtendimento.PgProspecto.executarAcao(Lbr/org/carameloCode/erp/modulo/crm/entidadesJPA/prospecto/Pessoa;)V (489 bytes) @ 0x00007f211af43ac4 [0x00007f211af3e5e0+0x54e4]
J 17657 C1 br.org.carameloCode.erp.crm.paginas.crmAtendimento.PgProspecto.executarAcao(Lbr/org/carameloCode/erp/modulo/crm/entidadesJPA/prospecto/Pessoa;)V (489 bytes) @ 0x00007f211af43ac4 [0x00007f211af3e5e0+0x54e4]
J 17657 C1 br.org.carameloCode.erp.crm.paginas.crmAtendimento.PgProspecto.executarAcao(Lbr/org/carameloCode/erp/modulo/crm/entidadesJPA/prospecto/Pessoa;)V (489 bytes) @ 0x00007f211af43ac4 [0x00007f211af3e5e0+0x54e4]
J 17657 C1 br.org.carameloCode.erp.crm.paginas.crmAtendimento.PgProspecto.executarAcao(Lbr/org/carameloCode/erp/modulo/crm/entidadesJPA/prospecto/Pessoa;)V (489 bytes) @ 0x00007f211af43ac4 [0x00007f211af3e5e0+0x54e4]
J 17657 C1 br.org.carameloCode.erp.crm.paginas.crmAtendimento.PgProspecto.executarAcao(Lbr/org/carameloCode/erp/modulo/crm/entidadesJPA/prospecto/Pessoa;)V (489 bytes) @ 0x00007f211af43ac4 [0x00007f211af3e5e0+0x54e4]
J 17657 C1 br.org.carameloCode.erp.crm.paginas.crmAtendimento.PgProspecto.executarAcao(Lbr/org/carameloCode/erp/modulo/crm/entidadesJPA/prospecto/Pessoa;)V (489 bytes) @ 0x00007f211af43ac4 [0x00007f211af3e5e0+0x54e4]
J 17657 C1 br.org.carameloCode.erp.crm.paginas.crmAtendimento.PgProspecto.executarAcao(Lbr/org/carameloCode/erp/modulo/crm/entidadesJPA/prospecto/Pessoa;)V (489 bytes) @ 0x00007f211af43ac4 [0x00007f211af3e5e0+0x54e4]
J 17657 C1 br.org.carameloCode.erp.crm.paginas.crmAtendimento.PgProspecto.executarAcao(Lbr/org/carameloCode/erp/modulo/crm/entidadesJPA/prospecto/Pessoa;)V (489 bytes) @ 0x00007f211af43ac4 [0x00007f211af3e5e0+0x54e4]
J 17657 C1 br.org.carameloCode.erp.crm.paginas.crmAtendimento.PgProspecto.executarAcao(Lbr/org/carameloCode/erp/modulo/crm/entidadesJPA/prospecto/Pessoa;)V (489 bytes) @ 0x00007f211af43ac4 [0x00007f211af3e5e0+0x54e4]
J 17657 C1 br.org.carameloCode.erp.crm.paginas.crmAtendimento.PgProspecto.executarAcao(Lbr/org/carameloCode/erp/modulo/crm/entidadesJPA/prospecto/Pessoa;)V (489 bytes) @ 0x00007f211af43ac4 [0x00007f211af3e5e0+0x54e4]
J 17657 C1 br.org.carameloCode.erp.crm.paginas.crmAtendimento.PgProspecto.executarAcao(Lbr/org/carameloCode/erp/modulo/crm/entidadesJPA/prospecto/Pessoa;)V (489 bytes) @ 0x00007f211af43ac4 [0x00007f211af3e5e0+0x54e4]
J 17657 C1 br.org.carameloCode.erp.crm.paginas.crmAtendimento.PgProspecto.executarAcao(Lbr/org/carameloCode/erp/modulo/crm/entidadesJPA/prospecto/Pessoa;)V (489 bytes) @ 0x00007f211af43ac4 [0x00007f211af3e5e0+0x54e4]
J 17657 C1 br.org.carameloCode.erp.crm.paginas.crmAtendimento.PgProspecto.executarAcao(Lbr/org/carameloCode/erp/modulo/crm/entidadesJPA/prospecto/Pessoa;)V (489 bytes) @ 0x00007f211af43ac4 [0x00007f211af3e5e0+0x54e4]
J 17657 C1 br.org.carameloCode.erp.crm.paginas.crmAtendimento.PgProspecto.executarAcao(Lbr/org/carameloCode/erp/modulo/crm/entidadesJPA/prospecto/Pessoa;)V (489 bytes) @ 0x00007f211af43ac4 [0x00007f211af3e5e0+0x54e4]
J 17657 C1 br.org.carameloCode.erp.crm.paginas.crmAtendimento.PgProspecto.executarAcao(Lbr/org/carameloCode/erp/modulo/crm/entidadesJPA/prospecto/Pessoa;)V (489 bytes) @ 0x00007f211af43ac4 [0x00007f211af3e5e0+0x54e4]
J 17657 C1 br.org.carameloCode.erp.crm.paginas.crmAtendimento.PgProspecto.executarAcao(Lbr/org/carameloCode/erp/modulo/crm/entidadesJPA/prospecto/Pessoa;)V (489 bytes) @ 0x00007f211af43ac4 [0x00007f211af3e5e0+0x54e4]
J 17657 C1 br.org.carameloCode.erp.crm.paginas.crmAtendimento.PgProspecto.executarAcao(Lbr/org/carameloCode/erp/modulo/crm/entidadesJPA/prospecto/Pessoa;)V (489 bytes) @ 0x00007f211af43ac4 [0x00007f211af3e5e0+0x54e4]
J 17657 C1 br.org.carameloCode.erp.crm.paginas.crmAtendimento.PgProspecto.executarAcao(Lbr/org/carameloCode/erp/modulo/crm/entidadesJPA/prospecto/Pessoa;)V (489 bytes) @ 0x00007f211af43ac4 [0x00007f211af3e5e0+0x54e4]
J 17657 C1 br.org.carameloCode.erp.crm.paginas.crmAtendimento.PgProspecto.executarAcao(Lbr/org/carameloCode/erp/modulo/crm/entidadesJPA/prospecto/Pessoa;)V (489 bytes) @ 0x00007f211af43ac4 [0x00007f211af3e5e0+0x54e4]
J 17657 C1 br.org.carameloCode.erp.crm.paginas.crmAtendimento.PgProspecto.executarAcao(Lbr/org/carameloCode/erp/modulo/crm/entidadesJPA/prospecto/Pessoa;)V (489 bytes) @ 0x00007f211af43ac4 [0x00007f211af3e5e0+0x54e4]
J 17657 C1 br.org.carameloCode.erp.crm.paginas.crmAtendimento.PgProspecto.executarAcao(Lbr/org/carameloCode/erp/modulo/crm/entidadesJPA/prospecto/Pessoa;)V (489 bytes) @ 0x00007f211af43ac4 [0x00007f211af3e5e0+0x54e4]
J 17657 C1 br.org.carameloCode.erp.crm.paginas.crmAtendimento.PgProspecto.executarAcao(Lbr/org/carameloCode/erp/modulo/crm/entidadesJPA/prospecto/Pessoa;)V (489 bytes) @ 0x00007f211af43ac4 [0x00007f211af3e5e0+0x54e4]
J 17657 C1 br.org.carameloCode.erp.crm.paginas.crmAtendimento.PgProspecto.executarAcao(Lbr/org/carameloCode/erp/modulo/crm/entidadesJPA/prospecto/Pessoa;)V (489 bytes) @ 0x00007f211af43ac4 [0x00007f211af3e5e0+0x54e4]
J 17657 C1 br.org.carameloCode.erp.crm.paginas.crmAtendimento.PgProspecto.executarAcao(Lbr/org/carameloCode/erp/modulo/crm/entidadesJPA/prospecto/Pessoa;)V (489 bytes) @ 0x00007f211af43ac4 [0x00007f211af3e5e0+0x54e4]
J 17657 C1 br.org.carameloCode.erp.crm.paginas.crmAtendimento.PgProspecto.executarAcao(Lbr/org/carameloCode/erp/modulo/crm/entidadesJPA/prospecto/Pessoa;)V (489 bytes) @ 0x00007f211af43ac4 [0x00007f211af3e5e0+0x54e4]
J 17657 C1 br.org.carameloCode.erp.crm.paginas.crmAtendimento.PgProspecto.executarAcao(Lbr/org/carameloCode/erp/modulo/crm/entidadesJPA/prospecto/Pessoa;)V (489 bytes) @ 0x00007f211af43ac4 [0x00007f211af3e5e0+0x54e4]
J 17657 C1 br.org.carameloCode.erp.crm.paginas.crmAtendimento.PgProspecto.executarAcao(Lbr/org/carameloCode/erp/modulo/crm/entidadesJPA/prospecto/Pessoa;)V (489 bytes) @ 0x00007f211af43ac4 [0x00007f211af3e5e0+0x54e4]
J 17657 C1 br.org.carameloCode.erp.crm.paginas.crmAtendimento.PgProspecto.executarAcao(Lbr/org/carameloCode/erp/modulo/crm/entidadesJPA/prospecto/Pessoa;)V (489 bytes) @ 0x00007f211af43ac4 [0x00007f211af3e5e0+0x54e4]
J 17657 C1 br.org.carameloCode.erp.crm.paginas.crmAtendimento.PgProspecto.executarAcao(Lbr/org/carameloCode/erp/modulo/crm/entidadesJPA/prospecto/Pessoa;)V (489 bytes) @ 0x00007f211af43ac4 [0x00007f211af3e5e0+0x54e4]
J 17657 C1 br.org.carameloCode.erp.crm.paginas.crmAtendimento.PgProspecto.executarAcao(Lbr/org/carameloCode/erp/modulo/crm/entidadesJPA/prospecto/Pessoa;)V (489 bytes) @ 0x00007f211af43ac4 [0x00007f211af3e5e0+0x54e4]
J 17657 C1 br.org.carameloCode.erp.crm.paginas.crmAtendimento.PgProspecto.executarAcao(Lbr/org/carameloCode/erp/modulo/crm/entidadesJPA/prospecto/Pessoa;)V (489 bytes) @ 0x00007f211af43ac4 [0x00007f211af3e5e0+0x54e4]
J 17657 C1 br.org.carameloCode.erp.crm.paginas.crmAtendimento.PgProspecto.executarAcao(Lbr/org/carameloCode/erp/modulo/crm/entidadesJPA/prospecto/Pessoa;)V (489 bytes) @ 0x00007f211af43ac4 [0x00007f211af3e5e0+0x54e4]
J 17657 C1 br.org.carameloCode.erp.crm.paginas.crmAtendimento.PgProspecto.executarAcao(Lbr/org/carameloCode/erp/modulo/crm/entidadesJPA/prospecto/Pessoa;)V (489 bytes) @ 0x00007f211af43ac4 [0x00007f211af3e5e0+0x54e4]
J 17657 C1 br.org.carameloCode.erp.crm.paginas.crmAtendimento.PgProspecto.executarAcao(Lbr/org/carameloCode/erp/modulo/crm/entidadesJPA/prospecto/Pessoa;)V (489 bytes) @ 0x00007f211af43ac4 [0x00007f211af3e5e0+0x54e4]
J 17657 C1 br.org.carameloCode.erp.crm.paginas.crmAtendimento.PgProspecto.executarAcao(Lbr/org/carameloCode/erp/modulo/crm/entidadesJPA/prospecto/Pessoa;)V (489 bytes) @ 0x00007f211af43ac4 [0x00007f211af3e5e0+0x54e4]
J 17657 C1 br.org.carameloCode.erp.crm.paginas.crmAtendimento.PgProspecto.executarAcao(Lbr/org/carameloCode/erp/modulo/crm/entidadesJPA/prospecto/Pessoa;)V (489 bytes) @ 0x00007f211af43ac4 [0x00007f211af3e5e0+0x54e4]
J 17657 C1 br.org.carameloCode.erp.crm.paginas.crmAtendimento.PgProspecto.executarAcao(Lbr/org/carameloCode/erp/modulo/crm/entidadesJPA/prospecto/Pessoa;)V (489 bytes) @ 0x00007f211af43ac4 [0x00007f211af3e5e0+0x54e4]
J 17657 C1 br.org.carameloCode.erp.crm.paginas.crmAtendimento.PgProspecto.executarAcao(Lbr/org/carameloCode/erp/modulo/crm/entidadesJPA/prospecto/Pessoa;)V (489 bytes) @ 0x00007f211af43ac4 [0x00007f211af3e5e0+0x54e4]
J 17657 C1 br.org.carameloCode.erp.crm.paginas.crmAtendimento.PgProspecto.executarAcao(Lbr/org/carameloCode/erp/modulo/crm/entidadesJPA/prospecto/Pessoa;)V (489 bytes) @ 0x00007f211af43ac4 [0x00007f211af3e5e0+0x54e4]
J 17657 C1 br.org.carameloCode.erp.crm.paginas.crmAtendimento.PgProspecto.executarAcao(Lbr/org/carameloCode/erp/modulo/crm/entidadesJPA/prospecto/Pessoa;)V (489 bytes) @ 0x00007f211af43ac4 [0x00007f211af3e5e0+0x54e4]
J 17657 C1 br.org.carameloCode.erp.crm.paginas.crmAtendimento.PgProspecto.executarAcao(Lbr/org/carameloCode/erp/modulo/crm/entidadesJPA/prospecto/Pessoa;)V (489 bytes) @ 0x00007f211af43ac4 [0x00007f211af3e5e0+0x54e4]
J 17657 C1 br.org.carameloCode.erp.crm.paginas.crmAtendimento.PgProspecto.executarAcao(Lbr/org/carameloCode/erp/modulo/crm/entidadesJPA/prospecto/Pessoa;)V (489 bytes) @ 0x00007f211af43ac4 [0x00007f211af3e5e0+0x54e4]
J 17657 C1 br.org.carameloCode.erp.crm.paginas.crmAtendimento.PgProspecto.executarAcao(Lbr/org/carameloCode/erp/modulo/crm/entidadesJPA/prospecto/Pessoa;)V (489 bytes) @ 0x00007f211af43ac4 [0x00007f211af3e5e0+0x54e4]
J 17657 C1 br.org.carameloCode.erp.crm.paginas.crmAtendimento.PgProspecto.executarAcao(Lbr/org/carameloCode/erp/modulo/crm/entidadesJPA/prospecto/Pessoa;)V (489 bytes) @ 0x00007f211af43ac4 [0x00007f211af3e5e0+0x54e4]
J 17657 C1 br.org.carameloCode.erp.crm.paginas.crmAtendimento.PgProspecto.executarAcao(Lbr/org/carameloCode/erp/modulo/crm/entidadesJPA/prospecto/Pessoa;)V (489 bytes) @ 0x00007f211af43ac4 [0x00007f211af3e5e0+0x54e4]
J 17657 C1 br.org.carameloCode.erp.crm.paginas.crmAtendimento.PgProspecto.executarAcao(Lbr/org/carameloCode/erp/modulo/crm/entidadesJPA/prospecto/Pessoa;)V (489 bytes) @ 0x00007f211af43ac4 [0x00007f211af3e5e0+0x54e4]
J 17657 C1 br.org.carameloCode.erp.crm.paginas.crmAtendimento.PgProspecto.executarAcao(Lbr/org/carameloCode/erp/modulo/crm/entidadesJPA/prospecto/Pessoa;)V (489 bytes) @ 0x00007f211af43ac4 [0x00007f211af3e5e0+0x54e4]
J 17657 C1 br.org.carameloCode.erp.crm.paginas.crmAtendimento.PgProspecto.executarAcao(Lbr/org/carameloCode/erp/modulo/crm/entidadesJPA/prospecto/Pessoa;)V (489 bytes) @ 0x00007f211af43ac4 [0x00007f211af3e5e0+0x54e4]
J 17657 C1 br.org.carameloCode.erp.crm.paginas.crmAtendimento.PgProspecto.executarAcao(Lbr/org/carameloCode/erp/modulo/crm/entidadesJPA/prospecto/Pessoa;)V (489 bytes) @ 0x00007f211af43ac4 [0x00007f211af3e5e0+0x54e4]
J 17657 C1 br.org.carameloCode.erp.crm.paginas.crmAtendimento.PgProspecto.executarAcao(Lbr/org/carameloCode/erp/modulo/crm/entidadesJPA/prospecto/Pessoa;)V (489 bytes) @ 0x00007f211af43ac4 [0x00007f211af3e5e0+0x54e4]
J 17657 C1 br.org.carameloCode.erp.crm.paginas.crmAtendimento.PgProspecto.executarAcao(Lbr/org/carameloCode/erp/modulo/crm/entidadesJPA/prospecto/Pessoa;)V (489 bytes) @ 0x00007f211af43ac4 [0x00007f211af3e5e0+0x54e4]
J 17657 C1 br.org.carameloCode.erp.crm.paginas.crmAtendimento.PgProspecto.executarAcao(Lbr/org/carameloCode/erp/modulo/crm/entidadesJPA/prospecto/Pessoa;)V (489 bytes) @ 0x00007f211af43ac4 [0x00007f211af3e5e0+0x54e4]
J 17657 C1 br.org.carameloCode.erp.crm.paginas.crmAtendimento.PgProspecto.executarAcao(Lbr/org/carameloCode/erp/modulo/crm/entidadesJPA/prospecto/Pessoa;)V (489 bytes) @ 0x00007f211af43ac4 [0x00007f211af3e5e0+0x54e4]
J 17657 C1 br.org.carameloCode.erp.crm.paginas.crmAtendimento.PgProspecto.executarAcao(Lbr/org/carameloCode/erp/modulo/crm/entidadesJPA/prospecto/Pessoa;)V (489 bytes) @ 0x00007f211af43ac4 [0x00007f211af3e5e0+0x54e4]
J 17657 C1 br.org.carameloCode.erp.crm.paginas.crmAtendimento.PgProspecto.executarAcao(Lbr/org/carameloCode/erp/modulo/crm/entidadesJPA/prospecto/Pessoa;)V (489 bytes) @ 0x00007f211af43ac4 [0x00007f211af3e5e0+0x54e4]
J 17657 C1 br.org.carameloCode.erp.crm.paginas.crmAtendimento.PgProspecto.executarAcao(Lbr/org/carameloCode/erp/modulo/crm/entidadesJPA/prospecto/Pessoa;)V (489 bytes) @ 0x00007f211af43ac4 [0x00007f211af3e5e0+0x54e4]
J 17657 C1 br.org.carameloCode.erp.crm.paginas.crmAtendimento.PgProspecto.executarAcao(Lbr/org/carameloCode/erp/modulo/crm/entidadesJPA/prospecto/Pessoa;)V (489 bytes) @ 0x00007f211af43ac4 [0x00007f211af3e5e0+0x54e4]
J 17657 C1 br.org.carameloCode.erp.crm.paginas.crmAtendimento.PgProspecto.executarAcao(Lbr/org/carameloCode/erp/modulo/crm/entidadesJPA/prospecto/Pessoa;)V (489 bytes) @ 0x00007f211af43ac4 [0x00007f211af3e5e0+0x54e4]
J 17657 C1 br.org.carameloCode.erp.crm.paginas.crmAtendimento.PgProspecto.executarAcao(Lbr/org/carameloCode/erp/modulo/crm/entidadesJPA/prospecto/Pessoa;)V (489 bytes) @ 0x00007f211af43ac4 [0x00007f211af3e5e0+0x54e4]
J 17657 C1 br.org.carameloCode.erp.crm.paginas.crmAtendimento.PgProspecto.executarAcao(Lbr/org/carameloCode/erp/modulo/crm/entidadesJPA/prospecto/Pessoa;)V (489 bytes) @ 0x00007f211af43ac4 [0x00007f211af3e5e0+0x54e4]
J 17657 C1 br.org.carameloCode.erp.crm.paginas.crmAtendimento.PgProspecto.executarAcao(Lbr/org/carameloCode/erp/modulo/crm/entidadesJPA/prospecto/Pessoa;)V (489 bytes) @ 0x00007f211af43ac4 [0x00007f211af3e5e0+0x54e4]
J 17657 C1 br.org.carameloCode.erp.crm.paginas.crmAtendimento.PgProspecto.executarAcao(Lbr/org/carameloCode/erp/modulo/crm/entidadesJPA/prospecto/Pessoa;)V (489 bytes) @ 0x00007f211af43ac4 [0x00007f211af3e5e0+0x54e4]
J 17657 C1 br.org.carameloCode.erp.crm.paginas.crmAtendimento.PgProspecto.executarAcao(Lbr/org/carameloCode/erp/modulo/crm/entidadesJPA/prospecto/Pessoa;)V (489 bytes) @ 0x00007f211af43ac4 [0x00007f211af3e5e0+0x54e4]
J 17657 C1 br.org.carameloCode.erp.crm.paginas.crmAtendimento.PgProspecto.executarAcao(Lbr/org/carameloCode/erp/modulo/crm/entidadesJPA/prospecto/Pessoa;)V (489 bytes) @ 0x00007f211af43ac4 [0x00007f211af3e5e0+0x54e4]
J 17657 C1 br.org.carameloCode.erp.crm.paginas.crmAtendimento.PgProspecto.executarAcao(Lbr/org/carameloCode/erp/modulo/crm/entidadesJPA/prospecto/Pessoa;)V (489 bytes) @ 0x00007f211af43ac4 [0x00007f211af3e5e0+0x54e4]
J 17657 C1 br.org.carameloCode.erp.crm.paginas.crmAtendimento.PgProspecto.executarAcao(Lbr/org/carameloCode/erp/modulo/crm/entidadesJPA/prospecto/Pessoa;)V (489 bytes) @ 0x00007f211af43ac4 [0x00007f211af3e5e0+0x54e4]
J 17657 C1 br.org.carameloCode.erp.crm.paginas.crmAtendimento.PgProspecto.executarAcao(Lbr/org/carameloCode/erp/modulo/crm/entidadesJPA/prospecto/Pessoa;)V (489 bytes) @ 0x00007f211af43ac4 [0x00007f211af3e5e0+0x54e4]
J 17657 C1 br.org.carameloCode.erp.crm.paginas.crmAtendimento.PgProspecto.executarAcao(Lbr/org/carameloCode/erp/modulo/crm/entidadesJPA/prospecto/Pessoa;)V (489 bytes) @ 0x00007f211af43ac4 [0x00007f211af3e5e0+0x54e4]
J 17657 C1 br.org.carameloCode.erp.crm.paginas.crmAtendimento.PgProspecto.executarAcao(Lbr/org/carameloCode/erp/modulo/crm/entidadesJPA/prospecto/Pessoa;)V (489 bytes) @ 0x00007f211af43ac4 [0x00007f211af3e5e0+0x54e4]
J 17657 C1 br.org.carameloCode.erp.crm.paginas.crmAtendimento.PgProspecto.executarAcao(Lbr/org/carameloCode/erp/modulo/crm/entidadesJPA/prospecto/Pessoa;)V (489 bytes) @ 0x00007f211af43ac4 [0x00007f211af3e5e0+0x54e4]
J 17657 C1 br.org.carameloCode.erp.crm.paginas.crmAtendimento.PgProspecto.executarAcao(Lbr/org/carameloCode/erp/modulo/crm/entidadesJPA/prospecto/Pessoa;)V (489 bytes) @ 0x00007f211af43ac4 [0x00007f211af3e5e0+0x54e4]
J 17657 C1 br.org.carameloCode.erp.crm.paginas.crmAtendimento.PgProspecto.executarAcao(Lbr/org/carameloCode/erp/modulo/crm/entidadesJPA/prospecto/Pessoa;)V (489 bytes) @ 0x00007f211af43ac4 [0x00007f211af3e5e0+0x54e4]
J 17657 C1 br.org.carameloCode.erp.crm.paginas.crmAtendimento.PgProspecto.executarAcao(Lbr/org/carameloCode/erp/modulo/crm/entidadesJPA/prospecto/Pessoa;)V (489 bytes) @ 0x00007f211af43ac4 [0x00007f211af3e5e0+0x54e4]
J 17657 C1 br.org.carameloCode.erp.crm.paginas.crmAtendimento.PgProspecto.executarAcao(Lbr/org/carameloCode/erp/modulo/crm/entidadesJPA/prospecto/Pessoa;)V (489 bytes) @ 0x00007f211af43ac4 [0x00007f211af3e5e0+0x54e4]
J 17657 C1 br.org.carameloCode.erp.crm.paginas.crmAtendimento.PgProspecto.executarAcao(Lbr/org/carameloCode/erp/modulo/crm/entidadesJPA/prospecto/Pessoa;)V (489 bytes) @ 0x00007f211af43ac4 [0x00007f211af3e5e0+0x54e4]
J 17657 C1 br.org.carameloCode.erp.crm.paginas.crmAtendimento.PgProspecto.executarAcao(Lbr/org/carameloCode/erp/modulo/crm/entidadesJPA/prospecto/Pessoa;)V (489 bytes) @ 0x00007f211af43ac4 [0x00007f211af3e5e0+0x54e4]
J 17657 C1 br.org.carameloCode.erp.crm.paginas.crmAtendimento.PgProspecto.executarAcao(Lbr/org/carameloCode/erp/modulo/crm/entidadesJPA/prospecto/Pessoa;)V (489 bytes) @ 0x00007f211af43ac4 [0x00007f211af3e5e0+0x54e4]
J 17657 C1 br.org.carameloCode.erp.crm.paginas.crmAtendimento.PgProspecto.executarAcao(Lbr/org/carameloCode/erp/modulo/crm/entidadesJPA/prospecto/Pessoa;)V (489 bytes) @ 0x00007f211af43ac4 [0x00007f211af3e5e0+0x54e4]
J 17657 C1 br.org.carameloCode.erp.crm.paginas.crmAtendimento.PgProspecto.executarAcao(Lbr/org/carameloCode/erp/modulo/crm/entidadesJPA/prospecto/Pessoa;)V (489 bytes) @ 0x00007f211af43ac4 [0x00007f211af3e5e0+0x54e4]
J 17657 C1 br.org.carameloCode.erp.crm.paginas.crmAtendimento.PgProspecto.executarAcao(Lbr/org/carameloCode/erp/modulo/crm/entidadesJPA/prospecto/Pessoa;)V (489 bytes) @ 0x00007f211af43ac4 [0x00007f211af3e5e0+0x54e4]
J 17657 C1 br.org.carameloCode.erp.crm.paginas.crmAtendimento.PgProspecto.executarAcao(Lbr/org/carameloCode/erp/modulo/crm/entidadesJPA/prospecto/Pessoa;)V (489 bytes) @ 0x00007f211af43ac4 [0x00007f211af3e5e0+0x54e4]
J 17657 C1 br.org.carameloCode.erp.crm.paginas.crmAtendimento.PgProspecto.executarAcao(Lbr/org/carameloCode/erp/modulo/crm/entidadesJPA/prospecto/Pessoa;)V (489 bytes) @ 0x00007f211af43ac4 [0x00007f211af3e5e0+0x54e4]
J 17657 C1 br.org.carameloCode.erp.crm.paginas.crmAtendimento.PgProspecto.executarAcao(Lbr/org/carameloCode/erp/modulo/crm/entidadesJPA/prospecto/Pessoa;)V (489 bytes) @ 0x00007f211af43ac4 [0x00007f211af3e5e0+0x54e4]
J 17657 C1 br.org.carameloCode.erp.crm.paginas.crmAtendimento.PgProspecto.executarAcao(Lbr/org/carameloCode/erp/modulo/crm/entidadesJPA/prospecto/Pessoa;)V (489 bytes) @ 0x00007f211af43ac4 [0x00007f211af3e5e0+0x54e4]
J 17657 C1 br.org.carameloCode.erp.crm.paginas.crmAtendimento.PgProspecto.executarAcao(Lbr/org/carameloCode/erp/modulo/crm/entidadesJPA/prospecto/Pessoa;)V (489 bytes) @ 0x00007f211af43ac4 [0x00007f211af3e5e0+0x54e4]
J 17657 C1 br.org.carameloCode.erp.crm.paginas.crmAtendimento.PgProspecto.executarAcao(Lbr/org/carameloCode/erp/modulo/crm/entidadesJPA/prospecto/Pessoa;)V (489 bytes) @ 0x00007f211af43ac4 [0x00007f211af3e5e0+0x54e4]
J 17657 C1 br.org.carameloCode.erp.crm.paginas.crmAtendimento.PgProspecto.executarAcao(Lbr/org/carameloCode/erp/modulo/crm/entidadesJPA/prospecto/Pessoa;)V (489 bytes) @ 0x00007f211af43ac4 [0x00007f211af3e5e0+0x54e4]
J 17657 C1 br.org.carameloCode.erp.crm.paginas.crmAtendimento.PgProspecto.executarAcao(Lbr/org/carameloCode/erp/modulo/crm/entidadesJPA/prospecto/Pessoa;)V (489 bytes) @ 0x00007f211af43ac4 [0x00007f211af3e5e0+0x54e4]
J 17657 C1 br.org.carameloCode.erp.crm.paginas.crmAtendimento.PgProspecto.executarAcao(Lbr/org/carameloCode/erp/modulo/crm/entidadesJPA/prospecto/Pessoa;)V (489 bytes) @ 0x00007f211af43ac4 [0x00007f211af3e5e0+0x54e4]
J 17657 C1 br.org.carameloCode.erp.crm.paginas.crmAtendimento.PgProspecto.executarAcao(Lbr/org/carameloCode/erp/modulo/crm/entidadesJPA/prospecto/Pessoa;)V (489 bytes) @ 0x00007f211af43ac4 [0x00007f211af3e5e0+0x54e4]
J 17657 C1 br.org.carameloCode.erp.crm.paginas.crmAtendimento.PgProspecto.executarAcao(Lbr/org/carameloCode/erp/modulo/crm/entidadesJPA/prospecto/Pessoa;)V (489 bytes) @ 0x00007f211af43ac4 [0x00007f211af3e5e0+0x54e4]
J 17657 C1 br.org.carameloCode.erp.crm.paginas.crmAtendimento.PgProspecto.executarAcao(Lbr/org/carameloCode/erp/modulo/crm/entidadesJPA/prospecto/Pessoa;)V (489 bytes) @ 0x00007f211af43ac4 [0x00007f211af3e5e0+0x54e4]
J 17657 C1 br.org.carameloCode.erp.crm.paginas.crmAtendimento.PgProspecto.executarAcao(Lbr/org/carameloCode/erp/modulo/crm/entidadesJPA/prospecto/Pessoa;)V (489 bytes) @ 0x00007f211af43ac4 [0x00007f211af3e5e0+0x54e4]
J 17657 C1 br.org.carameloCode.erp.crm.paginas.crmAtendimento.PgProspecto.executarAcao(Lbr/org/carameloCode/erp/modulo/crm/entidadesJPA/prospecto/Pessoa;)V (489 bytes) @ 0x00007f211af43ac4 [0x00007f211af3e5e0+0x54e4]
J 17657 C1 br.org.carameloCode.erp.crm.paginas.crmAtendimento.PgProspecto.executarAcao(Lbr/org/carameloCode/erp/modulo/crm/entidadesJPA/prospecto/Pessoa;)V (489 bytes) @ 0x00007f211af43ac4 [0x00007f211af3e5e0+0x54e4]
J 17657 C1 br.org.carameloCode.erp.crm.paginas.crmAtendimento.PgProspecto.executarAcao(Lbr/org/carameloCode/erp/modulo/crm/entidadesJPA/prospecto/Pessoa;)V (489 bytes) @ 0x00007f211af43ac4 [0x00007f211af3e5e0+0x54e4]
J 17657 C1 br.org.carameloCode.erp.crm.paginas.crmAtendimento.PgProspecto.executarAcao(Lbr/org/carameloCode/erp/modulo/crm/entidadesJPA/prospecto/Pessoa;)V (489 bytes) @ 0x00007f211af43ac4 [0x00007f211af3e5e0+0x54e4]
J 17657 C1 br.org.carameloCode.erp.crm.paginas.crmAtendimento.PgProspecto.executarAcao(Lbr/org/carameloCode/erp/modulo/crm/entidadesJPA/prospecto/Pessoa;)V (489 bytes) @ 0x00007f211af43ac4 [0x00007f211af3e5e0+0x54e4]
J 17657 C1 br.org.carameloCode.erp.crm.paginas.crmAtendimento.PgProspecto.executarAcao(Lbr/org/carameloCode/erp/modulo/crm/entidadesJPA/prospecto/Pessoa;)V (489 bytes) @ 0x00007f211af43ac4 [0x00007f211af3e5e0+0x54e4]
J 17657 C1 br.org.carameloCode.erp.crm.paginas.crmAtendimento.PgProspecto.executarAcao(Lbr/org/carameloCode/erp/modulo/crm/entidadesJPA/prospecto/Pessoa;)V (489 bytes) @ 0x00007f211af43ac4 [0x00007f211af3e5e0+0x54e4]
J 17657 C1 br.org.carameloCode.erp.crm.paginas.crmAtendimento.PgProspecto.executarAcao(Lbr/org/carameloCode/erp/modulo/crm/entidadesJPA/prospecto/Pessoa;)V (489 bytes) @ 0x00007f211af43ac4 [0x00007f211af3e5e0+0x54e4]
J 17657 C1 br.org.carameloCode.erp.crm.paginas.crmAtendimento.PgProspecto.executarAcao(Lbr/org/carameloCode/erp/modulo/crm/entidadesJPA/prospecto/Pessoa;)V (489 bytes) @ 0x00007f211af43ac4 [0x00007f211af3e5e0+0x54e4]
J 17657 C1 br.org.carameloCode.erp.crm.paginas.crmAtendimento.PgProspecto.executarAcao(Lbr/org/carameloCode/erp/modulo/crm/entidadesJPA/prospecto/Pessoa;)V (489 bytes) @ 0x00007f211af43ac4 [0x00007f211af3e5e0+0x54e4]
J 17657 C1 br.org.carameloCode.erp.crm.paginas.crmAtendimento.PgProspecto.executarAcao(Lbr/org/carameloCode/erp/modulo/crm/entidadesJPA/prospecto/Pessoa;)V (489 bytes) @ 0x00007f211af43ac4 [0x00007f211af3e5e0+0x54e4]
J 17657 C1 br.org.carameloCode.erp.crm.paginas.crmAtendimento.PgProspecto.executarAcao(Lbr/org/carameloCode/erp/modulo/crm/entidadesJPA/prospecto/Pessoa;)V (489 bytes) @ 0x00007f211af43ac4 [0x00007f211af3e5e0+0x54e4]
J 17657 C1 br.org.carameloCode.erp.crm.paginas.crmAtendimento.PgProspecto.executarAcao(Lbr/org/carameloCode/erp/modulo/crm/entidadesJPA/prospecto/Pessoa;)V (489 bytes) @ 0x00007f211af43ac4 [0x00007f211af3e5e0+0x54e4]
J 17657 C1 br.org.carameloCode.erp.crm.paginas.crmAtendimento.PgProspecto.executarAcao(Lbr/org/carameloCode/erp/modulo/crm/entidadesJPA/prospecto/Pessoa;)V (489 bytes) @ 0x00007f211af43ac4 [0x00007f211af3e5e0+0x54e4]
J 17657 C1 br.org.carameloCode.erp.crm.paginas.crmAtendimento.PgProspecto.executarAcao(Lbr/org/carameloCode/erp/modulo/crm/entidadesJPA/prospecto/Pessoa;)V (489 bytes) @ 0x00007f211af43ac4 [0x00007f211af3e5e0+0x54e4]
J 17657 C1 br.org.carameloCode.erp.crm.paginas.crmAtendimento.PgProspecto.executarAcao(Lbr/org/carameloCode/erp/modulo/crm/entidadesJPA/prospecto/Pessoa;)V (489 bytes) @ 0x00007f211af43ac4 [0x00007f211af3e5e0+0x54e4]
J 17657 C1 br.org.carameloCode.erp.crm.paginas.crmAtendimento.PgProspecto.executarAcao(Lbr/org/carameloCode/erp/modulo/crm/entidadesJPA/prospecto/Pessoa;)V (489 bytes) @ 0x00007f211af43ac4 [0x00007f211af3e5e0+0x54e4]
J 17657 C1 br.org.carameloCode.erp.crm.paginas.crmAtendimento.PgProspecto.executarAcao(Lbr/org/carameloCode/erp/modulo/crm/entidadesJPA/prospecto/Pessoa;)V (489 bytes) @ 0x00007f211af43ac4 [0x00007f211af3e5e0+0x54e4]
J 17657 C1 br.org.carameloCode.erp.crm.paginas.crmAtendimento.PgProspecto.executarAcao(Lbr/org/carameloCode/erp/modulo/crm/entidadesJPA/prospecto/Pessoa;)V (489 bytes) @ 0x00007f211af43ac4 [0x00007f211af3e5e0+0x54e4]
J 17657 C1 br.org.carameloCode.erp.crm.paginas.crmAtendimento.PgProspecto.executarAcao(Lbr/org/carameloCode/erp/modulo/crm/entidadesJPA/prospecto/Pessoa;)V (489 bytes) @ 0x00007f211af43ac4 [0x00007f211af3e5e0+0x54e4]
J 17657 C1 br.org.carameloCode.erp.crm.paginas.crmAtendimento.PgProspecto.executarAcao(Lbr/org/carameloCode/erp/modulo/crm/entidadesJPA/prospecto/Pessoa;)V (489 bytes) @ 0x00007f211af43ac4 [0x00007f211af3e5e0+0x54e4]
J 17657 C1 br.org.carameloCode.erp.crm.paginas.crmAtendimento.PgProspecto.executarAcao(Lbr/org/carameloCode/erp/modulo/crm/entidadesJPA/prospecto/Pessoa;)V (489 bytes) @ 0x00007f211af43ac4 [0x00007f211af3e5e0+0x54e4]
J 17657 C1 br.org.carameloCode.erp.crm.paginas.crmAtendimento.PgProspecto.executarAcao(Lbr/org/carameloCode/erp/modulo/crm/entidadesJPA/prospecto/Pessoa;)V (489 bytes) @ 0x00007f211af43ac4 [0x00007f211af3e5e0+0x54e4]
J 17657 C1 br.org.carameloCode.erp.crm.paginas.crmAtendimento.PgProspecto.executarAcao(Lbr/org/carameloCode/erp/modulo/crm/entidadesJPA/prospecto/Pessoa;)V (489 bytes) @ 0x00007f211af43ac4 [0x00007f211af3e5e0+0x54e4]
J 17657 C1 br.org.carameloCode.erp.crm.paginas.crmAtendimento.PgProspecto.executarAcao(Lbr/org/carameloCode/erp/modulo/crm/entidadesJPA/prospecto/Pessoa;)V (489 bytes) @ 0x00007f211af43ac4 [0x00007f211af3e5e0+0x54e4]
J 17657 C1 br.org.carameloCode.erp.crm.paginas.crmAtendimento.PgProspecto.executarAcao(Lbr/org/carameloCode/erp/modulo/crm/entidadesJPA/prospecto/Pessoa;)V (489 bytes) @ 0x00007f211af43ac4 [0x00007f211af3e5e0+0x54e4]
J 17657 C1 br.org.carameloCode.erp.crm.paginas.crmAtendimento.PgProspecto.executarAcao(Lbr/org/carameloCode/erp/modulo/crm/entidadesJPA/prospecto/Pessoa;)V (489 bytes) @ 0x00007f211af43ac4 [0x00007f211af3e5e0+0x54e4]
J 17657 C1 br.org.carameloCode.erp.crm.paginas.crmAtendimento.PgProspecto.executarAcao(Lbr/org/carameloCode/erp/modulo/crm/entidadesJPA/prospecto/Pessoa;)V (489 bytes) @ 0x00007f211af43ac4 [0x00007f211af3e5e0+0x54e4]
J 17657 C1 br.org.carameloCode.erp.crm.paginas.crmAtendimento.PgProspecto.executarAcao(Lbr/org/carameloCode/erp/modulo/crm/entidadesJPA/prospecto/Pessoa;)V (489 bytes) @ 0x00007f211af43ac4 [0x00007f211af3e5e0+0x54e4]
J 17657 C1 br.org.carameloCode.erp.crm.paginas.crmAtendimento.PgProspecto.executarAcao(Lbr/org/carameloCode/erp/modulo/crm/entidadesJPA/prospecto/Pessoa;)V (489 bytes) @ 0x00007f211af43ac4 [0x00007f211af3e5e0+0x54e4]
J 17657 C1 br.org.carameloCode.erp.crm.paginas.crmAtendimento.PgProspecto.executarAcao(Lbr/org/carameloCode/erp/modulo/crm/entidadesJPA/prospecto/Pessoa;)V (489 bytes) @ 0x00007f211af43ac4 [0x00007f211af3e5e0+0x54e4]
J 17657 C1 br.org.carameloCode.erp.crm.paginas.crmAtendimento.PgProspecto.executarAcao(Lbr/org/carameloCode/erp/modulo/crm/entidadesJPA/prospecto/Pessoa;)V (489 bytes) @ 0x00007f211af43ac4 [0x00007f211af3e5e0+0x54e4]
J 17657 C1 br.org.carameloCode.erp.crm.paginas.crmAtendimento.PgProspecto.executarAcao(Lbr/org/carameloCode/erp/modulo/crm/entidadesJPA/prospecto/Pessoa;)V (489 bytes) @ 0x00007f211af43ac4 [0x00007f211af3e5e0+0x54e4]
J 17657 C1 br.org.carameloCode.erp.crm.paginas.crmAtendimento.PgProspecto.executarAcao(Lbr/org/carameloCode/erp/modulo/crm/entidadesJPA/prospecto/Pessoa;)V (489 bytes) @ 0x00007f211af43ac4 [0x00007f211af3e5e0+0x54e4]
J 17657 C1 br.org.carameloCode.erp.crm.paginas.crmAtendimento.PgProspecto.executarAcao(Lbr/org/carameloCode/erp/modulo/crm/entidadesJPA/prospecto/Pessoa;)V (489 bytes) @ 0x00007f211af43ac4 [0x00007f211af3e5e0+0x54e4]
J 17657 C1 br.org.carameloCode.erp.crm.paginas.crmAtendimento.PgProspecto.executarAcao(Lbr/org/carameloCode/erp/modulo/crm/entidadesJPA/prospecto/Pessoa;)V (489 bytes) @ 0x00007f211af43ac4 [0x00007f211af3e5e0+0x54e4]
J 17657 C1 br.org.carameloCode.erp.crm.paginas.crmAtendimento.PgProspecto.executarAcao(Lbr/org/carameloCode/erp/modulo/crm/entidadesJPA/prospecto/Pessoa;)V (489 bytes) @ 0x00007f211af43ac4 [0x00007f211af3e5e0+0x54e4]
J 17657 C1 br.org.carameloCode.erp.crm.paginas.crmAtendimento.PgProspecto.executarAcao(Lbr/org/carameloCode/erp/modulo/crm/entidadesJPA/prospecto/Pessoa;)V (489 bytes) @ 0x00007f211af43ac4 [0x00007f211af3e5e0+0x54e4]
J 17657 C1 br.org.carameloCode.erp.crm.paginas.crmAtendimento.PgProspecto.executarAcao(Lbr/org/carameloCode/erp/modulo/crm/entidadesJPA/prospecto/Pessoa;)V (489 bytes) @ 0x00007f211af43ac4 [0x00007f211af3e5e0+0x54e4]
J 17657 C1 br.org.carameloCode.erp.crm.paginas.crmAtendimento.PgProspecto.executarAcao(Lbr/org/carameloCode/erp/modulo/crm/entidadesJPA/prospecto/Pessoa;)V (489 bytes) @ 0x00007f211af43ac4 [0x00007f211af3e5e0+0x54e4]
J 17657 C1 br.org.carameloCode.erp.crm.paginas.crmAtendimento.PgProspecto.executarAcao(Lbr/org/carameloCode/erp/modulo/crm/entidadesJPA/prospecto/Pessoa;)V (489 bytes) @ 0x00007f211af43ac4 [0x00007f211af3e5e0+0x54e4]
J 17657 C1 br.org.carameloCode.erp.crm.paginas.crmAtendimento.PgProspecto.executarAcao(Lbr/org/carameloCode/erp/modulo/crm/entidadesJPA/prospecto/Pessoa;)V (489 bytes) @ 0x00007f211af43ac4 [0x00007f211af3e5e0+0x54e4]
J 17657 C1 br.org.carameloCode.erp.crm.paginas.crmAtendimento.PgProspecto.executarAcao(Lbr/org/carameloCode/erp/modulo/crm/entidadesJPA/prospecto/Pessoa;)V (489 bytes) @ 0x00007f211af43ac4 [0x00007f211af3e5e0+0x54e4]
J 17657 C1 br.org.carameloCode.erp.crm.paginas.crmAtendimento.PgProspecto.executarAcao(Lbr/org/carameloCode/erp/modulo/crm/entidadesJPA/prospecto/Pessoa;)V (489 bytes) @ 0x00007f211af43ac4 [0x00007f211af3e5e0+0x54e4]
J 17657 C1 br.org.carameloCode.erp.crm.paginas.crmAtendimento.PgProspecto.executarAcao(Lbr/org/carameloCode/erp/modulo/crm/entidadesJPA/prospecto/Pessoa;)V (489 bytes) @ 0x00007f211af43ac4 [0x00007f211af3e5e0+0x54e4]
J 17657 C1 br.org.carameloCode.erp.crm.paginas.crmAtendimento.PgProspecto.executarAcao(Lbr/org/carameloCode/erp/modulo/crm/entidadesJPA/prospecto/Pessoa;)V (489 bytes) @ 0x00007f211af43ac4 [0x00007f211af3e5e0+0x54e4]
J 17657 C1 br.org.carameloCode.erp.crm.paginas.crmAtendimento.PgProspecto.executarAcao(Lbr/org/carameloCode/erp/modulo/crm/entidadesJPA/prospecto/Pessoa;)V (489 bytes) @ 0x00007f211af43ac4 [0x00007f211af3e5e0+0x54e4]
J 17657 C1 br.org.carameloCode.erp.crm.paginas.crmAtendimento.PgProspecto.executarAcao(Lbr/org/carameloCode/erp/modulo/crm/entidadesJPA/prospecto/Pessoa;)V (489 bytes) @ 0x00007f211af43ac4 [0x00007f211af3e5e0+0x54e4]
J 17657 C1 br.org.carameloCode.erp.crm.paginas.crmAtendimento.PgProspecto.executarAcao(Lbr/org/carameloCode/erp/modulo/crm/entidadesJPA/prospecto/Pessoa;)V (489 bytes) @ 0x00007f211af43ac4 [0x00007f211af3e5e0+0x54e4]
J 17657 C1 br.org.carameloCode.erp.crm.paginas.crmAtendimento.PgProspecto.executarAcao(Lbr/org/carameloCode/erp/modulo/crm/entidadesJPA/prospecto/Pessoa;)V (489 bytes) @ 0x00007f211af43ac4 [0x00007f211af3e5e0+0x54e4]
J 17657 C1 br.org.carameloCode.erp.crm.paginas.crmAtendimento.PgProspecto.executarAcao(Lbr/org/carameloCode/erp/modulo/crm/entidadesJPA/prospecto/Pessoa;)V (489 bytes) @ 0x00007f211af43ac4 [0x00007f211af3e5e0+0x54e4]
J 17657 C1 br.org.carameloCode.erp.crm.paginas.crmAtendimento.PgProspecto.executarAcao(Lbr/org/carameloCode/erp/modulo/crm/entidadesJPA/prospecto/Pessoa;)V (489 bytes) @ 0x00007f211af43ac4 [0x00007f211af3e5e0+0x54e4]
J 17657 C1 br.org.carameloCode.erp.crm.paginas.crmAtendimento.PgProspecto.executarAcao(Lbr/org/carameloCode/erp/modulo/crm/entidadesJPA/prospecto/Pessoa;)V (489 bytes) @ 0x00007f211af43ac4 [0x00007f211af3e5e0+0x54e4]
J 17657 C1 br.org.carameloCode.erp.crm.paginas.crmAtendimento.PgProspecto.executarAcao(Lbr/org/carameloCode/erp/modulo/crm/entidadesJPA/prospecto/Pessoa;)V (489 bytes) @ 0x00007f211af43ac4 [0x00007f211af3e5e0+0x54e4]
J 17657 C1 br.org.carameloCode.erp.crm.paginas.crmAtendimento.PgProspecto.executarAcao(Lbr/org/carameloCode/erp/modulo/crm/entidadesJPA/prospecto/Pessoa;)V (489 bytes) @ 0x00007f211af43ac4 [0x00007f211af3e5e0+0x54e4]
J 17657 C1 br.org.carameloCode.erp.crm.paginas.crmAtendimento.PgProspecto.executarAcao(Lbr/org/carameloCode/erp/modulo/crm/entidadesJPA/prospecto/Pessoa;)V (489 bytes) @ 0x00007f211af43ac4 [0x00007f211af3e5e0+0x54e4]
J 17657 C1 br.org.carameloCode.erp.crm.paginas.crmAtendimento.PgProspecto.executarAcao(Lbr/org/carameloCode/erp/modulo/crm/entidadesJPA/prospecto/Pessoa;)V (489 bytes) @ 0x00007f211af43ac4 [0x00007f211af3e5e0+0x54e4]
J 17657 C1 br.org.carameloCode.erp.crm.paginas.crmAtendimento.PgProspecto.executarAcao(Lbr/org/carameloCode/erp/modulo/crm/entidadesJPA/prospecto/Pessoa;)V (489 bytes) @ 0x00007f211af43ac4 [0x00007f211af3e5e0+0x54e4]
J 17657 C1 br.org.carameloCode.erp.crm.paginas.crmAtendimento.PgProspecto.executarAcao(Lbr/org/carameloCode/erp/modulo/crm/entidadesJPA/prospecto/Pessoa;)V (489 bytes) @ 0x00007f211af43ac4 [0x00007f211af3e5e0+0x54e4]
J 17657 C1 br.org.carameloCode.erp.crm.paginas.crmAtendimento.PgProspecto.executarAcao(Lbr/org/carameloCode/erp/modulo/crm/entidadesJPA/prospecto/Pessoa;)V (489 bytes) @ 0x00007f211af43ac4 [0x00007f211af3e5e0+0x54e4]
J 17657 C1 br.org.carameloCode.erp.crm.paginas.crmAtendimento.PgProspecto.executarAcao(Lbr/org/carameloCode/erp/modulo/crm/entidadesJPA/prospecto/Pessoa;)V (489 bytes) @ 0x00007f211af43ac4 [0x00007f211af3e5e0+0x54e4]
J 17657 C1 br.org.carameloCode.erp.crm.paginas.crmAtendimento.PgProspecto.executarAcao(Lbr/org/carameloCode/erp/modulo/crm/entidadesJPA/prospecto/Pessoa;)V (489 bytes) @ 0x00007f211af43ac4 [0x00007f211af3e5e0+0x54e4]
J 17657 C1 br.org.carameloCode.erp.crm.paginas.crmAtendimento.PgProspecto.executarAcao(Lbr/org/carameloCode/erp/modulo/crm/entidadesJPA/prospecto/Pessoa;)V (489 bytes) @ 0x00007f211af43ac4 [0x00007f211af3e5e0+0x54e4]
J 17657 C1 br.org.carameloCode.erp.crm.paginas.crmAtendimento.PgProspecto.executarAcao(Lbr/org/carameloCode/erp/modulo/crm/entidadesJPA/prospecto/Pessoa;)V (489 bytes) @ 0x00007f211af43ac4 [0x00007f211af3e5e0+0x54e4]
J 17657 C1 br.org.carameloCode.erp.crm.paginas.crmAtendimento.PgProspecto.executarAcao(Lbr/org/carameloCode/erp/modulo/crm/entidadesJPA/prospecto/Pessoa;)V (489 bytes) @ 0x00007f211af43ac4 [0x00007f211af3e5e0+0x54e4]
J 17657 C1 br.org.carameloCode.erp.crm.paginas.crmAtendimento.PgProspecto.executarAcao(Lbr/org/carameloCode/erp/modulo/crm/entidadesJPA/prospecto/Pessoa;)V (489 bytes) @ 0x00007f211af43ac4 [0x00007f211af3e5e0+0x54e4]
J 17657 C1 br.org.carameloCode.erp.crm.paginas.crmAtendimento.PgProspecto.executarAcao(Lbr/org/carameloCode/erp/modulo/crm/entidadesJPA/prospecto/Pessoa;)V (489 bytes) @ 0x00007f211af43ac4 [0x00007f211af3e5e0+0x54e4]
J 17657 C1 br.org.carameloCode.erp.crm.paginas.crmAtendimento.PgProspecto.executarAcao(Lbr/org/carameloCode/erp/modulo/crm/entidadesJPA/prospecto/Pessoa;)V (489 bytes) @ 0x00007f211af43ac4 [0x00007f211af3e5e0+0x54e4]
J 17657 C1 br.org.carameloCode.erp.crm.paginas.crmAtendimento.PgProspecto.executarAcao(Lbr/org/carameloCode/erp/modulo/crm/entidadesJPA/prospecto/Pessoa;)V (489 bytes) @ 0x00007f211af43ac4 [0x00007f211af3e5e0+0x54e4]
J 17657 C1 br.org.carameloCode.erp.crm.paginas.crmAtendimento.PgProspecto.executarAcao(Lbr/org/carameloCode/erp/modulo/crm/entidadesJPA/prospecto/Pessoa;)V (489 bytes) @ 0x00007f211af43ac4 [0x00007f211af3e5e0+0x54e4]
J 17657 C1 br.org.carameloCode.erp.crm.paginas.crmAtendimento.PgProspecto.executarAcao(Lbr/org/carameloCode/erp/modulo/crm/entidadesJPA/prospecto/Pessoa;)V (489 bytes) @ 0x00007f211af43ac4 [0x00007f211af3e5e0+0x54e4]
J 17657 C1 br.org.carameloCode.erp.crm.paginas.crmAtendimento.PgProspecto.executarAcao(Lbr/org/carameloCode/erp/modulo/crm/entidadesJPA/prospecto/Pessoa;)V (489 bytes) @ 0x00007f211af43ac4 [0x00007f211af3e5e0+0x54e4]
J 17657 C1 br.org.carameloCode.erp.crm.paginas.crmAtendimento.PgProspecto.executarAcao(Lbr/org/carameloCode/erp/modulo/crm/entidadesJPA/prospecto/Pessoa;)V (489 bytes) @ 0x00007f211af43ac4 [0x00007f211af3e5e0+0x54e4]
J 17657 C1 br.org.carameloCode.erp.crm.paginas.crmAtendimento.PgProspecto.executarAcao(Lbr/org/carameloCode/erp/modulo/crm/entidadesJPA/prospecto/Pessoa;)V (489 bytes) @ 0x00007f211af43ac4 [0x00007f211af3e5e0+0x54e4]
J 17657 C1 br.org.carameloCode.erp.crm.paginas.crmAtendimento.PgProspecto.executarAcao(Lbr/org/carameloCode/erp/modulo/crm/entidadesJPA/prospecto/Pessoa;)V (489 bytes) @ 0x00007f211af43ac4 [0x00007f211af3e5e0+0x54e4]
J 17657 C1 br.org.carameloCode.erp.crm.paginas.crmAtendimento.PgProspecto.executarAcao(Lbr/org/carameloCode/erp/modulo/crm/entidadesJPA/prospecto/Pessoa;)V (489 bytes) @ 0x00007f211af43ac4 [0x00007f211af3e5e0+0x54e4]
J 17657 C1 br.org.carameloCode.erp.crm.paginas.crmAtendimento.PgProspecto.executarAcao(Lbr/org/carameloCode/erp/modulo/crm/entidadesJPA/prospecto/Pessoa;)V (489 bytes) @ 0x00007f211af43ac4 [0x00007f211af3e5e0+0x54e4]
J 17657 C1 br.org.carameloCode.erp.crm.paginas.crmAtendimento.PgProspecto.executarAcao(Lbr/org/carameloCode/erp/modulo/crm/entidadesJPA/prospecto/Pessoa;)V (489 bytes) @ 0x00007f211af43ac4 [0x00007f211af3e5e0+0x54e4]
J 17657 C1 br.org.carameloCode.erp.crm.paginas.crmAtendimento.PgProspecto.executarAcao(Lbr/org/carameloCode/erp/modulo/crm/entidadesJPA/prospecto/Pessoa;)V (489 bytes) @ 0x00007f211af43ac4 [0x00007f211af3e5e0+0x54e4]
J 17657 C1 br.org.carameloCode.erp.crm.paginas.crmAtendimento.PgProspecto.executarAcao(Lbr/org/carameloCode/erp/modulo/crm/entidadesJPA/prospecto/Pessoa;)V (489 bytes) @ 0x00007f211af43ac4 [0x00007f211af3e5e0+0x54e4]
J 17657 C1 br.org.carameloCode.erp.crm.paginas.crmAtendimento.PgProspecto.executarAcao(Lbr/org/carameloCode/erp/modulo/crm/entidadesJPA/prospecto/Pessoa;)V (489 bytes) @ 0x00007f211af43ac4 [0x00007f211af3e5e0+0x54e4]
J 17657 C1 br.org.carameloCode.erp.crm.paginas.crmAtendimento.PgProspecto.executarAcao(Lbr/org/carameloCode/erp/modulo/crm/entidadesJPA/prospecto/Pessoa;)V (489 bytes) @ 0x00007f211af43ac4 [0x00007f211af3e5e0+0x54e4]
J 17657 C1 br.org.carameloCode.erp.crm.paginas.crmAtendimento.PgProspecto.executarAcao(Lbr/org/carameloCode/erp/modulo/crm/entidadesJPA/prospecto/Pessoa;)V (489 bytes) @ 0x00007f211af43ac4 [0x00007f211af3e5e0+0x54e4]
J 17657 C1 br.org.carameloCode.erp.crm.paginas.crmAtendimento.PgProspecto.executarAcao(Lbr/org/carameloCode/erp/modulo/crm/entidadesJPA/prospecto/Pessoa;)V (489 bytes) @ 0x00007f211af43ac4 [0x00007f211af3e5e0+0x54e4]
J 17657 C1 br.org.carameloCode.erp.crm.paginas.crmAtendimento.PgProspecto.executarAcao(Lbr/org/carameloCode/erp/modulo/crm/entidadesJPA/prospecto/Pessoa;)V (489 bytes) @ 0x00007f211af43ac4 [0x00007f211af3e5e0+0x54e4]
J 17657 C1 br.org.carameloCode.erp.crm.paginas.crmAtendimento.PgProspecto.executarAcao(Lbr/org/carameloCode/erp/modulo/crm/entidadesJPA/prospecto/Pessoa;)V (489 bytes) @ 0x00007f211af43ac4 [0x00007f211af3e5e0+0x54e4]
J 17657 C1 br.org.carameloCode.erp.crm.paginas.crmAtendimento.PgProspecto.executarAcao(Lbr/org/carameloCode/erp/modulo/crm/entidadesJPA/prospecto/Pessoa;)V (489 bytes) @ 0x00007f211af43ac4 [0x00007f211af3e5e0+0x54e4]
J 17657 C1 br.org.carameloCode.erp.crm.paginas.crmAtendimento.PgProspecto.executarAcao(Lbr/org/carameloCode/erp/modulo/crm/entidadesJPA/prospecto/Pessoa;)V (489 bytes) @ 0x00007f211af43ac4 [0x00007f211af3e5e0+0x54e4]
J 17657 C1 br.org.carameloCode.erp.crm.paginas.crmAtendimento.PgProspecto.executarAcao(Lbr/org/carameloCode/erp/modulo/crm/entidadesJPA/prospecto/Pessoa;)V (489 bytes) @ 0x00007f211af43ac4 [0x00007f211af3e5e0+0x54e4]
J 17657 C1 br.org.carameloCode.erp.crm.paginas.crmAtendimento.PgProspecto.executarAcao(Lbr/org/carameloCode/erp/modulo/crm/entidadesJPA/prospecto/Pessoa;)V (489 bytes) @ 0x00007f211af43ac4 [0x00007f211af3e5e0+0x54e4]
J 17657 C1 br.org.carameloCode.erp.crm.paginas.crmAtendimento.PgProspecto.executarAcao(Lbr/org/carameloCode/erp/modulo/crm/entidadesJPA/prospecto/Pessoa;)V (489 bytes) @ 0x00007f211af43ac4 [0x00007f211af3e5e0+0x54e4]
J 17657 C1 br.org.carameloCode.erp.crm.paginas.crmAtendimento.PgProspecto.executarAcao(Lbr/org/carameloCode/erp/modulo/crm/entidadesJPA/prospecto/Pessoa;)V (489 bytes) @ 0x00007f211af43ac4 [0x00007f211af3e5e0+0x54e4]
J 17657 C1 br.org.carameloCode.erp.crm.paginas.crmAtendimento.PgProspecto.executarAcao(Lbr/org/carameloCode/erp/modulo/crm/entidadesJPA/prospecto/Pessoa;)V (489 bytes) @ 0x00007f211af43ac4 [0x00007f211af3e5e0+0x54e4]
J 17657 C1 br.org.carameloCode.erp.crm.paginas.crmAtendimento.PgProspecto.executarAcao(Lbr/org/carameloCode/erp/modulo/crm/entidadesJPA/prospecto/Pessoa;)V (489 bytes) @ 0x00007f211af43ac4 [0x00007f211af3e5e0+0x54e4]
J 17657 C1 br.org.carameloCode.erp.crm.paginas.crmAtendimento.PgProspecto.executarAcao(Lbr/org/carameloCode/erp/modulo/crm/entidadesJPA/prospecto/Pessoa;)V (489 bytes) @ 0x00007f211af43ac4 [0x00007f211af3e5e0+0x54e4]
J 17657 C1 br.org.carameloCode.erp.crm.paginas.crmAtendimento.PgProspecto.executarAcao(Lbr/org/carameloCode/erp/modulo/crm/entidadesJPA/prospecto/Pessoa;)V (489 bytes) @ 0x00007f211af43ac4 [0x00007f211af3e5e0+0x54e4]
J 17657 C1 br.org.carameloCode.erp.crm.paginas.crmAtendimento.PgProspecto.executarAcao(Lbr/org/carameloCode/erp/modulo/crm/entidadesJPA/prospecto/Pessoa;)V (489 bytes) @ 0x00007f211af43ac4 [0x00007f211af3e5e0+0x54e4]
J 17657 C1 br.org.carameloCode.erp.crm.paginas.crmAtendimento.PgProspecto.executarAcao(Lbr/org/carameloCode/erp/modulo/crm/entidadesJPA/prospecto/Pessoa;)V (489 bytes) @ 0x00007f211af43ac4 [0x00007f211af3e5e0+0x54e4]
J 17657 C1 br.org.carameloCode.erp.crm.paginas.crmAtendimento.PgProspecto.executarAcao(Lbr/org/carameloCode/erp/modulo/crm/entidadesJPA/prospecto/Pessoa;)V (489 bytes) @ 0x00007f211af43ac4 [0x00007f211af3e5e0+0x54e4]
J 17657 C1 br.org.carameloCode.erp.crm.paginas.crmAtendimento.PgProspecto.executarAcao(Lbr/org/carameloCode/erp/modulo/crm/entidadesJPA/prospecto/Pessoa;)V (489 bytes) @ 0x00007f211af43ac4 [0x00007f211af3e5e0+0x54e4]
J 17657 C1 br.org.carameloCode.erp.crm.paginas.crmAtendimento.PgProspecto.executarAcao(Lbr/org/carameloCode/erp/modulo/crm/entidadesJPA/prospecto/Pessoa;)V (489 bytes) @ 0x00007f211af43ac4 [0x00007f211af3e5e0+0x54e4]
J 17657 C1 br.org.carameloCode.erp.crm.paginas.crmAtendimento.PgProspecto.executarAcao(Lbr/org/carameloCode/erp/modulo/crm/entidadesJPA/prospecto/Pessoa;)V (489 bytes) @ 0x00007f211af43ac4 [0x00007f211af3e5e0+0x54e4]
J 17657 C1 br.org.carameloCode.erp.crm.paginas.crmAtendimento.PgProspecto.executarAcao(Lbr/org/carameloCode/erp/modulo/crm/entidadesJPA/prospecto/Pessoa;)V (489 bytes) @ 0x00007f211af43ac4 [0x00007f211af3e5e0+0x54e4]
J 17657 C1 br.org.carameloCode.erp.crm.paginas.crmAtendimento.PgProspecto.executarAcao(Lbr/org/carameloCode/erp/modulo/crm/entidadesJPA/prospecto/Pessoa;)V (489 bytes) @ 0x00007f211af43ac4 [0x00007f211af3e5e0+0x54e4]
J 17657 C1 br.org.carameloCode.erp.crm.paginas.crmAtendimento.PgProspecto.executarAcao(Lbr/org/carameloCode/erp/modulo/crm/entidadesJPA/prospecto/Pessoa;)V (489 bytes) @ 0x00007f211af43ac4 [0x00007f211af3e5e0+0x54e4]
J 17657 C1 br.org.carameloCode.erp.crm.paginas.crmAtendimento.PgProspecto.executarAcao(Lbr/org/carameloCode/erp/modulo/crm/entidadesJPA/prospecto/Pessoa;)V (489 bytes) @ 0x00007f211af43ac4 [0x00007f211af3e5e0+0x54e4]
J 17657 C1 br.org.carameloCode.erp.crm.paginas.crmAtendimento.PgProspecto.executarAcao(Lbr/org/carameloCode/erp/modulo/crm/entidadesJPA/prospecto/Pessoa;)V (489 bytes) @ 0x00007f211af43ac4 [0x00007f211af3e5e0+0x54e4]
J 17657 C1 br.org.carameloCode.erp.crm.paginas.crmAtendimento.PgProspecto.executarAcao(Lbr/org/carameloCode/erp/modulo/crm/entidadesJPA/prospecto/Pessoa;)V (489 bytes) @ 0x00007f211af43ac4 [0x00007f211af3e5e0+0x54e4]
J 17657 C1 br.org.carameloCode.erp.crm.paginas.crmAtendimento.PgProspecto.executarAcao(Lbr/org/carameloCode/erp/modulo/crm/entidadesJPA/prospecto/Pessoa;)V (489 bytes) @ 0x00007f211af43ac4 [0x00007f211af3e5e0+0x54e4]
J 17657 C1 br.org.carameloCode.erp.crm.paginas.crmAtendimento.PgProspecto.executarAcao(Lbr/org/carameloCode/erp/modulo/crm/entidadesJPA/prospecto/Pessoa;)V (489 bytes) @ 0x00007f211af43ac4 [0x00007f211af3e5e0+0x54e4]
J 17657 C1 br.org.carameloCode.erp.crm.paginas.crmAtendimento.PgProspecto.executarAcao(Lbr/org/carameloCode/erp/modulo/crm/entidadesJPA/prospecto/Pessoa;)V (489 bytes) @ 0x00007f211af43ac4 [0x00007f211af3e5e0+0x54e4]
J 17657 C1 br.org.carameloCode.erp.crm.paginas.crmAtendimento.PgProspecto.executarAcao(Lbr/org/carameloCode/erp/modulo/crm/entidadesJPA/prospecto/Pessoa;)V (489 bytes) @ 0x00007f211af43ac4 [0x00007f211af3e5e0+0x54e4]
J 17657 C1 br.org.carameloCode.erp.crm.paginas.crmAtendimento.PgProspecto.executarAcao(Lbr/org/carameloCode/erp/modulo/crm/entidadesJPA/prospecto/Pessoa;)V (489 bytes) @ 0x00007f211af43ac4 [0x00007f211af3e5e0+0x54e4]
J 17657 C1 br.org.carameloCode.erp.crm.paginas.crmAtendimento.PgProspecto.executarAcao(Lbr/org/carameloCode/erp/modulo/crm/entidadesJPA/prospecto/Pessoa;)V (489 bytes) @ 0x00007f211af43ac4 [0x00007f211af3e5e0+0x54e4]
J 17657 C1 br.org.carameloCode.erp.crm.paginas.crmAtendimento.PgProspecto.executarAcao(Lbr/org/carameloCode/erp/modulo/crm/entidadesJPA/prospecto/Pessoa;)V (489 bytes) @ 0x00007f211af43ac4 [0x00007f211af3e5e0+0x54e4]
J 17657 C1 br.org.carameloCode.erp.crm.paginas.crmAtendimento.PgProspecto.executarAcao(Lbr/org/carameloCode/erp/modulo/crm/entidadesJPA/prospecto/Pessoa;)V (489 bytes) @ 0x00007f211af43ac4 [0x00007f211af3e5e0+0x54e4]
J 17657 C1 br.org.carameloCode.erp.crm.paginas.crmAtendimento.PgProspecto.executarAcao(Lbr/org/carameloCode/erp/modulo/crm/entidadesJPA/prospecto/Pessoa;)V (489 bytes) @ 0x00007f211af43ac4 [0x00007f211af3e5e0+0x54e4]
J 17657 C1 br.org.carameloCode.erp.crm.paginas.crmAtendimento.PgProspecto.executarAcao(Lbr/org/carameloCode/erp/modulo/crm/entidadesJPA/prospecto/Pessoa;)V (489 bytes) @ 0x00007f211af43ac4 [0x00007f211af3e5e0+0x54e4]
J 17657 C1 br.org.carameloCode.erp.crm.paginas.crmAtendimento.PgProspecto.executarAcao(Lbr/org/carameloCode/erp/modulo/crm/entidadesJPA/prospecto/Pessoa;)V (489 bytes) @ 0x00007f211af43ac4 [0x00007f211af3e5e0+0x54e4]
J 17657 C1 br.org.carameloCode.erp.crm.paginas.crmAtendimento.PgProspecto.executarAcao(Lbr/org/carameloCode/erp/modulo/crm/entidadesJPA/prospecto/Pessoa;)V (489 bytes) @ 0x00007f211af43ac4 [0x00007f211af3e5e0+0x54e4]
J 17657 C1 br.org.carameloCode.erp.crm.paginas.crmAtendimento.PgProspecto.executarAcao(Lbr/org/carameloCode/erp/modulo/crm/entidadesJPA/prospecto/Pessoa;)V (489 bytes) @ 0x00007f211af43ac4 [0x00007f211af3e5e0+0x54e4]
J 17657 C1 br.org.carameloCode.erp.crm.paginas.crmAtendimento.PgProspecto.executarAcao(Lbr/org/carameloCode/erp/modulo/crm/entidadesJPA/prospecto/Pessoa;)V (489 bytes) @ 0x00007f211af43ac4 [0x00007f211af3e5e0+0x54e4]
J 17657 C1 br.org.carameloCode.erp.crm.paginas.crmAtendimento.PgProspecto.executarAcao(Lbr/org/carameloCode/erp/modulo/crm/entidadesJPA/prospecto/Pessoa;)V (489 bytes) @ 0x00007f211af43ac4 [0x00007f211af3e5e0+0x54e4]
J 17657 C1 br.org.carameloCode.erp.crm.paginas.crmAtendimento.PgProspecto.executarAcao(Lbr/org/carameloCode/erp/modulo/crm/entidadesJPA/prospecto/Pessoa;)V (489 bytes) @ 0x00007f211af43ac4 [0x00007f211af3e5e0+0x54e4]
J 17657 C1 br.org.carameloCode.erp.crm.paginas.crmAtendimento.PgProspecto.executarAcao(Lbr/org/carameloCode/erp/modulo/crm/entidadesJPA/prospecto/Pessoa;)V (489 bytes) @ 0x00007f211af43ac4 [0x00007f211af3e5e0+0x54e4]
J 17657 C1 br.org.carameloCode.erp.crm.paginas.crmAtendimento.PgProspecto.executarAcao(Lbr/org/carameloCode/erp/modulo/crm/entidadesJPA/prospecto/Pessoa;)V (489 bytes) @ 0x00007f211af43ac4 [0x00007f211af3e5e0+0x54e4]
J 17657 C1 br.org.carameloCode.erp.crm.paginas.crmAtendimento.PgProspecto.executarAcao(Lbr/org/carameloCode/erp/modulo/crm/entidadesJPA/prospecto/Pessoa;)V (489 bytes) @ 0x00007f211af43ac4 [0x00007f211af3e5e0+0x54e4]
J 17657 C1 br.org.carameloCode.erp.crm.paginas.crmAtendimento.PgProspecto.executarAcao(Lbr/org/carameloCode/erp/modulo/crm/entidadesJPA/prospecto/Pessoa;)V (489 bytes) @ 0x00007f211af43ac4 [0x00007f211af3e5e0+0x54e4]
J 17657 C1 br.org.carameloCode.erp.crm.paginas.crmAtendimento.PgProspecto.executarAcao(Lbr/org/carameloCode/erp/modulo/crm/entidadesJPA/prospecto/Pessoa;)V (489 bytes) @ 0x00007f211af43ac4 [0x00007f211af3e5e0+0x54e4]
J 17657 C1 br.org.carameloCode.erp.crm.paginas.crmAtendimento.PgProspecto.executarAcao(Lbr/org/carameloCode/erp/modulo/crm/entidadesJPA/prospecto/Pessoa;)V (489 bytes) @ 0x00007f211af43ac4 [0x00007f211af3e5e0+0x54e4]
J 17657 C1 br.org.carameloCode.erp.crm.paginas.crmAtendimento.PgProspecto.executarAcao(Lbr/org/carameloCode/erp/modulo/crm/entidadesJPA/prospecto/Pessoa;)V (489 bytes) @ 0x00007f211af43ac4 [0x00007f211af3e5e0+0x54e4]
J 17657 C1 br.org.carameloCode.erp.crm.paginas.crmAtendimento.PgProspecto.executarAcao(Lbr/org/carameloCode/erp/modulo/crm/entidadesJPA/prospecto/Pessoa;)V (489 bytes) @ 0x00007f211af43ac4 [0x00007f211af3e5e0+0x54e4]
J 17657 C1 br.org.carameloCode.erp.crm.paginas.crmAtendimento.PgProspecto.executarAcao(Lbr/org/carameloCode/erp/modulo/crm/entidadesJPA/prospecto/Pessoa;)V (489 bytes) @ 0x00007f211af43ac4 [0x00007f211af3e5e0+0x54e4]
J 17657 C1 br.org.carameloCode.erp.crm.paginas.crmAtendimento.PgProspecto.executarAcao(Lbr/org/carameloCode/erp/modulo/crm/entidadesJPA/prospecto/Pessoa;)V (489 bytes) @ 0x00007f211af43ac4 [0x00007f211af3e5e0+0x54e4]
J 17657 C1 br.org.carameloCode.erp.crm.paginas.crmAtendimento.PgProspecto.executarAcao(Lbr/org/carameloCode/erp/modulo/crm/entidadesJPA/prospecto/Pessoa;)V (489 bytes) @ 0x00007f211af43ac4 [0x00007f211af3e5e0+0x54e4]
J 17657 C1 br.org.carameloCode.erp.crm.paginas.crmAtendimento.PgProspecto.executarAcao(Lbr/org/carameloCode/erp/modulo/crm/entidadesJPA/prospecto/Pessoa;)V (489 bytes) @ 0x00007f211af43ac4 [0x00007f211af3e5e0+0x54e4]
J 17657 C1 br.org.carameloCode.erp.crm.paginas.crmAtendimento.PgProspecto.executarAcao(Lbr/org/carameloCode/erp/modulo/crm/entidadesJPA/prospecto/Pessoa;)V (489 bytes) @ 0x00007f211af43ac4 [0x00007f211af3e5e0+0x54e4]
J 17657 C1 br.org.carameloCode.erp.crm.paginas.crmAtendimento.PgProspecto.executarAcao(Lbr/org/carameloCode/erp/modulo/crm/entidadesJPA/prospecto/Pessoa;)V (489 bytes) @ 0x00007f211af43ac4 [0x00007f211af3e5e0+0x54e4]
J 17657 C1 br.org.carameloCode.erp.crm.paginas.crmAtendimento.PgProspecto.executarAcao(Lbr/org/carameloCode/erp/modulo/crm/entidadesJPA/prospecto/Pessoa;)V (489 bytes) @ 0x00007f211af43ac4 [0x00007f211af3e5e0+0x54e4]
J 17657 C1 br.org.carameloCode.erp.crm.paginas.crmAtendimento.PgProspecto.executarAcao(Lbr/org/carameloCode/erp/modulo/crm/entidadesJPA/prospecto/Pessoa;)V (489 bytes) @ 0x00007f211af43ac4 [0x00007f211af3e5e0+0x54e4]
J 17657 C1 br.org.carameloCode.erp.crm.paginas.crmAtendimento.PgProspecto.executarAcao(Lbr/org/carameloCode/erp/modulo/crm/entidadesJPA/prospecto/Pessoa;)V (489 bytes) @ 0x00007f211af43ac4 [0x00007f211af3e5e0+0x54e4]
J 17657 C1 br.org.carameloCode.erp.crm.paginas.crmAtendimento.PgProspecto.executarAcao(Lbr/org/carameloCode/erp/modulo/crm/entidadesJPA/prospecto/Pessoa;)V (489 bytes) @ 0x00007f211af43ac4 [0x00007f211af3e5e0+0x54e4]
J 17657 C1 br.org.carameloCode.erp.crm.paginas.crmAtendimento.PgProspecto.executarAcao(Lbr/org/carameloCode/erp/modulo/crm/entidadesJPA/prospecto/Pessoa;)V (489 bytes) @ 0x00007f211af43ac4 [0x00007f211af3e5e0+0x54e4]
J 17657 C1 br.org.carameloCode.erp.crm.paginas.crmAtendimento.PgProspecto.executarAcao(Lbr/org/carameloCode/erp/modulo/crm/entidadesJPA/prospecto/Pessoa;)V (489 bytes) @ 0x00007f211af43ac4 [0x00007f211af3e5e0+0x54e4]
J 17657 C1 br.org.carameloCode.erp.crm.paginas.crmAtendimento.PgProspecto.executarAcao(Lbr/org/carameloCode/erp/modulo/crm/entidadesJPA/prospecto/Pessoa;)V (489 bytes) @ 0x00007f211af43ac4 [0x00007f211af3e5e0+0x54e4]
J 17657 C1 br.org.carameloCode.erp.crm.paginas.crmAtendimento.PgProspecto.executarAcao(Lbr/org/carameloCode/erp/modulo/crm/entidadesJPA/prospecto/Pessoa;)V (489 bytes) @ 0x00007f211af43ac4 [0x00007f211af3e5e0+0x54e4]
J 17657 C1 br.org.carameloCode.erp.crm.paginas.crmAtendimento.PgProspecto.executarAcao(Lbr/org/carameloCode/erp/modulo/crm/entidadesJPA/prospecto/Pessoa;)V (489 bytes) @ 0x00007f211af43ac4 [0x00007f211af3e5e0+0x54e4]
J 17657 C1 br.org.carameloCode.erp.crm.paginas.crmAtendimento.PgProspecto.executarAcao(Lbr/org/carameloCode/erp/modulo/crm/entidadesJPA/prospecto/Pessoa;)V (489 bytes) @ 0x00007f211af43ac4 [0x00007f211af3e5e0+0x54e4]
J 17657 C1 br.org.carameloCode.erp.crm.paginas.crmAtendimento.PgProspecto.executarAcao(Lbr/org/carameloCode/erp/modulo/crm/entidadesJPA/prospecto/Pessoa;)V (489 bytes) @ 0x00007f211af43ac4 [0x00007f211af3e5e0+0x54e4]
J 17657 C1 br.org.carameloCode.erp.crm.paginas.crmAtendimento.PgProspecto.executarAcao(Lbr/org/carameloCode/erp/modulo/crm/entidadesJPA/prospecto/Pessoa;)V (489 bytes) @ 0x00007f211af43ac4 [0x00007f211af3e5e0+0x54e4]
J 17657 C1 br.org.carameloCode.erp.crm.paginas.crmAtendimento.PgProspecto.executarAcao(Lbr/org/carameloCode/erp/modulo/crm/entidadesJPA/prospecto/Pessoa;)V (489 bytes) @ 0x00007f211af43ac4 [0x00007f211af3e5e0+0x54e4]
J 17657 C1 br.org.carameloCode.erp.crm.paginas.crmAtendimento.PgProspecto.executarAcao(Lbr/org/carameloCode/erp/modulo/crm/entidadesJPA/prospecto/Pessoa;)V (489 bytes) @ 0x00007f211af43ac4 [0x00007f211af3e5e0+0x54e4]
J 17657 C1 br.org.carameloCode.erp.crm.paginas.crmAtendimento.PgProspecto.executarAcao(Lbr/org/carameloCode/erp/modulo/crm/entidadesJPA/prospecto/Pessoa;)V (489 bytes) @ 0x00007f211af43ac4 [0x00007f211af3e5e0+0x54e4]
J 17657 C1 br.org.carameloCode.erp.crm.paginas.crmAtendimento.PgProspecto.executarAcao(Lbr/org/carameloCode/erp/modulo/crm/entidadesJPA/prospecto/Pessoa;)V (489 bytes) @ 0x00007f211af43ac4 [0x00007f211af3e5e0+0x54e4]
J 17657 C1 br.org.carameloCode.erp.crm.paginas.crmAtendimento.PgProspecto.executarAcao(Lbr/org/carameloCode/erp/modulo/crm/entidadesJPA/prospecto/Pessoa;)V (489 bytes) @ 0x00007f211af43ac4 [0x00007f211af3e5e0+0x54e4]
J 17657 C1 br.org.carameloCode.erp.crm.paginas.crmAtendimento.PgProspecto.executarAcao(Lbr/org/carameloCode/erp/modulo/crm/entidadesJPA/prospecto/Pessoa;)V (489 bytes) @ 0x00007f211af43ac4 [0x00007f211af3e5e0+0x54e4]
J 17657 C1 br.org.carameloCode.erp.crm.paginas.crmAtendimento.PgProspecto.executarAcao(Lbr/org/carameloCode/erp/modulo/crm/entidadesJPA/prospecto/Pessoa;)V (489 bytes) @ 0x00007f211af43ac4 [0x00007f211af3e5e0+0x54e4]
J 17657 C1 br.org.carameloCode.erp.crm.paginas.crmAtendimento.PgProspecto.executarAcao(Lbr/org/carameloCode/erp/modulo/crm/entidadesJPA/prospecto/Pessoa;)V (489 bytes) @ 0x00007f211af43ac4 [0x00007f211af3e5e0+0x54e4]
J 17657 C1 br.org.carameloCode.erp.crm.paginas.crmAtendimento.PgProspecto.executarAcao(Lbr/org/carameloCode/erp/modulo/crm/entidadesJPA/prospecto/Pessoa;)V (489 bytes) @ 0x00007f211af43ac4 [0x00007f211af3e5e0+0x54e4]
J 17657 C1 br.org.carameloCode.erp.crm.paginas.crmAtendimento.PgProspecto.executarAcao(Lbr/org/carameloCode/erp/modulo/crm/entidadesJPA/prospecto/Pessoa;)V (489 bytes) @ 0x00007f211af43ac4 [0x00007f211af3e5e0+0x54e4]
J 17657 C1 br.org.carameloCode.erp.crm.paginas.crmAtendimento.PgProspecto.executarAcao(Lbr/org/carameloCode/erp/modulo/crm/entidadesJPA/prospecto/Pessoa;)V (489 bytes) @ 0x00007f211af43ac4 [0x00007f211af3e5e0+0x54e4]
J 17657 C1 br.org.carameloCode.erp.crm.paginas.crmAtendimento.PgProspecto.executarAcao(Lbr/org/carameloCode/erp/modulo/crm/entidadesJPA/prospecto/Pessoa;)V (489 bytes) @ 0x00007f211af43ac4 [0x00007f211af3e5e0+0x54e4]
J 17657 C1 br.org.carameloCode.erp.crm.paginas.crmAtendimento.PgProspecto.executarAcao(Lbr/org/carameloCode/erp/modulo/crm/entidadesJPA/prospecto/Pessoa;)V (489 bytes) @ 0x00007f211af43ac4 [0x00007f211af3e5e0+0x54e4]
J 17657 C1 br.org.carameloCode.erp.crm.paginas.crmAtendimento.PgProspecto.executarAcao(Lbr/org/carameloCode/erp/modulo/crm/entidadesJPA/prospecto/Pessoa;)V (489 bytes) @ 0x00007f211af43ac4 [0x00007f211af3e5e0+0x54e4]
J 17657 C1 br.org.carameloCode.erp.crm.paginas.crmAtendimento.PgProspecto.executarAcao(Lbr/org/carameloCode/erp/modulo/crm/entidadesJPA/prospecto/Pessoa;)V (489 bytes) @ 0x00007f211af43ac4 [0x00007f211af3e5e0+0x54e4]
J 17657 C1 br.org.carameloCode.erp.crm.paginas.crmAtendimento.PgProspecto.executarAcao(Lbr/org/carameloCode/erp/modulo/crm/entidadesJPA/prospecto/Pessoa;)V (489 bytes) @ 0x00007f211af43ac4 [0x00007f211af3e5e0+0x54e4]
J 17657 C1 br.org.carameloCode.erp.crm.paginas.crmAtendimento.PgProspecto.executarAcao(Lbr/org/carameloCode/erp/modulo/crm/entidadesJPA/prospecto/Pessoa;)V (489 bytes) @ 0x00007f211af43ac4 [0x00007f211af3e5e0+0x54e4]
J 17657 C1 br.org.carameloCode.erp.crm.paginas.crmAtendimento.PgProspecto.executarAcao(Lbr/org/carameloCode/erp/modulo/crm/entidadesJPA/prospecto/Pessoa;)V (489 bytes) @ 0x00007f211af43ac4 [0x00007f211af3e5e0+0x54e4]
J 17657 C1 br.org.carameloCode.erp.crm.paginas.crmAtendimento.PgProspecto.executarAcao(Lbr/org/carameloCode/erp/modulo/crm/entidadesJPA/prospecto/Pessoa;)V (489 bytes) @ 0x00007f211af43ac4 [0x00007f211af3e5e0+0x54e4]
J 17657 C1 br.org.carameloCode.erp.crm.paginas.crmAtendimento.PgProspecto.executarAcao(Lbr/org/carameloCode/erp/modulo/crm/entidadesJPA/prospecto/Pessoa;)V (489 bytes) @ 0x00007f211af43ac4 [0x00007f211af3e5e0+0x54e4]
J 17657 C1 br.org.carameloCode.erp.crm.paginas.crmAtendimento.PgProspecto.executarAcao(Lbr/org/carameloCode/erp/modulo/crm/entidadesJPA/prospecto/Pessoa;)V (489 bytes) @ 0x00007f211af43ac4 [0x00007f211af3e5e0+0x54e4]
J 17657 C1 br.org.carameloCode.erp.crm.paginas.crmAtendimento.PgProspecto.executarAcao(Lbr/org/carameloCode/erp/modulo/crm/entidadesJPA/prospecto/Pessoa;)V (489 bytes) @ 0x00007f211af43ac4 [0x00007f211af3e5e0+0x54e4]
J 17657 C1 br.org.carameloCode.erp.crm.paginas.crmAtendimento.PgProspecto.executarAcao(Lbr/org/carameloCode/erp/modulo/crm/entidadesJPA/prospecto/Pessoa;)V (489 bytes) @ 0x00007f211af43ac4 [0x00007f211af3e5e0+0x54e4]
J 17657 C1 br.org.carameloCode.erp.crm.paginas.crmAtendimento.PgProspecto.executarAcao(Lbr/org/carameloCode/erp/modulo/crm/entidadesJPA/prospecto/Pessoa;)V (489 bytes) @ 0x00007f211af43ac4 [0x00007f211af3e5e0+0x54e4]
J 17657 C1 br.org.carameloCode.erp.crm.paginas.crmAtendimento.PgProspecto.executarAcao(Lbr/org/carameloCode/erp/modulo/crm/entidadesJPA/prospecto/Pessoa;)V (489 bytes) @ 0x00007f211af43ac4 [0x00007f211af3e5e0+0x54e4]
J 17657 C1 br.org.carameloCode.erp.crm.paginas.crmAtendimento.PgProspecto.executarAcao(Lbr/org/carameloCode/erp/modulo/crm/entidadesJPA/prospecto/Pessoa;)V (489 bytes) @ 0x00007f211af43ac4 [0x00007f211af3e5e0+0x54e4]
J 17657 C1 br.org.carameloCode.erp.crm.paginas.crmAtendimento.PgProspecto.executarAcao(Lbr/org/carameloCode/erp/modulo/crm/entidadesJPA/prospecto/Pessoa;)V (489 bytes) @ 0x00007f211af43ac4 [0x00007f211af3e5e0+0x54e4]
J 17657 C1 br.org.carameloCode.erp.crm.paginas.crmAtendimento.PgProspecto.executarAcao(Lbr/org/carameloCode/erp/modulo/crm/entidadesJPA/prospecto/Pessoa;)V (489 bytes) @ 0x00007f211af43ac4 [0x00007f211af3e5e0+0x54e4]
J 17657 C1 br.org.carameloCode.erp.crm.paginas.crmAtendimento.PgProspecto.executarAcao(Lbr/org/carameloCode/erp/modulo/crm/entidadesJPA/prospecto/Pessoa;)V (489 bytes) @ 0x00007f211af43ac4 [0x00007f211af3e5e0+0x54e4]
J 17657 C1 br.org.carameloCode.erp.crm.paginas.crmAtendimento.PgProspecto.executarAcao(Lbr/org/carameloCode/erp/modulo/crm/entidadesJPA/prospecto/Pessoa;)V (489 bytes) @ 0x00007f211af43ac4 [0x00007f211af3e5e0+0x54e4]
J 17657 C1 br.org.carameloCode.erp.crm.paginas.crmAtendimento.PgProspecto.executarAcao(Lbr/org/carameloCode/erp/modulo/crm/entidadesJPA/prospecto/Pessoa;)V (489 bytes) @ 0x00007f211af43ac4 [0x00007f211af3e5e0+0x54e4]
J 17657 C1 br.org.carameloCode.erp.crm.paginas.crmAtendimento.PgProspecto.executarAcao(Lbr/org/carameloCode/erp/modulo/crm/entidadesJPA/prospecto/Pessoa;)V (489 bytes) @ 0x00007f211af43ac4 [0x00007f211af3e5e0+0x54e4]
J 17657 C1 br.org.carameloCode.erp.crm.paginas.crmAtendimento.PgProspecto.executarAcao(Lbr/org/carameloCode/erp/modulo/crm/entidadesJPA/prospecto/Pessoa;)V (489 bytes) @ 0x00007f211af43ac4 [0x00007f211af3e5e0+0x54e4]
J 17657 C1 br.org.carameloCode.erp.crm.paginas.crmAtendimento.PgProspecto.executarAcao(Lbr/org/carameloCode/erp/modulo/crm/entidadesJPA/prospecto/Pessoa;)V (489 bytes) @ 0x00007f211af43ac4 [0x00007f211af3e5e0+0x54e4]
J 17657 C1 br.org.carameloCode.erp.crm.paginas.crmAtendimento.PgProspecto.executarAcao(Lbr/org/carameloCode/erp/modulo/crm/entidadesJPA/prospecto/Pessoa;)V (489 bytes) @ 0x00007f211af43ac4 [0x00007f211af3e5e0+0x54e4]
J 17657 C1 br.org.carameloCode.erp.crm.paginas.crmAtendimento.PgProspecto.executarAcao(Lbr/org/carameloCode/erp/modulo/crm/entidadesJPA/prospecto/Pessoa;)V (489 bytes) @ 0x00007f211af43ac4 [0x00007f211af3e5e0+0x54e4]
J 17657 C1 br.org.carameloCode.erp.crm.paginas.crmAtendimento.PgProspecto.executarAcao(Lbr/org/carameloCode/erp/modulo/crm/entidadesJPA/prospecto/Pessoa;)V (489 bytes) @ 0x00007f211af43ac4 [0x00007f211af3e5e0+0x54e4]
J 17657 C1 br.org.carameloCode.erp.crm.paginas.crmAtendimento.PgProspecto.executarAcao(Lbr/org/carameloCode/erp/modulo/crm/entidadesJPA/prospecto/Pessoa;)V (489 bytes) @ 0x00007f211af43ac4 [0x00007f211af3e5e0+0x54e4]
J 17657 C1 br.org.carameloCode.erp.crm.paginas.crmAtendimento.PgProspecto.executarAcao(Lbr/org/carameloCode/erp/modulo/crm/entidadesJPA/prospecto/Pessoa;)V (489 bytes) @ 0x00007f211af43ac4 [0x00007f211af3e5e0+0x54e4]
J 17657 C1 br.org.carameloCode.erp.crm.paginas.crmAtendimento.PgProspecto.executarAcao(Lbr/org/carameloCode/erp/modulo/crm/entidadesJPA/prospecto/Pessoa;)V (489 bytes) @ 0x00007f211af43ac4 [0x00007f211af3e5e0+0x54e4]
J 17657 C1 br.org.carameloCode.erp.crm.paginas.crmAtendimento.PgProspecto.executarAcao(Lbr/org/carameloCode/erp/modulo/crm/entidadesJPA/prospecto/Pessoa;)V (489 bytes) @ 0x00007f211af43ac4 [0x00007f211af3e5e0+0x54e4]
J 17657 C1 br.org.carameloCode.erp.crm.paginas.crmAtendimento.PgProspecto.executarAcao(Lbr/org/carameloCode/erp/modulo/crm/entidadesJPA/prospecto/Pessoa;)V (489 bytes) @ 0x00007f211af43ac4 [0x00007f211af3e5e0+0x54e4]
J 17657 C1 br.org.carameloCode.erp.crm.paginas.crmAtendimento.PgProspecto.executarAcao(Lbr/org/carameloCode/erp/modulo/crm/entidadesJPA/prospecto/Pessoa;)V (489 bytes) @ 0x00007f211af43ac4 [0x00007f211af3e5e0+0x54e4]
J 17657 C1 br.org.carameloCode.erp.crm.paginas.crmAtendimento.PgProspecto.executarAcao(Lbr/org/carameloCode/erp/modulo/crm/entidadesJPA/prospecto/Pessoa;)V (489 bytes) @ 0x00007f211af43ac4 [0x00007f211af3e5e0+0x54e4]
J 17657 C1 br.org.carameloCode.erp.crm.paginas.crmAtendimento.PgProspecto.executarAcao(Lbr/org/carameloCode/erp/modulo/crm/entidadesJPA/prospecto/Pessoa;)V (489 bytes) @ 0x00007f211af43ac4 [0x00007f211af3e5e0+0x54e4]
J 17657 C1 br.org.carameloCode.erp.crm.paginas.crmAtendimento.PgProspecto.executarAcao(Lbr/org/carameloCode/erp/modulo/crm/entidadesJPA/prospecto/Pessoa;)V (489 bytes) @ 0x00007f211af43ac4 [0x00007f211af3e5e0+0x54e4]
J 17657 C1 br.org.carameloCode.erp.crm.paginas.crmAtendimento.PgProspecto.executarAcao(Lbr/org/carameloCode/erp/modulo/crm/entidadesJPA/prospecto/Pessoa;)V (489 bytes) @ 0x00007f211af43ac4 [0x00007f211af3e5e0+0x54e4]
J 17657 C1 br.org.carameloCode.erp.crm.paginas.crmAtendimento.PgProspecto.executarAcao(Lbr/org/carameloCode/erp/modulo/crm/entidadesJPA/prospecto/Pessoa;)V (489 bytes) @ 0x00007f211af43ac4 [0x00007f211af3e5e0+0x54e4]
J 17657 C1 br.org.carameloCode.erp.crm.paginas.crmAtendimento.PgProspecto.executarAcao(Lbr/org/carameloCode/erp/modulo/crm/entidadesJPA/prospecto/Pessoa;)V (489 bytes) @ 0x00007f211af43ac4 [0x00007f211af3e5e0+0x54e4]
J 17657 C1 br.org.carameloCode.erp.crm.paginas.crmAtendimento.PgProspecto.executarAcao(Lbr/org/carameloCode/erp/modulo/crm/entidadesJPA/prospecto/Pessoa;)V (489 bytes) @ 0x00007f211af43ac4 [0x00007f211af3e5e0+0x54e4]
J 17657 C1 br.org.carameloCode.erp.crm.paginas.crmAtendimento.PgProspecto.executarAcao(Lbr/org/carameloCode/erp/modulo/crm/entidadesJPA/prospecto/Pessoa;)V (489 bytes) @ 0x00007f211af43ac4 [0x00007f211af3e5e0+0x54e4]
J 17657 C1 br.org.carameloCode.erp.crm.paginas.crmAtendimento.PgProspecto.executarAcao(Lbr/org/carameloCode/erp/modulo/crm/entidadesJPA/prospecto/Pessoa;)V (489 bytes) @ 0x00007f211af43ac4 [0x00007f211af3e5e0+0x54e4]
J 17657 C1 br.org.carameloCode.erp.crm.paginas.crmAtendimento.PgProspecto.executarAcao(Lbr/org/carameloCode/erp/modulo/crm/entidadesJPA/prospecto/Pessoa;)V (489 bytes) @ 0x00007f211af43ac4 [0x00007f211af3e5e0+0x54e4]
J 17657 C1 br.org.carameloCode.erp.crm.paginas.crmAtendimento.PgProspecto.executarAcao(Lbr/org/carameloCode/erp/modulo/crm/entidadesJPA/prospecto/Pessoa;)V (489 bytes) @ 0x00007f211af43ac4 [0x00007f211af3e5e0+0x54e4]
J 17657 C1 br.org.carameloCode.erp.crm.paginas.crmAtendimento.PgProspecto.executarAcao(Lbr/org/carameloCode/erp/modulo/crm/entidadesJPA/prospecto/Pessoa;)V (489 bytes) @ 0x00007f211af43ac4 [0x00007f211af3e5e0+0x54e4]
J 17657 C1 br.org.carameloCode.erp.crm.paginas.crmAtendimento.PgProspecto.executarAcao(Lbr/org/carameloCode/erp/modulo/crm/entidadesJPA/prospecto/Pessoa;)V (489 bytes) @ 0x00007f211af43ac4 [0x00007f211af3e5e0+0x54e4]
J 17657 C1 br.org.carameloCode.erp.crm.paginas.crmAtendimento.PgProspecto.executarAcao(Lbr/org/carameloCode/erp/modulo/crm/entidadesJPA/prospecto/Pessoa;)V (489 bytes) @ 0x00007f211af43ac4 [0x00007f211af3e5e0+0x54e4]
J 17657 C1 br.org.carameloCode.erp.crm.paginas.crmAtendimento.PgProspecto.executarAcao(Lbr/org/carameloCode/erp/modulo/crm/entidadesJPA/prospecto/Pessoa;)V (489 bytes) @ 0x00007f211af43ac4 [0x00007f211af3e5e0+0x54e4]
J 17657 C1 br.org.carameloCode.erp.crm.paginas.crmAtendimento.PgProspecto.executarAcao(Lbr/org/carameloCode/erp/modulo/crm/entidadesJPA/prospecto/Pessoa;)V (489 bytes) @ 0x00007f211af43ac4 [0x00007f211af3e5e0+0x54e4]
J 17657 C1 br.org.carameloCode.erp.crm.paginas.crmAtendimento.PgProspecto.executarAcao(Lbr/org/carameloCode/erp/modulo/crm/entidadesJPA/prospecto/Pessoa;)V (489 bytes) @ 0x00007f211af43ac4 [0x00007f211af3e5e0+0x54e4]
J 17657 C1 br.org.carameloCode.erp.crm.paginas.crmAtendimento.PgProspecto.executarAcao(Lbr/org/carameloCode/erp/modulo/crm/entidadesJPA/prospecto/Pessoa;)V (489 bytes) @ 0x00007f211af43ac4 [0x00007f211af3e5e0+0x54e4]
J 17657 C1 br.org.carameloCode.erp.crm.paginas.crmAtendimento.PgProspecto.executarAcao(Lbr/org/carameloCode/erp/modulo/crm/entidadesJPA/prospecto/Pessoa;)V (489 bytes) @ 0x00007f211af43ac4 [0x00007f211af3e5e0+0x54e4]
J 17657 C1 br.org.carameloCode.erp.crm.paginas.crmAtendimento.PgProspecto.executarAcao(Lbr/org/carameloCode/erp/modulo/crm/entidadesJPA/prospecto/Pessoa;)V (489 bytes) @ 0x00007f211af43ac4 [0x00007f211af3e5e0+0x54e4]
J 17657 C1 br.org.carameloCode.erp.crm.paginas.crmAtendimento.PgProspecto.executarAcao(Lbr/org/carameloCode/erp/modulo/crm/entidadesJPA/prospecto/Pessoa;)V (489 bytes) @ 0x00007f211af43ac4 [0x00007f211af3e5e0+0x54e4]
J 17657 C1 br.org.carameloCode.erp.crm.paginas.crmAtendimento.PgProspecto.executarAcao(Lbr/org/carameloCode/erp/modulo/crm/entidadesJPA/prospecto/Pessoa;)V (489 bytes) @ 0x00007f211af43ac4 [0x00007f211af3e5e0+0x54e4]
J 17657 C1 br.org.carameloCode.erp.crm.paginas.crmAtendimento.PgProspecto.executarAcao(Lbr/org/carameloCode/erp/modulo/crm/entidadesJPA/prospecto/Pessoa;)V (489 bytes) @ 0x00007f211af43ac4 [0x00007f211af3e5e0+0x54e4]
J 17657 C1 br.org.carameloCode.erp.crm.paginas.crmAtendimento.PgProspecto.executarAcao(Lbr/org/carameloCode/erp/modulo/crm/entidadesJPA/prospecto/Pessoa;)V (489 bytes) @ 0x00007f211af43ac4 [0x00007f211af3e5e0+0x54e4]
J 17657 C1 br.org.carameloCode.erp.crm.paginas.crmAtendimento.PgProspecto.executarAcao(Lbr/org/carameloCode/erp/modulo/crm/entidadesJPA/prospecto/Pessoa;)V (489 bytes) @ 0x00007f211af43ac4 [0x00007f211af3e5e0+0x54e4]
J 17657 C1 br.org.carameloCode.erp.crm.paginas.crmAtendimento.PgProspecto.executarAcao(Lbr/org/carameloCode/erp/modulo/crm/entidadesJPA/prospecto/Pessoa;)V (489 bytes) @ 0x00007f211af43ac4 [0x00007f211af3e5e0+0x54e4]
J 17657 C1 br.org.carameloCode.erp.crm.paginas.crmAtendimento.PgProspecto.executarAcao(Lbr/org/carameloCode/erp/modulo/crm/entidadesJPA/prospecto/Pessoa;)V (489 bytes) @ 0x00007f211af43ac4 [0x00007f211af3e5e0+0x54e4]
J 17657 C1 br.org.carameloCode.erp.crm.paginas.crmAtendimento.PgProspecto.executarAcao(Lbr/org/carameloCode/erp/modulo/crm/entidadesJPA/prospecto/Pessoa;)V (489 bytes) @ 0x00007f211af43ac4 [0x00007f211af3e5e0+0x54e4]
J 17657 C1 br.org.carameloCode.erp.crm.paginas.crmAtendimento.PgProspecto.executarAcao(Lbr/org/carameloCode/erp/modulo/crm/entidadesJPA/prospecto/Pessoa;)V (489 bytes) @ 0x00007f211af43ac4 [0x00007f211af3e5e0+0x54e4]
J 17657 C1 br.org.carameloCode.erp.crm.paginas.crmAtendimento.PgProspecto.executarAcao(Lbr/org/carameloCode/erp/modulo/crm/entidadesJPA/prospecto/Pessoa;)V (489 bytes) @ 0x00007f211af43ac4 [0x00007f211af3e5e0+0x54e4]
J 17657 C1 br.org.carameloCode.erp.crm.paginas.crmAtendimento.PgProspecto.executarAcao(Lbr/org/carameloCode/erp/modulo/crm/entidadesJPA/prospecto/Pessoa;)V (489 bytes) @ 0x00007f211af43ac4 [0x00007f211af3e5e0+0x54e4]
J 17657 C1 br.org.carameloCode.erp.crm.paginas.crmAtendimento.PgProspecto.executarAcao(Lbr/org/carameloCode/erp/modulo/crm/entidadesJPA/prospecto/Pessoa;)V (489 bytes) @ 0x00007f211af43ac4 [0x00007f211af3e5e0+0x54e4]
J 17657 C1 br.org.carameloCode.erp.crm.paginas.crmAtendimento.PgProspecto.executarAcao(Lbr/org/carameloCode/erp/modulo/crm/entidadesJPA/prospecto/Pessoa;)V (489 bytes) @ 0x00007f211af43ac4 [0x00007f211af3e5e0+0x54e4]
J 17657 C1 br.org.carameloCode.erp.crm.paginas.crmAtendimento.PgProspecto.executarAcao(Lbr/org/carameloCode/erp/modulo/crm/entidadesJPA/prospecto/Pessoa;)V (489 bytes) @ 0x00007f211af43ac4 [0x00007f211af3e5e0+0x54e4]
J 17657 C1 br.org.carameloCode.erp.crm.paginas.crmAtendimento.PgProspecto.executarAcao(Lbr/org/carameloCode/erp/modulo/crm/entidadesJPA/prospecto/Pessoa;)V (489 bytes) @ 0x00007f211af43ac4 [0x00007f211af3e5e0+0x54e4]
J 17657 C1 br.org.carameloCode.erp.crm.paginas.crmAtendimento.PgProspecto.executarAcao(Lbr/org/carameloCode/erp/modulo/crm/entidadesJPA/prospecto/Pessoa;)V (489 bytes) @ 0x00007f211af43ac4 [0x00007f211af3e5e0+0x54e4]
J 17657 C1 br.org.carameloCode.erp.crm.paginas.crmAtendimento.PgProspecto.executarAcao(Lbr/org/carameloCode/erp/modulo/crm/entidadesJPA/prospecto/Pessoa;)V (489 bytes) @ 0x00007f211af43ac4 [0x00007f211af3e5e0+0x54e4]
J 17657 C1 br.org.carameloCode.erp.crm.paginas.crmAtendimento.PgProspecto.executarAcao(Lbr/org/carameloCode/erp/modulo/crm/entidadesJPA/prospecto/Pessoa;)V (489 bytes) @ 0x00007f211af43ac4 [0x00007f211af3e5e0+0x54e4]
J 17657 C1 br.org.carameloCode.erp.crm.paginas.crmAtendimento.PgProspecto.executarAcao(Lbr/org/carameloCode/erp/modulo/crm/entidadesJPA/prospecto/Pessoa;)V (489 bytes) @ 0x00007f211af43ac4 [0x00007f211af3e5e0+0x54e4]
J 17657 C1 br.org.carameloCode.erp.crm.paginas.crmAtendimento.PgProspecto.executarAcao(Lbr/org/carameloCode/erp/modulo/crm/entidadesJPA/prospecto/Pessoa;)V (489 bytes) @ 0x00007f211af43ac4 [0x00007f211af3e5e0+0x54e4]
J 17657 C1 br.org.carameloCode.erp.crm.paginas.crmAtendimento.PgProspecto.executarAcao(Lbr/org/carameloCode/erp/modulo/crm/entidadesJPA/prospecto/Pessoa;)V (489 bytes) @ 0x00007f211af43ac4 [0x00007f211af3e5e0+0x54e4]
J 17657 C1 br.org.carameloCode.erp.crm.paginas.crmAtendimento.PgProspecto.executarAcao(Lbr/org/carameloCode/erp/modulo/crm/entidadesJPA/prospecto/Pessoa;)V (489 bytes) @ 0x00007f211af43ac4 [0x00007f211af3e5e0+0x54e4]
J 17657 C1 br.org.carameloCode.erp.crm.paginas.crmAtendimento.PgProspecto.executarAcao(Lbr/org/carameloCode/erp/modulo/crm/entidadesJPA/prospecto/Pessoa;)V (489 bytes) @ 0x00007f211af43ac4 [0x00007f211af3e5e0+0x54e4]
J 17657 C1 br.org.carameloCode.erp.crm.paginas.crmAtendimento.PgProspecto.executarAcao(Lbr/org/carameloCode/erp/modulo/crm/entidadesJPA/prospecto/Pessoa;)V (489 bytes) @ 0x00007f211af43ac4 [0x00007f211af3e5e0+0x54e4]
J 17657 C1 br.org.carameloCode.erp.crm.paginas.crmAtendimento.PgProspecto.executarAcao(Lbr/org/carameloCode/erp/modulo/crm/entidadesJPA/prospecto/Pessoa;)V (489 bytes) @ 0x00007f211af43ac4 [0x00007f211af3e5e0+0x54e4]
J 17657 C1 br.org.carameloCode.erp.crm.paginas.crmAtendimento.PgProspecto.executarAcao(Lbr/org/carameloCode/erp/modulo/crm/entidadesJPA/prospecto/Pessoa;)V (489 bytes) @ 0x00007f211af43ac4 [0x00007f211af3e5e0+0x54e4]
J 17657 C1 br.org.carameloCode.erp.crm.paginas.crmAtendimento.PgProspecto.executarAcao(Lbr/org/carameloCode/erp/modulo/crm/entidadesJPA/prospecto/Pessoa;)V (489 bytes) @ 0x00007f211af43ac4 [0x00007f211af3e5e0+0x54e4]
J 17657 C1 br.org.carameloCode.erp.crm.paginas.crmAtendimento.PgProspecto.executarAcao(Lbr/org/carameloCode/erp/modulo/crm/entidadesJPA/prospecto/Pessoa;)V (489 bytes) @ 0x00007f211af43ac4 [0x00007f211af3e5e0+0x54e4]
J 17657 C1 br.org.carameloCode.erp.crm.paginas.crmAtendimento.PgProspecto.executarAcao(Lbr/org/carameloCode/erp/modulo/crm/entidadesJPA/prospecto/Pessoa;)V (489 bytes) @ 0x00007f211af43ac4 [0x00007f211af3e5e0+0x54e4]
J 17657 C1 br.org.carameloCode.erp.crm.paginas.crmAtendimento.PgProspecto.executarAcao(Lbr/org/carameloCode/erp/modulo/crm/entidadesJPA/prospecto/Pessoa;)V (489 bytes) @ 0x00007f211af43ac4 [0x00007f211af3e5e0+0x54e4]
J 17657 C1 br.org.carameloCode.erp.crm.paginas.crmAtendimento.PgProspecto.executarAcao(Lbr/org/carameloCode/erp/modulo/crm/entidadesJPA/prospecto/Pessoa;)V (489 bytes) @ 0x00007f211af43ac4 [0x00007f211af3e5e0+0x54e4]
J 17657 C1 br.org.carameloCode.erp.crm.paginas.crmAtendimento.PgProspecto.executarAcao(Lbr/org/carameloCode/erp/modulo/crm/entidadesJPA/prospecto/Pessoa;)V (489 bytes) @ 0x00007f211af43ac4 [0x00007f211af3e5e0+0x54e4]
J 17657 C1 br.org.carameloCode.erp.crm.paginas.crmAtendimento.PgProspecto.executarAcao(Lbr/org/carameloCode/erp/modulo/crm/entidadesJPA/prospecto/Pessoa;)V (489 bytes) @ 0x00007f211af43ac4 [0x00007f211af3e5e0+0x54e4]
J 17657 C1 br.org.carameloCode.erp.crm.paginas.crmAtendimento.PgProspecto.executarAcao(Lbr/org/carameloCode/erp/modulo/crm/entidadesJPA/prospecto/Pessoa;)V (489 bytes) @ 0x00007f211af43ac4 [0x00007f211af3e5e0+0x54e4]
J 17657 C1 br.org.carameloCode.erp.crm.paginas.crmAtendimento.PgProspecto.executarAcao(Lbr/org/carameloCode/erp/modulo/crm/entidadesJPA/prospecto/Pessoa;)V (489 bytes) @ 0x00007f211af43ac4 [0x00007f211af3e5e0+0x54e4]
J 17657 C1 br.org.carameloCode.erp.crm.paginas.crmAtendimento.PgProspecto.executarAcao(Lbr/org/carameloCode/erp/modulo/crm/entidadesJPA/prospecto/Pessoa;)V (489 bytes) @ 0x00007f211af43ac4 [0x00007f211af3e5e0+0x54e4]
J 17657 C1 br.org.carameloCode.erp.crm.paginas.crmAtendimento.PgProspecto.executarAcao(Lbr/org/carameloCode/erp/modulo/crm/entidadesJPA/prospecto/Pessoa;)V (489 bytes) @ 0x00007f211af43ac4 [0x00007f211af3e5e0+0x54e4]
J 17657 C1 br.org.carameloCode.erp.crm.paginas.crmAtendimento.PgProspecto.executarAcao(Lbr/org/carameloCode/erp/modulo/crm/entidadesJPA/prospecto/Pessoa;)V (489 bytes) @ 0x00007f211af43ac4 [0x00007f211af3e5e0+0x54e4]
J 17657 C1 br.org.carameloCode.erp.crm.paginas.crmAtendimento.PgProspecto.executarAcao(Lbr/org/carameloCode/erp/modulo/crm/entidadesJPA/prospecto/Pessoa;)V (489 bytes) @ 0x00007f211af43ac4 [0x00007f211af3e5e0+0x54e4]
J 17657 C1 br.org.carameloCode.erp.crm.paginas.crmAtendimento.PgProspecto.executarAcao(Lbr/org/carameloCode/erp/modulo/crm/entidadesJPA/prospecto/Pessoa;)V (489 bytes) @ 0x00007f211af43ac4 [0x00007f211af3e5e0+0x54e4]
J 17657 C1 br.org.carameloCode.erp.crm.paginas.crmAtendimento.PgProspecto.executarAcao(Lbr/org/carameloCode/erp/modulo/crm/entidadesJPA/prospecto/Pessoa;)V (489 bytes) @ 0x00007f211af43ac4 [0x00007f211af3e5e0+0x54e4]
J 17657 C1 br.org.carameloCode.erp.crm.paginas.crmAtendimento.PgProspecto.executarAcao(Lbr/org/carameloCode/erp/modulo/crm/entidadesJPA/prospecto/Pessoa;)V (489 bytes) @ 0x00007f211af43ac4 [0x00007f211af3e5e0+0x54e4]
J 17657 C1 br.org.carameloCode.erp.crm.paginas.crmAtendimento.PgProspecto.executarAcao(Lbr/org/carameloCode/erp/modulo/crm/entidadesJPA/prospecto/Pessoa;)V (489 bytes) @ 0x00007f211af43ac4 [0x00007f211af3e5e0+0x54e4]
J 17657 C1 br.org.carameloCode.erp.crm.paginas.crmAtendimento.PgProspecto.executarAcao(Lbr/org/carameloCode/erp/modulo/crm/entidadesJPA/prospecto/Pessoa;)V (489 bytes) @ 0x00007f211af43ac4 [0x00007f211af3e5e0+0x54e4]
J 17657 C1 br.org.carameloCode.erp.crm.paginas.crmAtendimento.PgProspecto.executarAcao(Lbr/org/carameloCode/erp/modulo/crm/entidadesJPA/prospecto/Pessoa;)V (489 bytes) @ 0x00007f211af43ac4 [0x00007f211af3e5e0+0x54e4]
J 17657 C1 br.org.carameloCode.erp.crm.paginas.crmAtendimento.PgProspecto.executarAcao(Lbr/org/carameloCode/erp/modulo/crm/entidadesJPA/prospecto/Pessoa;)V (489 bytes) @ 0x00007f211af43ac4 [0x00007f211af3e5e0+0x54e4]
J 17657 C1 br.org.carameloCode.erp.crm.paginas.crmAtendimento.PgProspecto.executarAcao(Lbr/org/carameloCode/erp/modulo/crm/entidadesJPA/prospecto/Pessoa;)V (489 bytes) @ 0x00007f211af43ac4 [0x00007f211af3e5e0+0x54e4]
J 17657 C1 br.org.carameloCode.erp.crm.paginas.crmAtendimento.PgProspecto.executarAcao(Lbr/org/carameloCode/erp/modulo/crm/entidadesJPA/prospecto/Pessoa;)V (489 bytes) @ 0x00007f211af43ac4 [0x00007f211af3e5e0+0x54e4]
J 17657 C1 br.org.carameloCode.erp.crm.paginas.crmAtendimento.PgProspecto.executarAcao(Lbr/org/carameloCode/erp/modulo/crm/entidadesJPA/prospecto/Pessoa;)V (489 bytes) @ 0x00007f211af43ac4 [0x00007f211af3e5e0+0x54e4]
J 17657 C1 br.org.carameloCode.erp.crm.paginas.crmAtendimento.PgProspecto.executarAcao(Lbr/org/carameloCode/erp/modulo/crm/entidadesJPA/prospecto/Pessoa;)V (489 bytes) @ 0x00007f211af43ac4 [0x00007f211af3e5e0+0x54e4]
J 17657 C1 br.org.carameloCode.erp.crm.paginas.crmAtendimento.PgProspecto.executarAcao(Lbr/org/carameloCode/erp/modulo/crm/entidadesJPA/prospecto/Pessoa;)V (489 bytes) @ 0x00007f211af43ac4 [0x00007f211af3e5e0+0x54e4]
J 17657 C1 br.org.carameloCode.erp.crm.paginas.crmAtendimento.PgProspecto.executarAcao(Lbr/org/carameloCode/erp/modulo/crm/entidadesJPA/prospecto/Pessoa;)V (489 bytes) @ 0x00007f211af43ac4 [0x00007f211af3e5e0+0x54e4]
J 17657 C1 br.org.carameloCode.erp.crm.paginas.crmAtendimento.PgProspecto.executarAcao(Lbr/org/carameloCode/erp/modulo/crm/entidadesJPA/prospecto/Pessoa;)V (489 bytes) @ 0x00007f211af43ac4 [0x00007f211af3e5e0+0x54e4]
J 17657 C1 br.org.carameloCode.erp.crm.paginas.crmAtendimento.PgProspecto.executarAcao(Lbr/org/carameloCode/erp/modulo/crm/entidadesJPA/prospecto/Pessoa;)V (489 bytes) @ 0x00007f211af43ac4 [0x00007f211af3e5e0+0x54e4]
J 17657 C1 br.org.carameloCode.erp.crm.paginas.crmAtendimento.PgProspecto.executarAcao(Lbr/org/carameloCode/erp/modulo/crm/entidadesJPA/prospecto/Pessoa;)V (489 bytes) @ 0x00007f211af43ac4 [0x00007f211af3e5e0+0x54e4]
J 17657 C1 br.org.carameloCode.erp.crm.paginas.crmAtendimento.PgProspecto.executarAcao(Lbr/org/carameloCode/erp/modulo/crm/entidadesJPA/prospecto/Pessoa;)V (489 bytes) @ 0x00007f211af43ac4 [0x00007f211af3e5e0+0x54e4]
J 17657 C1 br.org.carameloCode.erp.crm.paginas.crmAtendimento.PgProspecto.executarAcao(Lbr/org/carameloCode/erp/modulo/crm/entidadesJPA/prospecto/Pessoa;)V (489 bytes) @ 0x00007f211af43ac4 [0x00007f211af3e5e0+0x54e4]
J 17657 C1 br.org.carameloCode.erp.crm.paginas.crmAtendimento.PgProspecto.executarAcao(Lbr/org/carameloCode/erp/modulo/crm/entidadesJPA/prospecto/Pessoa;)V (489 bytes) @ 0x00007f211af43ac4 [0x00007f211af3e5e0+0x54e4]
J 17657 C1 br.org.carameloCode.erp.crm.paginas.crmAtendimento.PgProspecto.executarAcao(Lbr/org/carameloCode/erp/modulo/crm/entidadesJPA/prospecto/Pessoa;)V (489 bytes) @ 0x00007f211af43ac4 [0x00007f211af3e5e0+0x54e4]
J 17657 C1 br.org.carameloCode.erp.crm.paginas.crmAtendimento.PgProspecto.executarAcao(Lbr/org/carameloCode/erp/modulo/crm/entidadesJPA/prospecto/Pessoa;)V (489 bytes) @ 0x00007f211af43ac4 [0x00007f211af3e5e0+0x54e4]
J 17657 C1 br.org.carameloCode.erp.crm.paginas.crmAtendimento.PgProspecto.executarAcao(Lbr/org/carameloCode/erp/modulo/crm/entidadesJPA/prospecto/Pessoa;)V (489 bytes) @ 0x00007f211af43ac4 [0x00007f211af3e5e0+0x54e4]
J 17657 C1 br.org.carameloCode.erp.crm.paginas.crmAtendimento.PgProspecto.executarAcao(Lbr/org/carameloCode/erp/modulo/crm/entidadesJPA/prospecto/Pessoa;)V (489 bytes) @ 0x00007f211af43ac4 [0x00007f211af3e5e0+0x54e4]
J 17657 C1 br.org.carameloCode.erp.crm.paginas.crmAtendimento.PgProspecto.executarAcao(Lbr/org/carameloCode/erp/modulo/crm/entidadesJPA/prospecto/Pessoa;)V (489 bytes) @ 0x00007f211af43ac4 [0x00007f211af3e5e0+0x54e4]
J 17657 C1 br.org.carameloCode.erp.crm.paginas.crmAtendimento.PgProspecto.executarAcao(Lbr/org/carameloCode/erp/modulo/crm/entidadesJPA/prospecto/Pessoa;)V (489 bytes) @ 0x00007f211af43ac4 [0x00007f211af3e5e0+0x54e4]
J 17657 C1 br.org.carameloCode.erp.crm.paginas.crmAtendimento.PgProspecto.executarAcao(Lbr/org/carameloCode/erp/modulo/crm/entidadesJPA/prospecto/Pessoa;)V (489 bytes) @ 0x00007f211af43ac4 [0x00007f211af3e5e0+0x54e4]
J 17657 C1 br.org.carameloCode.erp.crm.paginas.crmAtendimento.PgProspecto.executarAcao(Lbr/org/carameloCode/erp/modulo/crm/entidadesJPA/prospecto/Pessoa;)V (489 bytes) @ 0x00007f211af43ac4 [0x00007f211af3e5e0+0x54e4]
J 17657 C1 br.org.carameloCode.erp.crm.paginas.crmAtendimento.PgProspecto.executarAcao(Lbr/org/carameloCode/erp/modulo/crm/entidadesJPA/prospecto/Pessoa;)V (489 bytes) @ 0x00007f211af43ac4 [0x00007f211af3e5e0+0x54e4]
J 17657 C1 br.org.carameloCode.erp.crm.paginas.crmAtendimento.PgProspecto.executarAcao(Lbr/org/carameloCode/erp/modulo/crm/entidadesJPA/prospecto/Pessoa;)V (489 bytes) @ 0x00007f211af43ac4 [0x00007f211af3e5e0+0x54e4]
J 17657 C1 br.org.carameloCode.erp.crm.paginas.crmAtendimento.PgProspecto.executarAcao(Lbr/org/carameloCode/erp/modulo/crm/entidadesJPA/prospecto/Pessoa;)V (489 bytes) @ 0x00007f211af43ac4 [0x00007f211af3e5e0+0x54e4]
J 17657 C1 br.org.carameloCode.erp.crm.paginas.crmAtendimento.PgProspecto.executarAcao(Lbr/org/carameloCode/erp/modulo/crm/entidadesJPA/prospecto/Pessoa;)V (489 bytes) @ 0x00007f211af43ac4 [0x00007f211af3e5e0+0x54e4]
J 17657 C1 br.org.carameloCode.erp.crm.paginas.crmAtendimento.PgProspecto.executarAcao(Lbr/org/carameloCode/erp/modulo/crm/entidadesJPA/prospecto/Pessoa;)V (489 bytes) @ 0x00007f211af43ac4 [0x00007f211af3e5e0+0x54e4]
J 17657 C1 br.org.carameloCode.erp.crm.paginas.crmAtendimento.PgProspecto.executarAcao(Lbr/org/carameloCode/erp/modulo/crm/entidadesJPA/prospecto/Pessoa;)V (489 bytes) @ 0x00007f211af43ac4 [0x00007f211af3e5e0+0x54e4]
J 17657 C1 br.org.carameloCode.erp.crm.paginas.crmAtendimento.PgProspecto.executarAcao(Lbr/org/carameloCode/erp/modulo/crm/entidadesJPA/prospecto/Pessoa;)V (489 bytes) @ 0x00007f211af43ac4 [0x00007f211af3e5e0+0x54e4]
J 17657 C1 br.org.carameloCode.erp.crm.paginas.crmAtendimento.PgProspecto.executarAcao(Lbr/org/carameloCode/erp/modulo/crm/entidadesJPA/prospecto/Pessoa;)V (489 bytes) @ 0x00007f211af43ac4 [0x00007f211af3e5e0+0x54e4]
J 17657 C1 br.org.carameloCode.erp.crm.paginas.crmAtendimento.PgProspecto.executarAcao(Lbr/org/carameloCode/erp/modulo/crm/entidadesJPA/prospecto/Pessoa;)V (489 bytes) @ 0x00007f211af43ac4 [0x00007f211af3e5e0+0x54e4]
J 17657 C1 br.org.carameloCode.erp.crm.paginas.crmAtendimento.PgProspecto.executarAcao(Lbr/org/carameloCode/erp/modulo/crm/entidadesJPA/prospecto/Pessoa;)V (489 bytes) @ 0x00007f211af43ac4 [0x00007f211af3e5e0+0x54e4]
J 17657 C1 br.org.carameloCode.erp.crm.paginas.crmAtendimento.PgProspecto.executarAcao(Lbr/org/carameloCode/erp/modulo/crm/entidadesJPA/prospecto/Pessoa;)V (489 bytes) @ 0x00007f211af43ac4 [0x00007f211af3e5e0+0x54e4]
J 17657 C1 br.org.carameloCode.erp.crm.paginas.crmAtendimento.PgProspecto.executarAcao(Lbr/org/carameloCode/erp/modulo/crm/entidadesJPA/prospecto/Pessoa;)V (489 bytes) @ 0x00007f211af43ac4 [0x00007f211af3e5e0+0x54e4]
J 17657 C1 br.org.carameloCode.erp.crm.paginas.crmAtendimento.PgProspecto.executarAcao(Lbr/org/carameloCode/erp/modulo/crm/entidadesJPA/prospecto/Pessoa;)V (489 bytes) @ 0x00007f211af43ac4 [0x00007f211af3e5e0+0x54e4]
J 17657 C1 br.org.carameloCode.erp.crm.paginas.crmAtendimento.PgProspecto.executarAcao(Lbr/org/carameloCode/erp/modulo/crm/entidadesJPA/prospecto/Pessoa;)V (489 bytes) @ 0x00007f211af43ac4 [0x00007f211af3e5e0+0x54e4]
J 17657 C1 br.org.carameloCode.erp.crm.paginas.crmAtendimento.PgProspecto.executarAcao(Lbr/org/carameloCode/erp/modulo/crm/entidadesJPA/prospecto/Pessoa;)V (489 bytes) @ 0x00007f211af43ac4 [0x00007f211af3e5e0+0x54e4]
J 17657 C1 br.org.carameloCode.erp.crm.paginas.crmAtendimento.PgProspecto.executarAcao(Lbr/org/carameloCode/erp/modulo/crm/entidadesJPA/prospecto/Pessoa;)V (489 bytes) @ 0x00007f211af43ac4 [0x00007f211af3e5e0+0x54e4]
J 17657 C1 br.org.carameloCode.erp.crm.paginas.crmAtendimento.PgProspecto.executarAcao(Lbr/org/carameloCode/erp/modulo/crm/entidadesJPA/prospecto/Pessoa;)V (489 bytes) @ 0x00007f211af43ac4 [0x00007f211af3e5e0+0x54e4]
J 17657 C1 br.org.carameloCode.erp.crm.paginas.crmAtendimento.PgProspecto.executarAcao(Lbr/org/carameloCode/erp/modulo/crm/entidadesJPA/prospecto/Pessoa;)V (489 bytes) @ 0x00007f211af43ac4 [0x00007f211af3e5e0+0x54e4]
J 17657 C1 br.org.carameloCode.erp.crm.paginas.crmAtendimento.PgProspecto.executarAcao(Lbr/org/carameloCode/erp/modulo/crm/entidadesJPA/prospecto/Pessoa;)V (489 bytes) @ 0x00007f211af43ac4 [0x00007f211af3e5e0+0x54e4]
J 17657 C1 br.org.carameloCode.erp.crm.paginas.crmAtendimento.PgProspecto.executarAcao(Lbr/org/carameloCode/erp/modulo/crm/entidadesJPA/prospecto/Pessoa;)V (489 bytes) @ 0x00007f211af43ac4 [0x00007f211af3e5e0+0x54e4]
J 17657 C1 br.org.carameloCode.erp.crm.paginas.crmAtendimento.PgProspecto.executarAcao(Lbr/org/carameloCode/erp/modulo/crm/entidadesJPA/prospecto/Pessoa;)V (489 bytes) @ 0x00007f211af43ac4 [0x00007f211af3e5e0+0x54e4]
J 17657 C1 br.org.carameloCode.erp.crm.paginas.crmAtendimento.PgProspecto.executarAcao(Lbr/org/carameloCode/erp/modulo/crm/entidadesJPA/prospecto/Pessoa;)V (489 bytes) @ 0x00007f211af43ac4 [0x00007f211af3e5e0+0x54e4]
J 17657 C1 br.org.carameloCode.erp.crm.paginas.crmAtendimento.PgProspecto.executarAcao(Lbr/org/carameloCode/erp/modulo/crm/entidadesJPA/prospecto/Pessoa;)V (489 bytes) @ 0x00007f211af43ac4 [0x00007f211af3e5e0+0x54e4]
J 17657 C1 br.org.carameloCode.erp.crm.paginas.crmAtendimento.PgProspecto.executarAcao(Lbr/org/carameloCode/erp/modulo/crm/entidadesJPA/prospecto/Pessoa;)V (489 bytes) @ 0x00007f211af43ac4 [0x00007f211af3e5e0+0x54e4]
J 17657 C1 br.org.carameloCode.erp.crm.paginas.crmAtendimento.PgProspecto.executarAcao(Lbr/org/carameloCode/erp/modulo/crm/entidadesJPA/prospecto/Pessoa;)V (489 bytes) @ 0x00007f211af43ac4 [0x00007f211af3e5e0+0x54e4]
J 17657 C1 br.org.carameloCode.erp.crm.paginas.crmAtendimento.PgProspecto.executarAcao(Lbr/org/carameloCode/erp/modulo/crm/entidadesJPA/prospecto/Pessoa;)V (489 bytes) @ 0x00007f211af43ac4 [0x00007f211af3e5e0+0x54e4]
J 17657 C1 br.org.carameloCode.erp.crm.paginas.crmAtendimento.PgProspecto.executarAcao(Lbr/org/carameloCode/erp/modulo/crm/entidadesJPA/prospecto/Pessoa;)V (489 bytes) @ 0x00007f211af43ac4 [0x00007f211af3e5e0+0x54e4]
J 17657 C1 br.org.carameloCode.erp.crm.paginas.crmAtendimento.PgProspecto.executarAcao(Lbr/org/carameloCode/erp/modulo/crm/entidadesJPA/prospecto/Pessoa;)V (489 bytes) @ 0x00007f211af43ac4 [0x00007f211af3e5e0+0x54e4]
J 17657 C1 br.org.carameloCode.erp.crm.paginas.crmAtendimento.PgProspecto.executarAcao(Lbr/org/carameloCode/erp/modulo/crm/entidadesJPA/prospecto/Pessoa;)V (489 bytes) @ 0x00007f211af43ac4 [0x00007f211af3e5e0+0x54e4]
J 17657 C1 br.org.carameloCode.erp.crm.paginas.crmAtendimento.PgProspecto.executarAcao(Lbr/org/carameloCode/erp/modulo/crm/entidadesJPA/prospecto/Pessoa;)V (489 bytes) @ 0x00007f211af43ac4 [0x00007f211af3e5e0+0x54e4]
J 17657 C1 br.org.carameloCode.erp.crm.paginas.crmAtendimento.PgProspecto.executarAcao(Lbr/org/carameloCode/erp/modulo/crm/entidadesJPA/prospecto/Pessoa;)V (489 bytes) @ 0x00007f211af43ac4 [0x00007f211af3e5e0+0x54e4]
J 17657 C1 br.org.carameloCode.erp.crm.paginas.crmAtendimento.PgProspecto.executarAcao(Lbr/org/carameloCode/erp/modulo/crm/entidadesJPA/prospecto/Pessoa;)V (489 bytes) @ 0x00007f211af43ac4 [0x00007f211af3e5e0+0x54e4]
J 17657 C1 br.org.carameloCode.erp.crm.paginas.crmAtendimento.PgProspecto.executarAcao(Lbr/org/carameloCode/erp/modulo/crm/entidadesJPA/prospecto/Pessoa;)V (489 bytes) @ 0x00007f211af43ac4 [0x00007f211af3e5e0+0x54e4]
J 17657 C1 br.org.carameloCode.erp.crm.paginas.crmAtendimento.PgProspecto.executarAcao(Lbr/org/carameloCode/erp/modulo/crm/entidadesJPA/prospecto/Pessoa;)V (489 bytes) @ 0x00007f211af43ac4 [0x00007f211af3e5e0+0x54e4]
J 17657 C1 br.org.carameloCode.erp.crm.paginas.crmAtendimento.PgProspecto.executarAcao(Lbr/org/carameloCode/erp/modulo/crm/entidadesJPA/prospecto/Pessoa;)V (489 bytes) @ 0x00007f211af43ac4 [0x00007f211af3e5e0+0x54e4]
J 17657 C1 br.org.carameloCode.erp.crm.paginas.crmAtendimento.PgProspecto.executarAcao(Lbr/org/carameloCode/erp/modulo/crm/entidadesJPA/prospecto/Pessoa;)V (489 bytes) @ 0x00007f211af43ac4 [0x00007f211af3e5e0+0x54e4]
J 17657 C1 br.org.carameloCode.erp.crm.paginas.crmAtendimento.PgProspecto.executarAcao(Lbr/org/carameloCode/erp/modulo/crm/entidadesJPA/prospecto/Pessoa;)V (489 bytes) @ 0x00007f211af43ac4 [0x00007f211af3e5e0+0x54e4]
J 17657 C1 br.org.carameloCode.erp.crm.paginas.crmAtendimento.PgProspecto.executarAcao(Lbr/org/carameloCode/erp/modulo/crm/entidadesJPA/prospecto/Pessoa;)V (489 bytes) @ 0x00007f211af43ac4 [0x00007f211af3e5e0+0x54e4]
J 17657 C1 br.org.carameloCode.erp.crm.paginas.crmAtendimento.PgProspecto.executarAcao(Lbr/org/carameloCode/erp/modulo/crm/entidadesJPA/prospecto/Pessoa;)V (489 bytes) @ 0x00007f211af43ac4 [0x00007f211af3e5e0+0x54e4]
J 17657 C1 br.org.carameloCode.erp.crm.paginas.crmAtendimento.PgProspecto.executarAcao(Lbr/org/carameloCode/erp/modulo/crm/entidadesJPA/prospecto/Pessoa;)V (489 bytes) @ 0x00007f211af43ac4 [0x00007f211af3e5e0+0x54e4]
J 17657 C1 br.org.carameloCode.erp.crm.paginas.crmAtendimento.PgProspecto.executarAcao(Lbr/org/carameloCode/erp/modulo/crm/entidadesJPA/prospecto/Pessoa;)V (489 bytes) @ 0x00007f211af43ac4 [0x00007f211af3e5e0+0x54e4]
J 17657 C1 br.org.carameloCode.erp.crm.paginas.crmAtendimento.PgProspecto.executarAcao(Lbr/org/carameloCode/erp/modulo/crm/entidadesJPA/prospecto/Pessoa;)V (489 bytes) @ 0x00007f211af43ac4 [0x00007f211af3e5e0+0x54e4]
J 17657 C1 br.org.carameloCode.erp.crm.paginas.crmAtendimento.PgProspecto.executarAcao(Lbr/org/carameloCode/erp/modulo/crm/entidadesJPA/prospecto/Pessoa;)V (489 bytes) @ 0x00007f211af43ac4 [0x00007f211af3e5e0+0x54e4]
J 17657 C1 br.org.carameloCode.erp.crm.paginas.crmAtendimento.PgProspecto.executarAcao(Lbr/org/carameloCode/erp/modulo/crm/entidadesJPA/prospecto/Pessoa;)V (489 bytes) @ 0x00007f211af43ac4 [0x00007f211af3e5e0+0x54e4]
J 17657 C1 br.org.carameloCode.erp.crm.paginas.crmAtendimento.PgProspecto.executarAcao(Lbr/org/carameloCode/erp/modulo/crm/entidadesJPA/prospecto/Pessoa;)V (489 bytes) @ 0x00007f211af43ac4 [0x00007f211af3e5e0+0x54e4]
J 17657 C1 br.org.carameloCode.erp.crm.paginas.crmAtendimento.PgProspecto.executarAcao(Lbr/org/carameloCode/erp/modulo/crm/entidadesJPA/prospecto/Pessoa;)V (489 bytes) @ 0x00007f211af43ac4 [0x00007f211af3e5e0+0x54e4]
J 17657 C1 br.org.carameloCode.erp.crm.paginas.crmAtendimento.PgProspecto.executarAcao(Lbr/org/carameloCode/erp/modulo/crm/entidadesJPA/prospecto/Pessoa;)V (489 bytes) @ 0x00007f211af43ac4 [0x00007f211af3e5e0+0x54e4]
J 17657 C1 br.org.carameloCode.erp.crm.paginas.crmAtendimento.PgProspecto.executarAcao(Lbr/org/carameloCode/erp/modulo/crm/entidadesJPA/prospecto/Pessoa;)V (489 bytes) @ 0x00007f211af43ac4 [0x00007f211af3e5e0+0x54e4]
J 17657 C1 br.org.carameloCode.erp.crm.paginas.crmAtendimento.PgProspecto.executarAcao(Lbr/org/carameloCode/erp/modulo/crm/entidadesJPA/prospecto/Pessoa;)V (489 bytes) @ 0x00007f211af43ac4 [0x00007f211af3e5e0+0x54e4]
J 17657 C1 br.org.carameloCode.erp.crm.paginas.crmAtendimento.PgProspecto.executarAcao(Lbr/org/carameloCode/erp/modulo/crm/entidadesJPA/prospecto/Pessoa;)V (489 bytes) @ 0x00007f211af43ac4 [0x00007f211af3e5e0+0x54e4]
J 17657 C1 br.org.carameloCode.erp.crm.paginas.crmAtendimento.PgProspecto.executarAcao(Lbr/org/carameloCode/erp/modulo/crm/entidadesJPA/prospecto/Pessoa;)V (489 bytes) @ 0x00007f211af43ac4 [0x00007f211af3e5e0+0x54e4]
J 17657 C1 br.org.carameloCode.erp.crm.paginas.crmAtendimento.PgProspecto.executarAcao(Lbr/org/carameloCode/erp/modulo/crm/entidadesJPA/prospecto/Pessoa;)V (489 bytes) @ 0x00007f211af43ac4 [0x00007f211af3e5e0+0x54e4]
J 17657 C1 br.org.carameloCode.erp.crm.paginas.crmAtendimento.PgProspecto.executarAcao(Lbr/org/carameloCode/erp/modulo/crm/entidadesJPA/prospecto/Pessoa;)V (489 bytes) @ 0x00007f211af43ac4 [0x00007f211af3e5e0+0x54e4]
J 17657 C1 br.org.carameloCode.erp.crm.paginas.crmAtendimento.PgProspecto.executarAcao(Lbr/org/carameloCode/erp/modulo/crm/entidadesJPA/prospecto/Pessoa;)V (489 bytes) @ 0x00007f211af43ac4 [0x00007f211af3e5e0+0x54e4]
J 17657 C1 br.org.carameloCode.erp.crm.paginas.crmAtendimento.PgProspecto.executarAcao(Lbr/org/carameloCode/erp/modulo/crm/entidadesJPA/prospecto/Pessoa;)V (489 bytes) @ 0x00007f211af43ac4 [0x00007f211af3e5e0+0x54e4]
J 17657 C1 br.org.carameloCode.erp.crm.paginas.crmAtendimento.PgProspecto.executarAcao(Lbr/org/carameloCode/erp/modulo/crm/entidadesJPA/prospecto/Pessoa;)V (489 bytes) @ 0x00007f211af43ac4 [0x00007f211af3e5e0+0x54e4]
J 17657 C1 br.org.carameloCode.erp.crm.paginas.crmAtendimento.PgProspecto.executarAcao(Lbr/org/carameloCode/erp/modulo/crm/entidadesJPA/prospecto/Pessoa;)V (489 bytes) @ 0x00007f211af43ac4 [0x00007f211af3e5e0+0x54e4]
J 17657 C1 br.org.carameloCode.erp.crm.paginas.crmAtendimento.PgProspecto.executarAcao(Lbr/org/carameloCode/erp/modulo/crm/entidadesJPA/prospecto/Pessoa;)V (489 bytes) @ 0x00007f211af43ac4 [0x00007f211af3e5e0+0x54e4]
J 17657 C1 br.org.carameloCode.erp.crm.paginas.crmAtendimento.PgProspecto.executarAcao(Lbr/org/carameloCode/erp/modulo/crm/entidadesJPA/prospecto/Pessoa;)V (489 bytes) @ 0x00007f211af43ac4 [0x00007f211af3e5e0+0x54e4]
J 17657 C1 br.org.carameloCode.erp.crm.paginas.crmAtendimento.PgProspecto.executarAcao(Lbr/org/carameloCode/erp/modulo/crm/entidadesJPA/prospecto/Pessoa;)V (489 bytes) @ 0x00007f211af43ac4 [0x00007f211af3e5e0+0x54e4]
J 17657 C1 br.org.carameloCode.erp.crm.paginas.crmAtendimento.PgProspecto.executarAcao(Lbr/org/carameloCode/erp/modulo/crm/entidadesJPA/prospecto/Pessoa;)V (489 bytes) @ 0x00007f211af43ac4 [0x00007f211af3e5e0+0x54e4]
J 17657 C1 br.org.carameloCode.erp.crm.paginas.crmAtendimento.PgProspecto.executarAcao(Lbr/org/carameloCode/erp/modulo/crm/entidadesJPA/prospecto/Pessoa;)V (489 bytes) @ 0x00007f211af43ac4 [0x00007f211af3e5e0+0x54e4]
J 17657 C1 br.org.carameloCode.erp.crm.paginas.crmAtendimento.PgProspecto.executarAcao(Lbr/org/carameloCode/erp/modulo/crm/entidadesJPA/prospecto/Pessoa;)V (489 bytes) @ 0x00007f211af43ac4 [0x00007f211af3e5e0+0x54e4]
J 17657 C1 br.org.carameloCode.erp.crm.paginas.crmAtendimento.PgProspecto.executarAcao(Lbr/org/carameloCode/erp/modulo/crm/entidadesJPA/prospecto/Pessoa;)V (489 bytes) @ 0x00007f211af43ac4 [0x00007f211af3e5e0+0x54e4]
J 17657 C1 br.org.carameloCode.erp.crm.paginas.crmAtendimento.PgProspecto.executarAcao(Lbr/org/carameloCode/erp/modulo/crm/entidadesJPA/prospecto/Pessoa;)V (489 bytes) @ 0x00007f211af43ac4 [0x00007f211af3e5e0+0x54e4]
J 17657 C1 br.org.carameloCode.erp.crm.paginas.crmAtendimento.PgProspecto.executarAcao(Lbr/org/carameloCode/erp/modulo/crm/entidadesJPA/prospecto/Pessoa;)V (489 bytes) @ 0x00007f211af43ac4 [0x00007f211af3e5e0+0x54e4]
J 17657 C1 br.org.carameloCode.erp.crm.paginas.crmAtendimento.PgProspecto.executarAcao(Lbr/org/carameloCode/erp/modulo/crm/entidadesJPA/prospecto/Pessoa;)V (489 bytes) @ 0x00007f211af43ac4 [0x00007f211af3e5e0+0x54e4]
J 17657 C1 br.org.carameloCode.erp.crm.paginas.crmAtendimento.PgProspecto.executarAcao(Lbr/org/carameloCode/erp/modulo/crm/entidadesJPA/prospecto/Pessoa;)V (489 bytes) @ 0x00007f211af43ac4 [0x00007f211af3e5e0+0x54e4]
J 17657 C1 br.org.carameloCode.erp.crm.paginas.crmAtendimento.PgProspecto.executarAcao(Lbr/org/carameloCode/erp/modulo/crm/entidadesJPA/prospecto/Pessoa;)V (489 bytes) @ 0x00007f211af43ac4 [0x00007f211af3e5e0+0x54e4]
J 17657 C1 br.org.carameloCode.erp.crm.paginas.crmAtendimento.PgProspecto.executarAcao(Lbr/org/carameloCode/erp/modulo/crm/entidadesJPA/prospecto/Pessoa;)V (489 bytes) @ 0x00007f211af43ac4 [0x00007f211af3e5e0+0x54e4]
J 17657 C1 br.org.carameloCode.erp.crm.paginas.crmAtendimento.PgProspecto.executarAcao(Lbr/org/carameloCode/erp/modulo/crm/entidadesJPA/prospecto/Pessoa;)V (489 bytes) @ 0x00007f211af43ac4 [0x00007f211af3e5e0+0x54e4]
J 17657 C1 br.org.carameloCode.erp.crm.paginas.crmAtendimento.PgProspecto.executarAcao(Lbr/org/carameloCode/erp/modulo/crm/entidadesJPA/prospecto/Pessoa;)V (489 bytes) @ 0x00007f211af43ac4 [0x00007f211af3e5e0+0x54e4]
J 17657 C1 br.org.carameloCode.erp.crm.paginas.crmAtendimento.PgProspecto.executarAcao(Lbr/org/carameloCode/erp/modulo/crm/entidadesJPA/prospecto/Pessoa;)V (489 bytes) @ 0x00007f211af43ac4 [0x00007f211af3e5e0+0x54e4]
J 17657 C1 br.org.carameloCode.erp.crm.paginas.crmAtendimento.PgProspecto.executarAcao(Lbr/org/carameloCode/erp/modulo/crm/entidadesJPA/prospecto/Pessoa;)V (489 bytes) @ 0x00007f211af43ac4 [0x00007f211af3e5e0+0x54e4]
J 17657 C1 br.org.carameloCode.erp.crm.paginas.crmAtendimento.PgProspecto.executarAcao(Lbr/org/carameloCode/erp/modulo/crm/entidadesJPA/prospecto/Pessoa;)V (489 bytes) @ 0x00007f211af43ac4 [0x00007f211af3e5e0+0x54e4]
J 17657 C1 br.org.carameloCode.erp.crm.paginas.crmAtendimento.PgProspecto.executarAcao(Lbr/org/carameloCode/erp/modulo/crm/entidadesJPA/prospecto/Pessoa;)V (489 bytes) @ 0x00007f211af43ac4 [0x00007f211af3e5e0+0x54e4]
J 17657 C1 br.org.carameloCode.erp.crm.paginas.crmAtendimento.PgProspecto.executarAcao(Lbr/org/carameloCode/erp/modulo/crm/entidadesJPA/prospecto/Pessoa;)V (489 bytes) @ 0x00007f211af43ac4 [0x00007f211af3e5e0+0x54e4]
J 17657 C1 br.org.carameloCode.erp.crm.paginas.crmAtendimento.PgProspecto.executarAcao(Lbr/org/carameloCode/erp/modulo/crm/entidadesJPA/prospecto/Pessoa;)V (489 bytes) @ 0x00007f211af43ac4 [0x00007f211af3e5e0+0x54e4]
J 17657 C1 br.org.carameloCode.erp.crm.paginas.crmAtendimento.PgProspecto.executarAcao(Lbr/org/carameloCode/erp/modulo/crm/entidadesJPA/prospecto/Pessoa;)V (489 bytes) @ 0x00007f211af43ac4 [0x00007f211af3e5e0+0x54e4]
J 17657 C1 br.org.carameloCode.erp.crm.paginas.crmAtendimento.PgProspecto.executarAcao(Lbr/org/carameloCode/erp/modulo/crm/entidadesJPA/prospecto/Pessoa;)V (489 bytes) @ 0x00007f211af43ac4 [0x00007f211af3e5e0+0x54e4]
J 17657 C1 br.org.carameloCode.erp.crm.paginas.crmAtendimento.PgProspecto.executarAcao(Lbr/org/carameloCode/erp/modulo/crm/entidadesJPA/prospecto/Pessoa;)V (489 bytes) @ 0x00007f211af43ac4 [0x00007f211af3e5e0+0x54e4]
J 17657 C1 br.org.carameloCode.erp.crm.paginas.crmAtendimento.PgProspecto.executarAcao(Lbr/org/carameloCode/erp/modulo/crm/entidadesJPA/prospecto/Pessoa;)V (489 bytes) @ 0x00007f211af43ac4 [0x00007f211af3e5e0+0x54e4]
J 17657 C1 br.org.carameloCode.erp.crm.paginas.crmAtendimento.PgProspecto.executarAcao(Lbr/org/carameloCode/erp/modulo/crm/entidadesJPA/prospecto/Pessoa;)V (489 bytes) @ 0x00007f211af43ac4 [0x00007f211af3e5e0+0x54e4]
J 17657 C1 br.org.carameloCode.erp.crm.paginas.crmAtendimento.PgProspecto.executarAcao(Lbr/org/carameloCode/erp/modulo/crm/entidadesJPA/prospecto/Pessoa;)V (489 bytes) @ 0x00007f211af43ac4 [0x00007f211af3e5e0+0x54e4]
J 17657 C1 br.org.carameloCode.erp.crm.paginas.crmAtendimento.PgProspecto.executarAcao(Lbr/org/carameloCode/erp/modulo/crm/entidadesJPA/prospecto/Pessoa;)V (489 bytes) @ 0x00007f211af43ac4 [0x00007f211af3e5e0+0x54e4]
J 17657 C1 br.org.carameloCode.erp.crm.paginas.crmAtendimento.PgProspecto.executarAcao(Lbr/org/carameloCode/erp/modulo/crm/entidadesJPA/prospecto/Pessoa;)V (489 bytes) @ 0x00007f211af43ac4 [0x00007f211af3e5e0+0x54e4]
J 17657 C1 br.org.carameloCode.erp.crm.paginas.crmAtendimento.PgProspecto.executarAcao(Lbr/org/carameloCode/erp/modulo/crm/entidadesJPA/prospecto/Pessoa;)V (489 bytes) @ 0x00007f211af43ac4 [0x00007f211af3e5e0+0x54e4]
J 17657 C1 br.org.carameloCode.erp.crm.paginas.crmAtendimento.PgProspecto.executarAcao(Lbr/org/carameloCode/erp/modulo/crm/entidadesJPA/prospecto/Pessoa;)V (489 bytes) @ 0x00007f211af43ac4 [0x00007f211af3e5e0+0x54e4]
J 17657 C1 br.org.carameloCode.erp.crm.paginas.crmAtendimento.PgProspecto.executarAcao(Lbr/org/carameloCode/erp/modulo/crm/entidadesJPA/prospecto/Pessoa;)V (489 bytes) @ 0x00007f211af43ac4 [0x00007f211af3e5e0+0x54e4]
J 17657 C1 br.org.carameloCode.erp.crm.paginas.crmAtendimento.PgProspecto.executarAcao(Lbr/org/carameloCode/erp/modulo/crm/entidadesJPA/prospecto/Pessoa;)V (489 bytes) @ 0x00007f211af43ac4 [0x00007f211af3e5e0+0x54e4]
J 17657 C1 br.org.carameloCode.erp.crm.paginas.crmAtendimento.PgProspecto.executarAcao(Lbr/org/carameloCode/erp/modulo/crm/entidadesJPA/prospecto/Pessoa;)V (489 bytes) @ 0x00007f211af43ac4 [0x00007f211af3e5e0+0x54e4]
J 17657 C1 br.org.carameloCode.erp.crm.paginas.crmAtendimento.PgProspecto.executarAcao(Lbr/org/carameloCode/erp/modulo/crm/entidadesJPA/prospecto/Pessoa;)V (489 bytes) @ 0x00007f211af43ac4 [0x00007f211af3e5e0+0x54e4]
J 17657 C1 br.org.carameloCode.erp.crm.paginas.crmAtendimento.PgProspecto.executarAcao(Lbr/org/carameloCode/erp/modulo/crm/entidadesJPA/prospecto/Pessoa;)V (489 bytes) @ 0x00007f211af43ac4 [0x00007f211af3e5e0+0x54e4]
J 17657 C1 br.org.carameloCode.erp.crm.paginas.crmAtendimento.PgProspecto.executarAcao(Lbr/org/carameloCode/erp/modulo/crm/entidadesJPA/prospecto/Pessoa;)V (489 bytes) @ 0x00007f211af43ac4 [0x00007f211af3e5e0+0x54e4]
J 17657 C1 br.org.carameloCode.erp.crm.paginas.crmAtendimento.PgProspecto.executarAcao(Lbr/org/carameloCode/erp/modulo/crm/entidadesJPA/prospecto/Pessoa;)V (489 bytes) @ 0x00007f211af43ac4 [0x00007f211af3e5e0+0x54e4]
J 17657 C1 br.org.carameloCode.erp.crm.paginas.crmAtendimento.PgProspecto.executarAcao(Lbr/org/carameloCode/erp/modulo/crm/entidadesJPA/prospecto/Pessoa;)V (489 bytes) @ 0x00007f211af43ac4 [0x00007f211af3e5e0+0x54e4]
J 17657 C1 br.org.carameloCode.erp.crm.paginas.crmAtendimento.PgProspecto.executarAcao(Lbr/org/carameloCode/erp/modulo/crm/entidadesJPA/prospecto/Pessoa;)V (489 bytes) @ 0x00007f211af43ac4 [0x00007f211af3e5e0+0x54e4]
J 17657 C1 br.org.carameloCode.erp.crm.paginas.crmAtendimento.PgProspecto.executarAcao(Lbr/org/carameloCode/erp/modulo/crm/entidadesJPA/prospecto/Pessoa;)V (489 bytes) @ 0x00007f211af43ac4 [0x00007f211af3e5e0+0x54e4]
J 17657 C1 br.org.carameloCode.erp.crm.paginas.crmAtendimento.PgProspecto.executarAcao(Lbr/org/carameloCode/erp/modulo/crm/entidadesJPA/prospecto/Pessoa;)V (489 bytes) @ 0x00007f211af43ac4 [0x00007f211af3e5e0+0x54e4]
J 17657 C1 br.org.carameloCode.erp.crm.paginas.crmAtendimento.PgProspecto.executarAcao(Lbr/org/carameloCode/erp/modulo/crm/entidadesJPA/prospecto/Pessoa;)V (489 bytes) @ 0x00007f211af43ac4 [0x00007f211af3e5e0+0x54e4]
J 17657 C1 br.org.carameloCode.erp.crm.paginas.crmAtendimento.PgProspecto.executarAcao(Lbr/org/carameloCode/erp/modulo/crm/entidadesJPA/prospecto/Pessoa;)V (489 bytes) @ 0x00007f211af43ac4 [0x00007f211af3e5e0+0x54e4]
J 17657 C1 br.org.carameloCode.erp.crm.paginas.crmAtendimento.PgProspecto.executarAcao(Lbr/org/carameloCode/erp/modulo/crm/entidadesJPA/prospecto/Pessoa;)V (489 bytes) @ 0x00007f211af43ac4 [0x00007f211af3e5e0+0x54e4]
J 17657 C1 br.org.carameloCode.erp.crm.paginas.crmAtendimento.PgProspecto.executarAcao(Lbr/org/carameloCode/erp/modulo/crm/entidadesJPA/prospecto/Pessoa;)V (489 bytes) @ 0x00007f211af43ac4 [0x00007f211af3e5e0+0x54e4]
J 17657 C1 br.org.carameloCode.erp.crm.paginas.crmAtendimento.PgProspecto.executarAcao(Lbr/org/carameloCode/erp/modulo/crm/entidadesJPA/prospecto/Pessoa;)V (489 bytes) @ 0x00007f211af43ac4 [0x00007f211af3e5e0+0x54e4]
J 17657 C1 br.org.carameloCode.erp.crm.paginas.crmAtendimento.PgProspecto.executarAcao(Lbr/org/carameloCode/erp/modulo/crm/entidadesJPA/prospecto/Pessoa;)V (489 bytes) @ 0x00007f211af43ac4 [0x00007f211af3e5e0+0x54e4]
J 17657 C1 br.org.carameloCode.erp.crm.paginas.crmAtendimento.PgProspecto.executarAcao(Lbr/org/carameloCode/erp/modulo/crm/entidadesJPA/prospecto/Pessoa;)V (489 bytes) @ 0x00007f211af43ac4 [0x00007f211af3e5e0+0x54e4]
J 17657 C1 br.org.carameloCode.erp.crm.paginas.crmAtendimento.PgProspecto.executarAcao(Lbr/org/carameloCode/erp/modulo/crm/entidadesJPA/prospecto/Pessoa;)V (489 bytes) @ 0x00007f211af43ac4 [0x00007f211af3e5e0+0x54e4]
J 17657 C1 br.org.carameloCode.erp.crm.paginas.crmAtendimento.PgProspecto.executarAcao(Lbr/org/carameloCode/erp/modulo/crm/entidadesJPA/prospecto/Pessoa;)V (489 bytes) @ 0x00007f211af43ac4 [0x00007f211af3e5e0+0x54e4]
J 17657 C1 br.org.carameloCode.erp.crm.paginas.crmAtendimento.PgProspecto.executarAcao(Lbr/org/carameloCode/erp/modulo/crm/entidadesJPA/prospecto/Pessoa;)V (489 bytes) @ 0x00007f211af43ac4 [0x00007f211af3e5e0+0x54e4]
J 17657 C1 br.org.carameloCode.erp.crm.paginas.crmAtendimento.PgProspecto.executarAcao(Lbr/org/carameloCode/erp/modulo/crm/entidadesJPA/prospecto/Pessoa;)V (489 bytes) @ 0x00007f211af43ac4 [0x00007f211af3e5e0+0x54e4]
J 17657 C1 br.org.carameloCode.erp.crm.paginas.crmAtendimento.PgProspecto.executarAcao(Lbr/org/carameloCode/erp/modulo/crm/entidadesJPA/prospecto/Pessoa;)V (489 bytes) @ 0x00007f211af43ac4 [0x00007f211af3e5e0+0x54e4]
J 17657 C1 br.org.carameloCode.erp.crm.paginas.crmAtendimento.PgProspecto.executarAcao(Lbr/org/carameloCode/erp/modulo/crm/entidadesJPA/prospecto/Pessoa;)V (489 bytes) @ 0x00007f211af43ac4 [0x00007f211af3e5e0+0x54e4]
J 17657 C1 br.org.carameloCode.erp.crm.paginas.crmAtendimento.PgProspecto.executarAcao(Lbr/org/carameloCode/erp/modulo/crm/entidadesJPA/prospecto/Pessoa;)V (489 bytes) @ 0x00007f211af43ac4 [0x00007f211af3e5e0+0x54e4]
J 17657 C1 br.org.carameloCode.erp.crm.paginas.crmAtendimento.PgProspecto.executarAcao(Lbr/org/carameloCode/erp/modulo/crm/entidadesJPA/prospecto/Pessoa;)V (489 bytes) @ 0x00007f211af43ac4 [0x00007f211af3e5e0+0x54e4]
J 17657 C1 br.org.carameloCode.erp.crm.paginas.crmAtendimento.PgProspecto.executarAcao(Lbr/org/carameloCode/erp/modulo/crm/entidadesJPA/prospecto/Pessoa;)V (489 bytes) @ 0x00007f211af43ac4 [0x00007f211af3e5e0+0x54e4]
J 17657 C1 br.org.carameloCode.erp.crm.paginas.crmAtendimento.PgProspecto.executarAcao(Lbr/org/carameloCode/erp/modulo/crm/entidadesJPA/prospecto/Pessoa;)V (489 bytes) @ 0x00007f211af43ac4 [0x00007f211af3e5e0+0x54e4]
J 17657 C1 br.org.carameloCode.erp.crm.paginas.crmAtendimento.PgProspecto.executarAcao(Lbr/org/carameloCode/erp/modulo/crm/entidadesJPA/prospecto/Pessoa;)V (489 bytes) @ 0x00007f211af43ac4 [0x00007f211af3e5e0+0x54e4]
J 17657 C1 br.org.carameloCode.erp.crm.paginas.crmAtendimento.PgProspecto.executarAcao(Lbr/org/carameloCode/erp/modulo/crm/entidadesJPA/prospecto/Pessoa;)V (489 bytes) @ 0x00007f211af43ac4 [0x00007f211af3e5e0+0x54e4]
J 17657 C1 br.org.carameloCode.erp.crm.paginas.crmAtendimento.PgProspecto.executarAcao(Lbr/org/carameloCode/erp/modulo/crm/entidadesJPA/prospecto/Pessoa;)V (489 bytes) @ 0x00007f211af43ac4 [0x00007f211af3e5e0+0x54e4]
J 17657 C1 br.org.carameloCode.erp.crm.paginas.crmAtendimento.PgProspecto.executarAcao(Lbr/org/carameloCode/erp/modulo/crm/entidadesJPA/prospecto/Pessoa;)V (489 bytes) @ 0x00007f211af43ac4 [0x00007f211af3e5e0+0x54e4]
J 17657 C1 br.org.carameloCode.erp.crm.paginas.crmAtendimento.PgProspecto.executarAcao(Lbr/org/carameloCode/erp/modulo/crm/entidadesJPA/prospecto/Pessoa;)V (489 bytes) @ 0x00007f211af43ac4 [0x00007f211af3e5e0+0x54e4]
J 17657 C1 br.org.carameloCode.erp.crm.paginas.crmAtendimento.PgProspecto.executarAcao(Lbr/org/carameloCode/erp/modulo/crm/entidadesJPA/prospecto/Pessoa;)V (489 bytes) @ 0x00007f211af43ac4 [0x00007f211af3e5e0+0x54e4]
J 17657 C1 br.org.carameloCode.erp.crm.paginas.crmAtendimento.PgProspecto.executarAcao(Lbr/org/carameloCode/erp/modulo/crm/entidadesJPA/prospecto/Pessoa;)V (489 bytes) @ 0x00007f211af43ac4 [0x00007f211af3e5e0+0x54e4]
J 17657 C1 br.org.carameloCode.erp.crm.paginas.crmAtendimento.PgProspecto.executarAcao(Lbr/org/carameloCode/erp/modulo/crm/entidadesJPA/prospecto/Pessoa;)V (489 bytes) @ 0x00007f211af43ac4 [0x00007f211af3e5e0+0x54e4]
J 17657 C1 br.org.carameloCode.erp.crm.paginas.crmAtendimento.PgProspecto.executarAcao(Lbr/org/carameloCode/erp/modulo/crm/entidadesJPA/prospecto/Pessoa;)V (489 bytes) @ 0x00007f211af43ac4 [0x00007f211af3e5e0+0x54e4]
J 17657 C1 br.org.carameloCode.erp.crm.paginas.crmAtendimento.PgProspecto.executarAcao(Lbr/org/carameloCode/erp/modulo/crm/entidadesJPA/prospecto/Pessoa;)V (489 bytes) @ 0x00007f211af43ac4 [0x00007f211af3e5e0+0x54e4]
J 17657 C1 br.org.carameloCode.erp.crm.paginas.crmAtendimento.PgProspecto.executarAcao(Lbr/org/carameloCode/erp/modulo/crm/entidadesJPA/prospecto/Pessoa;)V (489 bytes) @ 0x00007f211af43ac4 [0x00007f211af3e5e0+0x54e4]
J 17657 C1 br.org.carameloCode.erp.crm.paginas.crmAtendimento.PgProspecto.executarAcao(Lbr/org/carameloCode/erp/modulo/crm/entidadesJPA/prospecto/Pessoa;)V (489 bytes) @ 0x00007f211af43ac4 [0x00007f211af3e5e0+0x54e4]
J 17657 C1 br.org.carameloCode.erp.crm.paginas.crmAtendimento.PgProspecto.executarAcao(Lbr/org/carameloCode/erp/modulo/crm/entidadesJPA/prospecto/Pessoa;)V (489 bytes) @ 0x00007f211af43ac4 [0x00007f211af3e5e0+0x54e4]
J 17657 C1 br.org.carameloCode.erp.crm.paginas.crmAtendimento.PgProspecto.executarAcao(Lbr/org/carameloCode/erp/modulo/crm/entidadesJPA/prospecto/Pessoa;)V (489 bytes) @ 0x00007f211af43ac4 [0x00007f211af3e5e0+0x54e4]
J 17657 C1 br.org.carameloCode.erp.crm.paginas.crmAtendimento.PgProspecto.executarAcao(Lbr/org/carameloCode/erp/modulo/crm/entidadesJPA/prospecto/Pessoa;)V (489 bytes) @ 0x00007f211af43ac4 [0x00007f211af3e5e0+0x54e4]
J 17657 C1 br.org.carameloCode.erp.crm.paginas.crmAtendimento.PgProspecto.executarAcao(Lbr/org/carameloCode/erp/modulo/crm/entidadesJPA/prospecto/Pessoa;)V (489 bytes) @ 0x00007f211af43ac4 [0x00007f211af3e5e0+0x54e4]
J 17657 C1 br.org.carameloCode.erp.crm.paginas.crmAtendimento.PgProspecto.executarAcao(Lbr/org/carameloCode/erp/modulo/crm/entidadesJPA/prospecto/Pessoa;)V (489 bytes) @ 0x00007f211af43ac4 [0x00007f211af3e5e0+0x54e4]
J 17657 C1 br.org.carameloCode.erp.crm.paginas.crmAtendimento.PgProspecto.executarAcao(Lbr/org/carameloCode/erp/modulo/crm/entidadesJPA/prospecto/Pessoa;)V (489 bytes) @ 0x00007f211af43ac4 [0x00007f211af3e5e0+0x54e4]
J 17657 C1 br.org.carameloCode.erp.crm.paginas.crmAtendimento.PgProspecto.executarAcao(Lbr/org/carameloCode/erp/modulo/crm/entidadesJPA/prospecto/Pessoa;)V (489 bytes) @ 0x00007f211af43ac4 [0x00007f211af3e5e0+0x54e4]
J 17657 C1 br.org.carameloCode.erp.crm.paginas.crmAtendimento.PgProspecto.executarAcao(Lbr/org/carameloCode/erp/modulo/crm/entidadesJPA/prospecto/Pessoa;)V (489 bytes) @ 0x00007f211af43ac4 [0x00007f211af3e5e0+0x54e4]
J 17657 C1 br.org.carameloCode.erp.crm.paginas.crmAtendimento.PgProspecto.executarAcao(Lbr/org/carameloCode/erp/modulo/crm/entidadesJPA/prospecto/Pessoa;)V (489 bytes) @ 0x00007f211af43ac4 [0x00007f211af3e5e0+0x54e4]
J 17657 C1 br.org.carameloCode.erp.crm.paginas.crmAtendimento.PgProspecto.executarAcao(Lbr/org/carameloCode/erp/modulo/crm/entidadesJPA/prospecto/Pessoa;)V (489 bytes) @ 0x00007f211af43ac4 [0x00007f211af3e5e0+0x54e4]
J 17657 C1 br.org.carameloCode.erp.crm.paginas.crmAtendimento.PgProspecto.executarAcao(Lbr/org/carameloCode/erp/modulo/crm/entidadesJPA/prospecto/Pessoa;)V (489 bytes) @ 0x00007f211af43ac4 [0x00007f211af3e5e0+0x54e4]
J 17657 C1 br.org.carameloCode.erp.crm.paginas.crmAtendimento.PgProspecto.executarAcao(Lbr/org/carameloCode/erp/modulo/crm/entidadesJPA/prospecto/Pessoa;)V (489 bytes) @ 0x00007f211af43ac4 [0x00007f211af3e5e0+0x54e4]
J 17657 C1 br.org.carameloCode.erp.crm.paginas.crmAtendimento.PgProspecto.executarAcao(Lbr/org/carameloCode/erp/modulo/crm/entidadesJPA/prospecto/Pessoa;)V (489 bytes) @ 0x00007f211af43ac4 [0x00007f211af3e5e0+0x54e4]
J 17657 C1 br.org.carameloCode.erp.crm.paginas.crmAtendimento.PgProspecto.executarAcao(Lbr/org/carameloCode/erp/modulo/crm/entidadesJPA/prospecto/Pessoa;)V (489 bytes) @ 0x00007f211af43ac4 [0x00007f211af3e5e0+0x54e4]
J 17657 C1 br.org.carameloCode.erp.crm.paginas.crmAtendimento.PgProspecto.executarAcao(Lbr/org/carameloCode/erp/modulo/crm/entidadesJPA/prospecto/Pessoa;)V (489 bytes) @ 0x00007f211af43ac4 [0x00007f211af3e5e0+0x54e4]
J 17657 C1 br.org.carameloCode.erp.crm.paginas.crmAtendimento.PgProspecto.executarAcao(Lbr/org/carameloCode/erp/modulo/crm/entidadesJPA/prospecto/Pessoa;)V (489 bytes) @ 0x00007f211af43ac4 [0x00007f211af3e5e0+0x54e4]
J 17657 C1 br.org.carameloCode.erp.crm.paginas.crmAtendimento.PgProspecto.executarAcao(Lbr/org/carameloCode/erp/modulo/crm/entidadesJPA/prospecto/Pessoa;)V (489 bytes) @ 0x00007f211af43ac4 [0x00007f211af3e5e0+0x54e4]
J 17657 C1 br.org.carameloCode.erp.crm.paginas.crmAtendimento.PgProspecto.executarAcao(Lbr/org/carameloCode/erp/modulo/crm/entidadesJPA/prospecto/Pessoa;)V (489 bytes) @ 0x00007f211af43ac4 [0x00007f211af3e5e0+0x54e4]
J 17657 C1 br.org.carameloCode.erp.crm.paginas.crmAtendimento.PgProspecto.executarAcao(Lbr/org/carameloCode/erp/modulo/crm/entidadesJPA/prospecto/Pessoa;)V (489 bytes) @ 0x00007f211af43ac4 [0x00007f211af3e5e0+0x54e4]
J 17657 C1 br.org.carameloCode.erp.crm.paginas.crmAtendimento.PgProspecto.executarAcao(Lbr/org/carameloCode/erp/modulo/crm/entidadesJPA/prospecto/Pessoa;)V (489 bytes) @ 0x00007f211af43ac4 [0x00007f211af3e5e0+0x54e4]
J 17657 C1 br.org.carameloCode.erp.crm.paginas.crmAtendimento.PgProspecto.executarAcao(Lbr/org/carameloCode/erp/modulo/crm/entidadesJPA/prospecto/Pessoa;)V (489 bytes) @ 0x00007f211af43ac4 [0x00007f211af3e5e0+0x54e4]
J 17657 C1 br.org.carameloCode.erp.crm.paginas.crmAtendimento.PgProspecto.executarAcao(Lbr/org/carameloCode/erp/modulo/crm/entidadesJPA/prospecto/Pessoa;)V (489 bytes) @ 0x00007f211af43ac4 [0x00007f211af3e5e0+0x54e4]
J 17657 C1 br.org.carameloCode.erp.crm.paginas.crmAtendimento.PgProspecto.executarAcao(Lbr/org/carameloCode/erp/modulo/crm/entidadesJPA/prospecto/Pessoa;)V (489 bytes) @ 0x00007f211af43ac4 [0x00007f211af3e5e0+0x54e4]
J 17657 C1 br.org.carameloCode.erp.crm.paginas.crmAtendimento.PgProspecto.executarAcao(Lbr/org/carameloCode/erp/modulo/crm/entidadesJPA/prospecto/Pessoa;)V (489 bytes) @ 0x00007f211af43ac4 [0x00007f211af3e5e0+0x54e4]
J 17657 C1 br.org.carameloCode.erp.crm.paginas.crmAtendimento.PgProspecto.executarAcao(Lbr/org/carameloCode/erp/modulo/crm/entidadesJPA/prospecto/Pessoa;)V (489 bytes) @ 0x00007f211af43ac4 [0x00007f211af3e5e0+0x54e4]
J 17657 C1 br.org.carameloCode.erp.crm.paginas.crmAtendimento.PgProspecto.executarAcao(Lbr/org/carameloCode/erp/modulo/crm/entidadesJPA/prospecto/Pessoa;)V (489 bytes) @ 0x00007f211af43ac4 [0x00007f211af3e5e0+0x54e4]
J 17657 C1 br.org.carameloCode.erp.crm.paginas.crmAtendimento.PgProspecto.executarAcao(Lbr/org/carameloCode/erp/modulo/crm/entidadesJPA/prospecto/Pessoa;)V (489 bytes) @ 0x00007f211af43ac4 [0x00007f211af3e5e0+0x54e4]
J 17657 C1 br.org.carameloCode.erp.crm.paginas.crmAtendimento.PgProspecto.executarAcao(Lbr/org/carameloCode/erp/modulo/crm/entidadesJPA/prospecto/Pessoa;)V (489 bytes) @ 0x00007f211af43ac4 [0x00007f211af3e5e0+0x54e4]
J 17657 C1 br.org.carameloCode.erp.crm.paginas.crmAtendimento.PgProspecto.executarAcao(Lbr/org/carameloCode/erp/modulo/crm/entidadesJPA/prospecto/Pessoa;)V (489 bytes) @ 0x00007f211af43ac4 [0x00007f211af3e5e0+0x54e4]
J 17657 C1 br.org.carameloCode.erp.crm.paginas.crmAtendimento.PgProspecto.executarAcao(Lbr/org/carameloCode/erp/modulo/crm/entidadesJPA/prospecto/Pessoa;)V (489 bytes) @ 0x00007f211af43ac4 [0x00007f211af3e5e0+0x54e4]
J 17657 C1 br.org.carameloCode.erp.crm.paginas.crmAtendimento.PgProspecto.executarAcao(Lbr/org/carameloCode/erp/modulo/crm/entidadesJPA/prospecto/Pessoa;)V (489 bytes) @ 0x00007f211af43ac4 [0x00007f211af3e5e0+0x54e4]
J 17657 C1 br.org.carameloCode.erp.crm.paginas.crmAtendimento.PgProspecto.executarAcao(Lbr/org/carameloCode/erp/modulo/crm/entidadesJPA/prospecto/Pessoa;)V (489 bytes) @ 0x00007f211af43ac4 [0x00007f211af3e5e0+0x54e4]
J 17657 C1 br.org.carameloCode.erp.crm.paginas.crmAtendimento.PgProspecto.executarAcao(Lbr/org/carameloCode/erp/modulo/crm/entidadesJPA/prospecto/Pessoa;)V (489 bytes) @ 0x00007f211af43ac4 [0x00007f211af3e5e0+0x54e4]
J 17657 C1 br.org.carameloCode.erp.crm.paginas.crmAtendimento.PgProspecto.executarAcao(Lbr/org/carameloCode/erp/modulo/crm/entidadesJPA/prospecto/Pessoa;)V (489 bytes) @ 0x00007f211af43ac4 [0x00007f211af3e5e0+0x54e4]
J 17657 C1 br.org.carameloCode.erp.crm.paginas.crmAtendimento.PgProspecto.executarAcao(Lbr/org/carameloCode/erp/modulo/crm/entidadesJPA/prospecto/Pessoa;)V (489 bytes) @ 0x00007f211af43ac4 [0x00007f211af3e5e0+0x54e4]
J 17657 C1 br.org.carameloCode.erp.crm.paginas.crmAtendimento.PgProspecto.executarAcao(Lbr/org/carameloCode/erp/modulo/crm/entidadesJPA/prospecto/Pessoa;)V (489 bytes) @ 0x00007f211af43ac4 [0x00007f211af3e5e0+0x54e4]
J 17657 C1 br.org.carameloCode.erp.crm.paginas.crmAtendimento.PgProspecto.executarAcao(Lbr/org/carameloCode/erp/modulo/crm/entidadesJPA/prospecto/Pessoa;)V (489 bytes) @ 0x00007f211af43ac4 [0x00007f211af3e5e0+0x54e4]
J 17657 C1 br.org.carameloCode.erp.crm.paginas.crmAtendimento.PgProspecto.executarAcao(Lbr/org/carameloCode/erp/modulo/crm/entidadesJPA/prospecto/Pessoa;)V (489 bytes) @ 0x00007f211af43ac4 [0x00007f211af3e5e0+0x54e4]
J 17657 C1 br.org.carameloCode.erp.crm.paginas.crmAtendimento.PgProspecto.executarAcao(Lbr/org/carameloCode/erp/modulo/crm/entidadesJPA/prospecto/Pessoa;)V (489 bytes) @ 0x00007f211af43ac4 [0x00007f211af3e5e0+0x54e4]
J 17657 C1 br.org.carameloCode.erp.crm.paginas.crmAtendimento.PgProspecto.executarAcao(Lbr/org/carameloCode/erp/modulo/crm/entidadesJPA/prospecto/Pessoa;)V (489 bytes) @ 0x00007f211af43ac4 [0x00007f211af3e5e0+0x54e4]
J 17657 C1 br.org.carameloCode.erp.crm.paginas.crmAtendimento.PgProspecto.executarAcao(Lbr/org/carameloCode/erp/modulo/crm/entidadesJPA/prospecto/Pessoa;)V (489 bytes) @ 0x00007f211af43ac4 [0x00007f211af3e5e0+0x54e4]
J 17657 C1 br.org.carameloCode.erp.crm.paginas.crmAtendimento.PgProspecto.executarAcao(Lbr/org/carameloCode/erp/modulo/crm/entidadesJPA/prospecto/Pessoa;)V (489 bytes) @ 0x00007f211af43ac4 [0x00007f211af3e5e0+0x54e4]
J 17657 C1 br.org.carameloCode.erp.crm.paginas.crmAtendimento.PgProspecto.executarAcao(Lbr/org/carameloCode/erp/modulo/crm/entidadesJPA/prospecto/Pessoa;)V (489 bytes) @ 0x00007f211af43ac4 [0x00007f211af3e5e0+0x54e4]
J 17657 C1 br.org.carameloCode.erp.crm.paginas.crmAtendimento.PgProspecto.executarAcao(Lbr/org/carameloCode/erp/modulo/crm/entidadesJPA/prospecto/Pessoa;)V (489 bytes) @ 0x00007f211af43ac4 [0x00007f211af3e5e0+0x54e4]
J 17657 C1 br.org.carameloCode.erp.crm.paginas.crmAtendimento.PgProspecto.executarAcao(Lbr/org/carameloCode/erp/modulo/crm/entidadesJPA/prospecto/Pessoa;)V (489 bytes) @ 0x00007f211af43ac4 [0x00007f211af3e5e0+0x54e4]
J 17657 C1 br.org.carameloCode.erp.crm.paginas.crmAtendimento.PgProspecto.executarAcao(Lbr/org/carameloCode/erp/modulo/crm/entidadesJPA/prospecto/Pessoa;)V (489 bytes) @ 0x00007f211af43ac4 [0x00007f211af3e5e0+0x54e4]
J 17657 C1 br.org.carameloCode.erp.crm.paginas.crmAtendimento.PgProspecto.executarAcao(Lbr/org/carameloCode/erp/modulo/crm/entidadesJPA/prospecto/Pessoa;)V (489 bytes) @ 0x00007f211af43ac4 [0x00007f211af3e5e0+0x54e4]
J 17657 C1 br.org.carameloCode.erp.crm.paginas.crmAtendimento.PgProspecto.executarAcao(Lbr/org/carameloCode/erp/modulo/crm/entidadesJPA/prospecto/Pessoa;)V (489 bytes) @ 0x00007f211af43ac4 [0x00007f211af3e5e0+0x54e4]
J 17657 C1 br.org.carameloCode.erp.crm.paginas.crmAtendimento.PgProspecto.executarAcao(Lbr/org/carameloCode/erp/modulo/crm/entidadesJPA/prospecto/Pessoa;)V (489 bytes) @ 0x00007f211af43ac4 [0x00007f211af3e5e0+0x54e4]
J 17657 C1 br.org.carameloCode.erp.crm.paginas.crmAtendimento.PgProspecto.executarAcao(Lbr/org/carameloCode/erp/modulo/crm/entidadesJPA/prospecto/Pessoa;)V (489 bytes) @ 0x00007f211af43ac4 [0x00007f211af3e5e0+0x54e4]
J 17657 C1 br.org.carameloCode.erp.crm.paginas.crmAtendimento.PgProspecto.executarAcao(Lbr/org/carameloCode/erp/modulo/crm/entidadesJPA/prospecto/Pessoa;)V (489 bytes) @ 0x00007f211af43ac4 [0x00007f211af3e5e0+0x54e4]
J 17657 C1 br.org.carameloCode.erp.crm.paginas.crmAtendimento.PgProspecto.executarAcao(Lbr/org/carameloCode/erp/modulo/crm/entidadesJPA/prospecto/Pessoa;)V (489 bytes) @ 0x00007f211af43ac4 [0x00007f211af3e5e0+0x54e4]
J 17657 C1 br.org.carameloCode.erp.crm.paginas.crmAtendimento.PgProspecto.executarAcao(Lbr/org/carameloCode/erp/modulo/crm/entidadesJPA/prospecto/Pessoa;)V (489 bytes) @ 0x00007f211af43ac4 [0x00007f211af3e5e0+0x54e4]
J 17657 C1 br.org.carameloCode.erp.crm.paginas.crmAtendimento.PgProspecto.executarAcao(Lbr/org/carameloCode/erp/modulo/crm/entidadesJPA/prospecto/Pessoa;)V (489 bytes) @ 0x00007f211af43ac4 [0x00007f211af3e5e0+0x54e4]
J 17657 C1 br.org.carameloCode.erp.crm.paginas.crmAtendimento.PgProspecto.executarAcao(Lbr/org/carameloCode/erp/modulo/crm/entidadesJPA/prospecto/Pessoa;)V (489 bytes) @ 0x00007f211af43ac4 [0x00007f211af3e5e0+0x54e4]
J 17657 C1 br.org.carameloCode.erp.crm.paginas.crmAtendimento.PgProspecto.executarAcao(Lbr/org/carameloCode/erp/modulo/crm/entidadesJPA/prospecto/Pessoa;)V (489 bytes) @ 0x00007f211af43ac4 [0x00007f211af3e5e0+0x54e4]
J 17657 C1 br.org.carameloCode.erp.crm.paginas.crmAtendimento.PgProspecto.executarAcao(Lbr/org/carameloCode/erp/modulo/crm/entidadesJPA/prospecto/Pessoa;)V (489 bytes) @ 0x00007f211af43ac4 [0x00007f211af3e5e0+0x54e4]
J 17657 C1 br.org.carameloCode.erp.crm.paginas.crmAtendimento.PgProspecto.executarAcao(Lbr/org/carameloCode/erp/modulo/crm/entidadesJPA/prospecto/Pessoa;)V (489 bytes) @ 0x00007f211af43ac4 [0x00007f211af3e5e0+0x54e4]
J 17657 C1 br.org.carameloCode.erp.crm.paginas.crmAtendimento.PgProspecto.executarAcao(Lbr/org/carameloCode/erp/modulo/crm/entidadesJPA/prospecto/Pessoa;)V (489 bytes) @ 0x00007f211af43ac4 [0x00007f211af3e5e0+0x54e4]
J 17657 C1 br.org.carameloCode.erp.crm.paginas.crmAtendimento.PgProspecto.executarAcao(Lbr/org/carameloCode/erp/modulo/crm/entidadesJPA/prospecto/Pessoa;)V (489 bytes) @ 0x00007f211af43ac4 [0x00007f211af3e5e0+0x54e4]
J 17657 C1 br.org.carameloCode.erp.crm.paginas.crmAtendimento.PgProspecto.executarAcao(Lbr/org/carameloCode/erp/modulo/crm/entidadesJPA/prospecto/Pessoa;)V (489 bytes) @ 0x00007f211af43ac4 [0x00007f211af3e5e0+0x54e4]
J 17657 C1 br.org.carameloCode.erp.crm.paginas.crmAtendimento.PgProspecto.executarAcao(Lbr/org/carameloCode/erp/modulo/crm/entidadesJPA/prospecto/Pessoa;)V (489 bytes) @ 0x00007f211af43ac4 [0x00007f211af3e5e0+0x54e4]
J 17657 C1 br.org.carameloCode.erp.crm.paginas.crmAtendimento.PgProspecto.executarAcao(Lbr/org/carameloCode/erp/modulo/crm/entidadesJPA/prospecto/Pessoa;)V (489 bytes) @ 0x00007f211af43ac4 [0x00007f211af3e5e0+0x54e4]
J 17657 C1 br.org.carameloCode.erp.crm.paginas.crmAtendimento.PgProspecto.executarAcao(Lbr/org/carameloCode/erp/modulo/crm/entidadesJPA/prospecto/Pessoa;)V (489 bytes) @ 0x00007f211af43ac4 [0x00007f211af3e5e0+0x54e4]
J 17657 C1 br.org.carameloCode.erp.crm.paginas.crmAtendimento.PgProspecto.executarAcao(Lbr/org/carameloCode/erp/modulo/crm/entidadesJPA/prospecto/Pessoa;)V (489 bytes) @ 0x00007f211af43ac4 [0x00007f211af3e5e0+0x54e4]
J 17657 C1 br.org.carameloCode.erp.crm.paginas.crmAtendimento.PgProspecto.executarAcao(Lbr/org/carameloCode/erp/modulo/crm/entidadesJPA/prospecto/Pessoa;)V (489 bytes) @ 0x00007f211af43ac4 [0x00007f211af3e5e0+0x54e4]
J 17657 C1 br.org.carameloCode.erp.crm.paginas.crmAtendimento.PgProspecto.executarAcao(Lbr/org/carameloCode/erp/modulo/crm/entidadesJPA/prospecto/Pessoa;)V (489 bytes) @ 0x00007f211af43ac4 [0x00007f211af3e5e0+0x54e4]
J 17657 C1 br.org.carameloCode.erp.crm.paginas.crmAtendimento.PgProspecto.executarAcao(Lbr/org/carameloCode/erp/modulo/crm/entidadesJPA/prospecto/Pessoa;)V (489 bytes) @ 0x00007f211af43ac4 [0x00007f211af3e5e0+0x54e4]
J 17657 C1 br.org.carameloCode.erp.crm.paginas.crmAtendimento.PgProspecto.executarAcao(Lbr/org/carameloCode/erp/modulo/crm/entidadesJPA/prospecto/Pessoa;)V (489 bytes) @ 0x00007f211af43ac4 [0x00007f211af3e5e0+0x54e4]
J 17657 C1 br.org.carameloCode.erp.crm.paginas.crmAtendimento.PgProspecto.executarAcao(Lbr/org/carameloCode/erp/modulo/crm/entidadesJPA/prospecto/Pessoa;)V (489 bytes) @ 0x00007f211af43ac4 [0x00007f211af3e5e0+0x54e4]
J 17657 C1 br.org.carameloCode.erp.crm.paginas.crmAtendimento.PgProspecto.executarAcao(Lbr/org/carameloCode/erp/modulo/crm/entidadesJPA/prospecto/Pessoa;)V (489 bytes) @ 0x00007f211af43ac4 [0x00007f211af3e5e0+0x54e4]
J 17657 C1 br.org.carameloCode.erp.crm.paginas.crmAtendimento.PgProspecto.executarAcao(Lbr/org/carameloCode/erp/modulo/crm/entidadesJPA/prospecto/Pessoa;)V (489 bytes) @ 0x00007f211af43ac4 [0x00007f211af3e5e0+0x54e4]
J 17657 C1 br.org.carameloCode.erp.crm.paginas.crmAtendimento.PgProspecto.executarAcao(Lbr/org/carameloCode/erp/modulo/crm/entidadesJPA/prospecto/Pessoa;)V (489 bytes) @ 0x00007f211af43ac4 [0x00007f211af3e5e0+0x54e4]
J 17657 C1 br.org.carameloCode.erp.crm.paginas.crmAtendimento.PgProspecto.executarAcao(Lbr/org/carameloCode/erp/modulo/crm/entidadesJPA/prospecto/Pessoa;)V (489 bytes) @ 0x00007f211af43ac4 [0x00007f211af3e5e0+0x54e4]
J 17657 C1 br.org.carameloCode.erp.crm.paginas.crmAtendimento.PgProspecto.executarAcao(Lbr/org/carameloCode/erp/modulo/crm/entidadesJPA/prospecto/Pessoa;)V (489 bytes) @ 0x00007f211af43ac4 [0x00007f211af3e5e0+0x54e4]
J 17657 C1 br.org.carameloCode.erp.crm.paginas.crmAtendimento.PgProspecto.executarAcao(Lbr/org/carameloCode/erp/modulo/crm/entidadesJPA/prospecto/Pessoa;)V (489 bytes) @ 0x00007f211af43ac4 [0x00007f211af3e5e0+0x54e4]
J 17657 C1 br.org.carameloCode.erp.crm.paginas.crmAtendimento.PgProspecto.executarAcao(Lbr/org/carameloCode/erp/modulo/crm/entidadesJPA/prospecto/Pessoa;)V (489 bytes) @ 0x00007f211af43ac4 [0x00007f211af3e5e0+0x54e4]
J 17657 C1 br.org.carameloCode.erp.crm.paginas.crmAtendimento.PgProspecto.executarAcao(Lbr/org/carameloCode/erp/modulo/crm/entidadesJPA/prospecto/Pessoa;)V (489 bytes) @ 0x00007f211af43ac4 [0x00007f211af3e5e0+0x54e4]
J 17657 C1 br.org.carameloCode.erp.crm.paginas.crmAtendimento.PgProspecto.executarAcao(Lbr/org/carameloCode/erp/modulo/crm/entidadesJPA/prospecto/Pessoa;)V (489 bytes) @ 0x00007f211af43ac4 [0x00007f211af3e5e0+0x54e4]
J 17657 C1 br.org.carameloCode.erp.crm.paginas.crmAtendimento.PgProspecto.executarAcao(Lbr/org/carameloCode/erp/modulo/crm/entidadesJPA/prospecto/Pessoa;)V (489 bytes) @ 0x00007f211af43ac4 [0x00007f211af3e5e0+0x54e4]
J 17657 C1 br.org.carameloCode.erp.crm.paginas.crmAtendimento.PgProspecto.executarAcao(Lbr/org/carameloCode/erp/modulo/crm/entidadesJPA/prospecto/Pessoa;)V (489 bytes) @ 0x00007f211af43ac4 [0x00007f211af3e5e0+0x54e4]
J 17657 C1 br.org.carameloCode.erp.crm.paginas.crmAtendimento.PgProspecto.executarAcao(Lbr/org/carameloCode/erp/modulo/crm/entidadesJPA/prospecto/Pessoa;)V (489 bytes) @ 0x00007f211af43ac4 [0x00007f211af3e5e0+0x54e4]
J 17657 C1 br.org.carameloCode.erp.crm.paginas.crmAtendimento.PgProspecto.executarAcao(Lbr/org/carameloCode/erp/modulo/crm/entidadesJPA/prospecto/Pessoa;)V (489 bytes) @ 0x00007f211af43ac4 [0x00007f211af3e5e0+0x54e4]
J 17657 C1 br.org.carameloCode.erp.crm.paginas.crmAtendimento.PgProspecto.executarAcao(Lbr/org/carameloCode/erp/modulo/crm/entidadesJPA/prospecto/Pessoa;)V (489 bytes) @ 0x00007f211af43ac4 [0x00007f211af3e5e0+0x54e4]
J 17657 C1 br.org.carameloCode.erp.crm.paginas.crmAtendimento.PgProspecto.executarAcao(Lbr/org/carameloCode/erp/modulo/crm/entidadesJPA/prospecto/Pessoa;)V (489 bytes) @ 0x00007f211af43ac4 [0x00007f211af3e5e0+0x54e4]
J 17657 C1 br.org.carameloCode.erp.crm.paginas.crmAtendimento.PgProspecto.executarAcao(Lbr/org/carameloCode/erp/modulo/crm/entidadesJPA/prospecto/Pessoa;)V (489 bytes) @ 0x00007f211af43ac4 [0x00007f211af3e5e0+0x54e4]
J 17657 C1 br.org.carameloCode.erp.crm.paginas.crmAtendimento.PgProspecto.executarAcao(Lbr/org/carameloCode/erp/modulo/crm/entidadesJPA/prospecto/Pessoa;)V (489 bytes) @ 0x00007f211af43ac4 [0x00007f211af3e5e0+0x54e4]
J 17657 C1 br.org.carameloCode.erp.crm.paginas.crmAtendimento.PgProspecto.executarAcao(Lbr/org/carameloCode/erp/modulo/crm/entidadesJPA/prospecto/Pessoa;)V (489 bytes) @ 0x00007f211af43ac4 [0x00007f211af3e5e0+0x54e4]
J 17657 C1 br.org.carameloCode.erp.crm.paginas.crmAtendimento.PgProspecto.executarAcao(Lbr/org/carameloCode/erp/modulo/crm/entidadesJPA/prospecto/Pessoa;)V (489 bytes) @ 0x00007f211af43ac4 [0x00007f211af3e5e0+0x54e4]
J 17657 C1 br.org.carameloCode.erp.crm.paginas.crmAtendimento.PgProspecto.executarAcao(Lbr/org/carameloCode/erp/modulo/crm/entidadesJPA/prospecto/Pessoa;)V (489 bytes) @ 0x00007f211af43ac4 [0x00007f211af3e5e0+0x54e4]
J 17657 C1 br.org.carameloCode.erp.crm.paginas.crmAtendimento.PgProspecto.executarAcao(Lbr/org/carameloCode/erp/modulo/crm/entidadesJPA/prospecto/Pessoa;)V (489 bytes) @ 0x00007f211af43ac4 [0x00007f211af3e5e0+0x54e4]
J 17657 C1 br.org.carameloCode.erp.crm.paginas.crmAtendimento.PgProspecto.executarAcao(Lbr/org/carameloCode/erp/modulo/crm/entidadesJPA/prospecto/Pessoa;)V (489 bytes) @ 0x00007f211af43ac4 [0x00007f211af3e5e0+0x54e4]
J 17657 C1 br.org.carameloCode.erp.crm.paginas.crmAtendimento.PgProspecto.executarAcao(Lbr/org/carameloCode/erp/modulo/crm/entidadesJPA/prospecto/Pessoa;)V (489 bytes) @ 0x00007f211af43ac4 [0x00007f211af3e5e0+0x54e4]
J 17657 C1 br.org.carameloCode.erp.crm.paginas.crmAtendimento.PgProspecto.executarAcao(Lbr/org/carameloCode/erp/modulo/crm/entidadesJPA/prospecto/Pessoa;)V (489 bytes) @ 0x00007f211af43ac4 [0x00007f211af3e5e0+0x54e4]
J 17657 C1 br.org.carameloCode.erp.crm.paginas.crmAtendimento.PgProspecto.executarAcao(Lbr/org/carameloCode/erp/modulo/crm/entidadesJPA/prospecto/Pessoa;)V (489 bytes) @ 0x00007f211af43ac4 [0x00007f211af3e5e0+0x54e4]
J 17657 C1 br.org.carameloCode.erp.crm.paginas.crmAtendimento.PgProspecto.executarAcao(Lbr/org/carameloCode/erp/modulo/crm/entidadesJPA/prospecto/Pessoa;)V (489 bytes) @ 0x00007f211af43ac4 [0x00007f211af3e5e0+0x54e4]
J 17657 C1 br.org.carameloCode.erp.crm.paginas.crmAtendimento.PgProspecto.executarAcao(Lbr/org/carameloCode/erp/modulo/crm/entidadesJPA/prospecto/Pessoa;)V (489 bytes) @ 0x00007f211af43ac4 [0x00007f211af3e5e0+0x54e4]
J 17657 C1 br.org.carameloCode.erp.crm.paginas.crmAtendimento.PgProspecto.executarAcao(Lbr/org/carameloCode/erp/modulo/crm/entidadesJPA/prospecto/Pessoa;)V (489 bytes) @ 0x00007f211af43ac4 [0x00007f211af3e5e0+0x54e4]
J 17657 C1 br.org.carameloCode.erp.crm.paginas.crmAtendimento.PgProspecto.executarAcao(Lbr/org/carameloCode/erp/modulo/crm/entidadesJPA/prospecto/Pessoa;)V (489 bytes) @ 0x00007f211af43ac4 [0x00007f211af3e5e0+0x54e4]
J 17657 C1 br.org.carameloCode.erp.crm.paginas.crmAtendimento.PgProspecto.executarAcao(Lbr/org/carameloCode/erp/modulo/crm/entidadesJPA/prospecto/Pessoa;)V (489 bytes) @ 0x00007f211af43ac4 [0x00007f211af3e5e0+0x54e4]
J 17657 C1 br.org.carameloCode.erp.crm.paginas.crmAtendimento.PgProspecto.executarAcao(Lbr/org/carameloCode/erp/modulo/crm/entidadesJPA/prospecto/Pessoa;)V (489 bytes) @ 0x00007f211af43ac4 [0x00007f211af3e5e0+0x54e4]
J 17657 C1 br.org.carameloCode.erp.crm.paginas.crmAtendimento.PgProspecto.executarAcao(Lbr/org/carameloCode/erp/modulo/crm/entidadesJPA/prospecto/Pessoa;)V (489 bytes) @ 0x00007f211af43ac4 [0x00007f211af3e5e0+0x54e4]
J 17657 C1 br.org.carameloCode.erp.crm.paginas.crmAtendimento.PgProspecto.executarAcao(Lbr/org/carameloCode/erp/modulo/crm/entidadesJPA/prospecto/Pessoa;)V (489 bytes) @ 0x00007f211af43ac4 [0x00007f211af3e5e0+0x54e4]
J 17657 C1 br.org.carameloCode.erp.crm.paginas.crmAtendimento.PgProspecto.executarAcao(Lbr/org/carameloCode/erp/modulo/crm/entidadesJPA/prospecto/Pessoa;)V (489 bytes) @ 0x00007f211af43ac4 [0x00007f211af3e5e0+0x54e4]
J 17657 C1 br.org.carameloCode.erp.crm.paginas.crmAtendimento.PgProspecto.executarAcao(Lbr/org/carameloCode/erp/modulo/crm/entidadesJPA/prospecto/Pessoa;)V (489 bytes) @ 0x00007f211af43ac4 [0x00007f211af3e5e0+0x54e4]
J 17657 C1 br.org.carameloCode.erp.crm.paginas.crmAtendimento.PgProspecto.executarAcao(Lbr/org/carameloCode/erp/modulo/crm/entidadesJPA/prospecto/Pessoa;)V (489 bytes) @ 0x00007f211af43ac4 [0x00007f211af3e5e0+0x54e4]
J 17657 C1 br.org.carameloCode.erp.crm.paginas.crmAtendimento.PgProspecto.executarAcao(Lbr/org/carameloCode/erp/modulo/crm/entidadesJPA/prospecto/Pessoa;)V (489 bytes) @ 0x00007f211af43ac4 [0x00007f211af3e5e0+0x54e4]
J 17657 C1 br.org.carameloCode.erp.crm.paginas.crmAtendimento.PgProspecto.executarAcao(Lbr/org/carameloCode/erp/modulo/crm/entidadesJPA/prospecto/Pessoa;)V (489 bytes) @ 0x00007f211af43ac4 [0x00007f211af3e5e0+0x54e4]
J 17657 C1 br.org.carameloCode.erp.crm.paginas.crmAtendimento.PgProspecto.executarAcao(Lbr/org/carameloCode/erp/modulo/crm/entidadesJPA/prospecto/Pessoa;)V (489 bytes) @ 0x00007f211af43ac4 [0x00007f211af3e5e0+0x54e4]
J 17657 C1 br.org.carameloCode.erp.crm.paginas.crmAtendimento.PgProspecto.executarAcao(Lbr/org/carameloCode/erp/modulo/crm/entidadesJPA/prospecto/Pessoa;)V (489 bytes) @ 0x00007f211af43ac4 [0x00007f211af3e5e0+0x54e4]
J 17657 C1 br.org.carameloCode.erp.crm.paginas.crmAtendimento.PgProspecto.executarAcao(Lbr/org/carameloCode/erp/modulo/crm/entidadesJPA/prospecto/Pessoa;)V (489 bytes) @ 0x00007f211af43ac4 [0x00007f211af3e5e0+0x54e4]
J 17657 C1 br.org.carameloCode.erp.crm.paginas.crmAtendimento.PgProspecto.executarAcao(Lbr/org/carameloCode/erp/modulo/crm/entidadesJPA/prospecto/Pessoa;)V (489 bytes) @ 0x00007f211af43ac4 [0x00007f211af3e5e0+0x54e4]
J 17657 C1 br.org.carameloCode.erp.crm.paginas.crmAtendimento.PgProspecto.executarAcao(Lbr/org/carameloCode/erp/modulo/crm/entidadesJPA/prospecto/Pessoa;)V (489 bytes) @ 0x00007f211af43ac4 [0x00007f211af3e5e0+0x54e4]
J 17657 C1 br.org.carameloCode.erp.crm.paginas.crmAtendimento.PgProspecto.executarAcao(Lbr/org/carameloCode/erp/modulo/crm/entidadesJPA/prospecto/Pessoa;)V (489 bytes) @ 0x00007f211af43ac4 [0x00007f211af3e5e0+0x54e4]
J 17657 C1 br.org.carameloCode.erp.crm.paginas.crmAtendimento.PgProspecto.executarAcao(Lbr/org/carameloCode/erp/modulo/crm/entidadesJPA/prospecto/Pessoa;)V (489 bytes) @ 0x00007f211af43ac4 [0x00007f211af3e5e0+0x54e4]
J 17657 C1 br.org.carameloCode.erp.crm.paginas.crmAtendimento.PgProspecto.executarAcao(Lbr/org/carameloCode/erp/modulo/crm/entidadesJPA/prospecto/Pessoa;)V (489 bytes) @ 0x00007f211af43ac4 [0x00007f211af3e5e0+0x54e4]
J 17657 C1 br.org.carameloCode.erp.crm.paginas.crmAtendimento.PgProspecto.executarAcao(Lbr/org/carameloCode/erp/modulo/crm/entidadesJPA/prospecto/Pessoa;)V (489 bytes) @ 0x00007f211af43ac4 [0x00007f211af3e5e0+0x54e4]
J 17657 C1 br.org.carameloCode.erp.crm.paginas.crmAtendimento.PgProspecto.executarAcao(Lbr/org/carameloCode/erp/modulo/crm/entidadesJPA/prospecto/Pessoa;)V (489 bytes) @ 0x00007f211af43ac4 [0x00007f211af3e5e0+0x54e4]
J 17657 C1 br.org.carameloCode.erp.crm.paginas.crmAtendimento.PgProspecto.executarAcao(Lbr/org/carameloCode/erp/modulo/crm/entidadesJPA/prospecto/Pessoa;)V (489 bytes) @ 0x00007f211af43ac4 [0x00007f211af3e5e0+0x54e4]
J 17657 C1 br.org.carameloCode.erp.crm.paginas.crmAtendimento.PgProspecto.executarAcao(Lbr/org/carameloCode/erp/modulo/crm/entidadesJPA/prospecto/Pessoa;)V (489 bytes) @ 0x00007f211af43ac4 [0x00007f211af3e5e0+0x54e4]
J 17657 C1 br.org.carameloCode.erp.crm.paginas.crmAtendimento.PgProspecto.executarAcao(Lbr/org/carameloCode/erp/modulo/crm/entidadesJPA/prospecto/Pessoa;)V (489 bytes) @ 0x00007f211af43ac4 [0x00007f211af3e5e0+0x54e4]
J 17657 C1 br.org.carameloCode.erp.crm.paginas.crmAtendimento.PgProspecto.executarAcao(Lbr/org/carameloCode/erp/modulo/crm/entidadesJPA/prospecto/Pessoa;)V (489 bytes) @ 0x00007f211af43ac4 [0x00007f211af3e5e0+0x54e4]
J 17657 C1 br.org.carameloCode.erp.crm.paginas.crmAtendimento.PgProspecto.executarAcao(Lbr/org/carameloCode/erp/modulo/crm/entidadesJPA/prospecto/Pessoa;)V (489 bytes) @ 0x00007f211af43ac4 [0x00007f211af3e5e0+0x54e4]
J 17657 C1 br.org.carameloCode.erp.crm.paginas.crmAtendimento.PgProspecto.executarAcao(Lbr/org/carameloCode/erp/modulo/crm/entidadesJPA/prospecto/Pessoa;)V (489 bytes) @ 0x00007f211af43ac4 [0x00007f211af3e5e0+0x54e4]
J 17657 C1 br.org.carameloCode.erp.crm.paginas.crmAtendimento.PgProspecto.executarAcao(Lbr/org/carameloCode/erp/modulo/crm/entidadesJPA/prospecto/Pessoa;)V (489 bytes) @ 0x00007f211af43ac4 [0x00007f211af3e5e0+0x54e4]
J 17657 C1 br.org.carameloCode.erp.crm.paginas.crmAtendimento.PgProspecto.executarAcao(Lbr/org/carameloCode/erp/modulo/crm/entidadesJPA/prospecto/Pessoa;)V (489 bytes) @ 0x00007f211af43ac4 [0x00007f211af3e5e0+0x54e4]
J 17657 C1 br.org.carameloCode.erp.crm.paginas.crmAtendimento.PgProspecto.executarAcao(Lbr/org/carameloCode/erp/modulo/crm/entidadesJPA/prospecto/Pessoa;)V (489 bytes) @ 0x00007f211af43ac4 [0x00007f211af3e5e0+0x54e4]
J 17657 C1 br.org.carameloCode.erp.crm.paginas.crmAtendimento.PgProspecto.executarAcao(Lbr/org/carameloCode/erp/modulo/crm/entidadesJPA/prospecto/Pessoa;)V (489 bytes) @ 0x00007f211af43ac4 [0x00007f211af3e5e0+0x54e4]
J 17657 C1 br.org.carameloCode.erp.crm.paginas.crmAtendimento.PgProspecto.executarAcao(Lbr/org/carameloCode/erp/modulo/crm/entidadesJPA/prospecto/Pessoa;)V (489 bytes) @ 0x00007f211af43ac4 [0x00007f211af3e5e0+0x54e4]
J 17657 C1 br.org.carameloCode.erp.crm.paginas.crmAtendimento.PgProspecto.executarAcao(Lbr/org/carameloCode/erp/modulo/crm/entidadesJPA/prospecto/Pessoa;)V (489 bytes) @ 0x00007f211af43ac4 [0x00007f211af3e5e0+0x54e4]
J 17657 C1 br.org.carameloCode.erp.crm.paginas.crmAtendimento.PgProspecto.executarAcao(Lbr/org/carameloCode/erp/modulo/crm/entidadesJPA/prospecto/Pessoa;)V (489 bytes) @ 0x00007f211af43ac4 [0x00007f211af3e5e0+0x54e4]
J 17657 C1 br.org.carameloCode.erp.crm.paginas.crmAtendimento.PgProspecto.executarAcao(Lbr/org/carameloCode/erp/modulo/crm/entidadesJPA/prospecto/Pessoa;)V (489 bytes) @ 0x00007f211af43ac4 [0x00007f211af3e5e0+0x54e4]
J 17657 C1 br.org.carameloCode.erp.crm.paginas.crmAtendimento.PgProspecto.executarAcao(Lbr/org/carameloCode/erp/modulo/crm/entidadesJPA/prospecto/Pessoa;)V (489 bytes) @ 0x00007f211af43ac4 [0x00007f211af3e5e0+0x54e4]
J 17657 C1 br.org.carameloCode.erp.crm.paginas.crmAtendimento.PgProspecto.executarAcao(Lbr/org/carameloCode/erp/modulo/crm/entidadesJPA/prospecto/Pessoa;)V (489 bytes) @ 0x00007f211af43ac4 [0x00007f211af3e5e0+0x54e4]
J 17657 C1 br.org.carameloCode.erp.crm.paginas.crmAtendimento.PgProspecto.executarAcao(Lbr/org/carameloCode/erp/modulo/crm/entidadesJPA/prospecto/Pessoa;)V (489 bytes) @ 0x00007f211af43ac4 [0x00007f211af3e5e0+0x54e4]
J 17657 C1 br.org.carameloCode.erp.crm.paginas.crmAtendimento.PgProspecto.executarAcao(Lbr/org/carameloCode/erp/modulo/crm/entidadesJPA/prospecto/Pessoa;)V (489 bytes) @ 0x00007f211af43ac4 [0x00007f211af3e5e0+0x54e4]
J 17657 C1 br.org.carameloCode.erp.crm.paginas.crmAtendimento.PgProspecto.executarAcao(Lbr/org/carameloCode/erp/modulo/crm/entidadesJPA/prospecto/Pessoa;)V (489 bytes) @ 0x00007f211af43ac4 [0x00007f211af3e5e0+0x54e4]
J 17657 C1 br.org.carameloCode.erp.crm.paginas.crmAtendimento.PgProspecto.executarAcao(Lbr/org/carameloCode/erp/modulo/crm/entidadesJPA/prospecto/Pessoa;)V (489 bytes) @ 0x00007f211af43ac4 [0x00007f211af3e5e0+0x54e4]
J 17657 C1 br.org.carameloCode.erp.crm.paginas.crmAtendimento.PgProspecto.executarAcao(Lbr/org/carameloCode/erp/modulo/crm/entidadesJPA/prospecto/Pessoa;)V (489 bytes) @ 0x00007f211af43ac4 [0x00007f211af3e5e0+0x54e4]
J 17657 C1 br.org.carameloCode.erp.crm.paginas.crmAtendimento.PgProspecto.executarAcao(Lbr/org/carameloCode/erp/modulo/crm/entidadesJPA/prospecto/Pessoa;)V (489 bytes) @ 0x00007f211af43ac4 [0x00007f211af3e5e0+0x54e4]
J 17657 C1 br.org.carameloCode.erp.crm.paginas.crmAtendimento.PgProspecto.executarAcao(Lbr/org/carameloCode/erp/modulo/crm/entidadesJPA/prospecto/Pessoa;)V (489 bytes) @ 0x00007f211af43ac4 [0x00007f211af3e5e0+0x54e4]
J 17657 C1 br.org.carameloCode.erp.crm.paginas.crmAtendimento.PgProspecto.executarAcao(Lbr/org/carameloCode/erp/modulo/crm/entidadesJPA/prospecto/Pessoa;)V (489 bytes) @ 0x00007f211af43ac4 [0x00007f211af3e5e0+0x54e4]
J 17657 C1 br.org.carameloCode.erp.crm.paginas.crmAtendimento.PgProspecto.executarAcao(Lbr/org/carameloCode/erp/modulo/crm/entidadesJPA/prospecto/Pessoa;)V (489 bytes) @ 0x00007f211af43ac4 [0x00007f211af3e5e0+0x54e4]
J 17657 C1 br.org.carameloCode.erp.crm.paginas.crmAtendimento.PgProspecto.executarAcao(Lbr/org/carameloCode/erp/modulo/crm/entidadesJPA/prospecto/Pessoa;)V (489 bytes) @ 0x00007f211af43ac4 [0x00007f211af3e5e0+0x54e4]
J 17657 C1 br.org.carameloCode.erp.crm.paginas.crmAtendimento.PgProspecto.executarAcao(Lbr/org/carameloCode/erp/modulo/crm/entidadesJPA/prospecto/Pessoa;)V (489 bytes) @ 0x00007f211af43ac4 [0x00007f211af3e5e0+0x54e4]
J 17657 C1 br.org.carameloCode.erp.crm.paginas.crmAtendimento.PgProspecto.executarAcao(Lbr/org/carameloCode/erp/modulo/crm/entidadesJPA/prospecto/Pessoa;)V (489 bytes) @ 0x00007f211af43ac4 [0x00007f211af3e5e0+0x54e4]
J 17657 C1 br.org.carameloCode.erp.crm.paginas.crmAtendimento.PgProspecto.executarAcao(Lbr/org/carameloCode/erp/modulo/crm/entidadesJPA/prospecto/Pessoa;)V (489 bytes) @ 0x00007f211af43ac4 [0x00007f211af3e5e0+0x54e4]
J 17657 C1 br.org.carameloCode.erp.crm.paginas.crmAtendimento.PgProspecto.executarAcao(Lbr/org/carameloCode/erp/modulo/crm/entidadesJPA/prospecto/Pessoa;)V (489 bytes) @ 0x00007f211af43ac4 [0x00007f211af3e5e0+0x54e4]
J 17657 C1 br.org.carameloCode.erp.crm.paginas.crmAtendimento.PgProspecto.executarAcao(Lbr/org/carameloCode/erp/modulo/crm/entidadesJPA/prospecto/Pessoa;)V (489 bytes) @ 0x00007f211af43ac4 [0x00007f211af3e5e0+0x54e4]
J 17657 C1 br.org.carameloCode.erp.crm.paginas.crmAtendimento.PgProspecto.executarAcao(Lbr/org/carameloCode/erp/modulo/crm/entidadesJPA/prospecto/Pessoa;)V (489 bytes) @ 0x00007f211af43ac4 [0x00007f211af3e5e0+0x54e4]
J 17657 C1 br.org.carameloCode.erp.crm.paginas.crmAtendimento.PgProspecto.executarAcao(Lbr/org/carameloCode/erp/modulo/crm/entidadesJPA/prospecto/Pessoa;)V (489 bytes) @ 0x00007f211af43ac4 [0x00007f211af3e5e0+0x54e4]
J 17657 C1 br.org.carameloCode.erp.crm.paginas.crmAtendimento.PgProspecto.executarAcao(Lbr/org/carameloCode/erp/modulo/crm/entidadesJPA/prospecto/Pessoa;)V (489 bytes) @ 0x00007f211af43ac4 [0x00007f211af3e5e0+0x54e4]
J 17657 C1 br.org.carameloCode.erp.crm.paginas.crmAtendimento.PgProspecto.executarAcao(Lbr/org/carameloCode/erp/modulo/crm/entidadesJPA/prospecto/Pessoa;)V (489 bytes) @ 0x00007f211af43ac4 [0x00007f211af3e5e0+0x54e4]
J 17657 C1 br.org.carameloCode.erp.crm.paginas.crmAtendimento.PgProspecto.executarAcao(Lbr/org/carameloCode/erp/modulo/crm/entidadesJPA/prospecto/Pessoa;)V (489 bytes) @ 0x00007f211af43ac4 [0x00007f211af3e5e0+0x54e4]
J 17657 C1 br.org.carameloCode.erp.crm.paginas.crmAtendimento.PgProspecto.executarAcao(Lbr/org/carameloCode/erp/modulo/crm/entidadesJPA/prospecto/Pessoa;)V (489 bytes) @ 0x00007f211af43ac4 [0x00007f211af3e5e0+0x54e4]
J 17657 C1 br.org.carameloCode.erp.crm.paginas.crmAtendimento.PgProspecto.executarAcao(Lbr/org/carameloCode/erp/modulo/crm/entidadesJPA/prospecto/Pessoa;)V (489 bytes) @ 0x00007f211af43ac4 [0x00007f211af3e5e0+0x54e4]
J 17657 C1 br.org.carameloCode.erp.crm.paginas.crmAtendimento.PgProspecto.executarAcao(Lbr/org/carameloCode/erp/modulo/crm/entidadesJPA/prospecto/Pessoa;)V (489 bytes) @ 0x00007f211af43ac4 [0x00007f211af3e5e0+0x54e4]
J 17657 C1 br.org.carameloCode.erp.crm.paginas.crmAtendimento.PgProspecto.executarAcao(Lbr/org/carameloCode/erp/modulo/crm/entidadesJPA/prospecto/Pessoa;)V (489 bytes) @ 0x00007f211af43ac4 [0x00007f211af3e5e0+0x54e4]
J 17657 C1 br.org.carameloCode.erp.crm.paginas.crmAtendimento.PgProspecto.executarAcao(Lbr/org/carameloCode/erp/modulo/crm/entidadesJPA/prospecto/Pessoa;)V (489 bytes) @ 0x00007f211af43ac4 [0x00007f211af3e5e0+0x54e4]
J 17657 C1 br.org.carameloCode.erp.crm.paginas.crmAtendimento.PgProspecto.executarAcao(Lbr/org/carameloCode/erp/modulo/crm/entidadesJPA/prospecto/Pessoa;)V (489 bytes) @ 0x00007f211af43ac4 [0x00007f211af3e5e0+0x54e4]
J 17657 C1 br.org.carameloCode.erp.crm.paginas.crmAtendimento.PgProspecto.executarAcao(Lbr/org/carameloCode/erp/modulo/crm/entidadesJPA/prospecto/Pessoa;)V (489 bytes) @ 0x00007f211af43ac4 [0x00007f211af3e5e0+0x54e4]
J 17657 C1 br.org.carameloCode.erp.crm.paginas.crmAtendimento.PgProspecto.executarAcao(Lbr/org/carameloCode/erp/modulo/crm/entidadesJPA/prospecto/Pessoa;)V (489 bytes) @ 0x00007f211af43ac4 [0x00007f211af3e5e0+0x54e4]
J 17657 C1 br.org.carameloCode.erp.crm.paginas.crmAtendimento.PgProspecto.executarAcao(Lbr/org/carameloCode/erp/modulo/crm/entidadesJPA/prospecto/Pessoa;)V (489 bytes) @ 0x00007f211af43ac4 [0x00007f211af3e5e0+0x54e4]
J 17657 C1 br.org.carameloCode.erp.crm.paginas.crmAtendimento.PgProspecto.executarAcao(Lbr/org/carameloCode/erp/modulo/crm/entidadesJPA/prospecto/Pessoa;)V (489 bytes) @ 0x00007f211af43ac4 [0x00007f211af3e5e0+0x54e4]
J 17657 C1 br.org.carameloCode.erp.crm.paginas.crmAtendimento.PgProspecto.executarAcao(Lbr/org/carameloCode/erp/modulo/crm/entidadesJPA/prospecto/Pessoa;)V (489 bytes) @ 0x00007f211af43ac4 [0x00007f211af3e5e0+0x54e4]
J 17657 C1 br.org.carameloCode.erp.crm.paginas.crmAtendimento.PgProspecto.executarAcao(Lbr/org/carameloCode/erp/modulo/crm/entidadesJPA/prospecto/Pessoa;)V (489 bytes) @ 0x00007f211af43ac4 [0x00007f211af3e5e0+0x54e4]
J 17657 C1 br.org.carameloCode.erp.crm.paginas.crmAtendimento.PgProspecto.executarAcao(Lbr/org/carameloCode/erp/modulo/crm/entidadesJPA/prospecto/Pessoa;)V (489 bytes) @ 0x00007f211af43ac4 [0x00007f211af3e5e0+0x54e4]
J 17657 C1 br.org.carameloCode.erp.crm.paginas.crmAtendimento.PgProspecto.executarAcao(Lbr/org/carameloCode/erp/modulo/crm/entidadesJPA/prospecto/Pessoa;)V (489 bytes) @ 0x00007f211af43ac4 [0x00007f211af3e5e0+0x54e4]
J 17657 C1 br.org.carameloCode.erp.crm.paginas.crmAtendimento.PgProspecto.executarAcao(Lbr/org/carameloCode/erp/modulo/crm/entidadesJPA/prospecto/Pessoa;)V (489 bytes) @ 0x00007f211af43ac4 [0x00007f211af3e5e0+0x54e4]
J 17657 C1 br.org.carameloCode.erp.crm.paginas.crmAtendimento.PgProspecto.executarAcao(Lbr/org/carameloCode/erp/modulo/crm/entidadesJPA/prospecto/Pessoa;)V (489 bytes) @ 0x00007f211af43ac4 [0x00007f211af3e5e0+0x54e4]
J 17657 C1 br.org.carameloCode.erp.crm.paginas.crmAtendimento.PgProspecto.executarAcao(Lbr/org/carameloCode/erp/modulo/crm/entidadesJPA/prospecto/Pessoa;)V (489 bytes) @ 0x00007f211af43ac4 [0x00007f211af3e5e0+0x54e4]
J 17657 C1 br.org.carameloCode.erp.crm.paginas.crmAtendimento.PgProspecto.executarAcao(Lbr/org/carameloCode/erp/modulo/crm/entidadesJPA/prospecto/Pessoa;)V (489 bytes) @ 0x00007f211af43ac4 [0x00007f211af3e5e0+0x54e4]
J 17657 C1 br.org.carameloCode.erp.crm.paginas.crmAtendimento.PgProspecto.executarAcao(Lbr/org/carameloCode/erp/modulo/crm/entidadesJPA/prospecto/Pessoa;)V (489 bytes) @ 0x00007f211af43ac4 [0x00007f211af3e5e0+0x54e4]
J 17657 C1 br.org.carameloCode.erp.crm.paginas.crmAtendimento.PgProspecto.executarAcao(Lbr/org/carameloCode/erp/modulo/crm/entidadesJPA/prospecto/Pessoa;)V (489 bytes) @ 0x00007f211af43ac4 [0x00007f211af3e5e0+0x54e4]
J 17657 C1 br.org.carameloCode.erp.crm.paginas.crmAtendimento.PgProspecto.executarAcao(Lbr/org/carameloCode/erp/modulo/crm/entidadesJPA/prospecto/Pessoa;)V (489 bytes) @ 0x00007f211af43ac4 [0x00007f211af3e5e0+0x54e4]
J 17657 C1 br.org.carameloCode.erp.crm.paginas.crmAtendimento.PgProspecto.executarAcao(Lbr/org/carameloCode/erp/modulo/crm/entidadesJPA/prospecto/Pessoa;)V (489 bytes) @ 0x00007f211af43ac4 [0x00007f211af3e5e0+0x54e4]
J 17657 C1 br.org.carameloCode.erp.crm.paginas.crmAtendimento.PgProspecto.executarAcao(Lbr/org/carameloCode/erp/modulo/crm/entidadesJPA/prospecto/Pessoa;)V (489 bytes) @ 0x00007f211af43ac4 [0x00007f211af3e5e0+0x54e4]
J 17657 C1 br.org.carameloCode.erp.crm.paginas.crmAtendimento.PgProspecto.executarAcao(Lbr/org/carameloCode/erp/modulo/crm/entidadesJPA/prospecto/Pessoa;)V (489 bytes) @ 0x00007f211af43ac4 [0x00007f211af3e5e0+0x54e4]
J 17657 C1 br.org.carameloCode.erp.crm.paginas.crmAtendimento.PgProspecto.executarAcao(Lbr/org/carameloCode/erp/modulo/crm/entidadesJPA/prospecto/Pessoa;)V (489 bytes) @ 0x00007f211af43ac4 [0x00007f211af3e5e0+0x54e4]
J 17657 C1 br.org.carameloCode.erp.crm.paginas.crmAtendimento.PgProspecto.executarAcao(Lbr/org/carameloCode/erp/modulo/crm/entidadesJPA/prospecto/Pessoa;)V (489 bytes) @ 0x00007f211af43ac4 [0x00007f211af3e5e0+0x54e4]
J 17657 C1 br.org.carameloCode.erp.crm.paginas.crmAtendimento.PgProspecto.executarAcao(Lbr/org/carameloCode/erp/modulo/crm/entidadesJPA/prospecto/Pessoa;)V (489 bytes) @ 0x00007f211af43ac4 [0x00007f211af3e5e0+0x54e4]
J 17657 C1 br.org.carameloCode.erp.crm.paginas.crmAtendimento.PgProspecto.executarAcao(Lbr/org/carameloCode/erp/modulo/crm/entidadesJPA/prospecto/Pessoa;)V (489 bytes) @ 0x00007f211af43ac4 [0x00007f211af3e5e0+0x54e4]
J 17657 C1 br.org.carameloCode.erp.crm.paginas.crmAtendimento.PgProspecto.executarAcao(Lbr/org/carameloCode/erp/modulo/crm/entidadesJPA/prospecto/Pessoa;)V (489 bytes) @ 0x00007f211af43ac4 [0x00007f211af3e5e0+0x54e4]
J 17657 C1 br.org.carameloCode.erp.crm.paginas.crmAtendimento.PgProspecto.executarAcao(Lbr/org/carameloCode/erp/modulo/crm/entidadesJPA/prospecto/Pessoa;)V (489 bytes) @ 0x00007f211af43ac4 [0x00007f211af3e5e0+0x54e4]
J 17657 C1 br.org.carameloCode.erp.crm.paginas.crmAtendimento.PgProspecto.executarAcao(Lbr/org/carameloCode/erp/modulo/crm/entidadesJPA/prospecto/Pessoa;)V (489 bytes) @ 0x00007f211af43ac4 [0x00007f211af3e5e0+0x54e4]
J 17657 C1 br.org.carameloCode.erp.crm.paginas.crmAtendimento.PgProspecto.executarAcao(Lbr/org/carameloCode/erp/modulo/crm/entidadesJPA/prospecto/Pessoa;)V (489 bytes) @ 0x00007f211af43ac4 [0x00007f211af3e5e0+0x54e4]
J 17657 C1 br.org.carameloCode.erp.crm.paginas.crmAtendimento.PgProspecto.executarAcao(Lbr/org/carameloCode/erp/modulo/crm/entidadesJPA/prospecto/Pessoa;)V (489 bytes) @ 0x00007f211af43ac4 [0x00007f211af3e5e0+0x54e4]
J 17657 C1 br.org.carameloCode.erp.crm.paginas.crmAtendimento.PgProspecto.executarAcao(Lbr/org/carameloCode/erp/modulo/crm/entidadesJPA/prospecto/Pessoa;)V (489 bytes) @ 0x00007f211af43ac4 [0x00007f211af3e5e0+0x54e4]
J 17657 C1 br.org.carameloCode.erp.crm.paginas.crmAtendimento.PgProspecto.executarAcao(Lbr/org/carameloCode/erp/modulo/crm/entidadesJPA/prospecto/Pessoa;)V (489 bytes) @ 0x00007f211af43ac4 [0x00007f211af3e5e0+0x54e4]
J 17657 C1 br.org.carameloCode.erp.crm.paginas.crmAtendimento.PgProspecto.executarAcao(Lbr/org/carameloCode/erp/modulo/crm/entidadesJPA/prospecto/Pessoa;)V (489 bytes) @ 0x00007f211af43ac4 [0x00007f211af3e5e0+0x54e4]
J 17657 C1 br.org.carameloCode.erp.crm.paginas.crmAtendimento.PgProspecto.executarAcao(Lbr/org/carameloCode/erp/modulo/crm/entidadesJPA/prospecto/Pessoa;)V (489 bytes) @ 0x00007f211af43ac4 [0x00007f211af3e5e0+0x54e4]
J 17657 C1 br.org.carameloCode.erp.crm.paginas.crmAtendimento.PgProspecto.executarAcao(Lbr/org/carameloCode/erp/modulo/crm/entidadesJPA/prospecto/Pessoa;)V (489 bytes) @ 0x00007f211af43ac4 [0x00007f211af3e5e0+0x54e4]
J 17657 C1 br.org.carameloCode.erp.crm.paginas.crmAtendimento.PgProspecto.executarAcao(Lbr/org/carameloCode/erp/modulo/crm/entidadesJPA/prospecto/Pessoa;)V (489 bytes) @ 0x00007f211af43ac4 [0x00007f211af3e5e0+0x54e4]
J 17657 C1 br.org.carameloCode.erp.crm.paginas.crmAtendimento.PgProspecto.executarAcao(Lbr/org/carameloCode/erp/modulo/crm/entidadesJPA/prospecto/Pessoa;)V (489 bytes) @ 0x00007f211af43ac4 [0x00007f211af3e5e0+0x54e4]
J 17657 C1 br.org.carameloCode.erp.crm.paginas.crmAtendimento.PgProspecto.executarAcao(Lbr/org/carameloCode/erp/modulo/crm/entidadesJPA/prospecto/Pessoa;)V (489 bytes) @ 0x00007f211af43ac4 [0x00007f211af3e5e0+0x54e4]
J 17657 C1 br.org.carameloCode.erp.crm.paginas.crmAtendimento.PgProspecto.executarAcao(Lbr/org/carameloCode/erp/modulo/crm/entidadesJPA/prospecto/Pessoa;)V (489 bytes) @ 0x00007f211af43ac4 [0x00007f211af3e5e0+0x54e4]
J 17657 C1 br.org.carameloCode.erp.crm.paginas.crmAtendimento.PgProspecto.executarAcao(Lbr/org/carameloCode/erp/modulo/crm/entidadesJPA/prospecto/Pessoa;)V (489 bytes) @ 0x00007f211af43ac4 [0x00007f211af3e5e0+0x54e4]
J 17657 C1 br.org.carameloCode.erp.crm.paginas.crmAtendimento.PgProspecto.executarAcao(Lbr/org/carameloCode/erp/modulo/crm/entidadesJPA/prospecto/Pessoa;)V (489 bytes) @ 0x00007f211af43ac4 [0x00007f211af3e5e0+0x54e4]
J 17657 C1 br.org.carameloCode.erp.crm.paginas.crmAtendimento.PgProspecto.executarAcao(Lbr/org/carameloCode/erp/modulo/crm/entidadesJPA/prospecto/Pessoa;)V (489 bytes) @ 0x00007f211af43ac4 [0x00007f211af3e5e0+0x54e4]
J 17657 C1 br.org.carameloCode.erp.crm.paginas.crmAtendimento.PgProspecto.executarAcao(Lbr/org/carameloCode/erp/modulo/crm/entidadesJPA/prospecto/Pessoa;)V (489 bytes) @ 0x00007f211af43ac4 [0x00007f211af3e5e0+0x54e4]
J 17657 C1 br.org.carameloCode.erp.crm.paginas.crmAtendimento.PgProspecto.executarAcao(Lbr/org/carameloCode/erp/modulo/crm/entidadesJPA/prospecto/Pessoa;)V (489 bytes) @ 0x00007f211af43ac4 [0x00007f211af3e5e0+0x54e4]
J 17657 C1 br.org.carameloCode.erp.crm.paginas.crmAtendimento.PgProspecto.executarAcao(Lbr/org/carameloCode/erp/modulo/crm/entidadesJPA/prospecto/Pessoa;)V (489 bytes) @ 0x00007f211af43ac4 [0x00007f211af3e5e0+0x54e4]
J 17657 C1 br.org.carameloCode.erp.crm.paginas.crmAtendimento.PgProspecto.executarAcao(Lbr/org/carameloCode/erp/modulo/crm/entidadesJPA/prospecto/Pessoa;)V (489 bytes) @ 0x00007f211af43ac4 [0x00007f211af3e5e0+0x54e4]
J 17657 C1 br.org.carameloCode.erp.crm.paginas.crmAtendimento.PgProspecto.executarAcao(Lbr/org/carameloCode/erp/modulo/crm/entidadesJPA/prospecto/Pessoa;)V (489 bytes) @ 0x00007f211af43ac4 [0x00007f211af3e5e0+0x54e4]
J 17657 C1 br.org.carameloCode.erp.crm.paginas.crmAtendimento.PgProspecto.executarAcao(Lbr/org/carameloCode/erp/modulo/crm/entidadesJPA/prospecto/Pessoa;)V (489 bytes) @ 0x00007f211af43ac4 [0x00007f211af3e5e0+0x54e4]
J 17657 C1 br.org.carameloCode.erp.crm.paginas.crmAtendimento.PgProspecto.executarAcao(Lbr/org/carameloCode/erp/modulo/crm/entidadesJPA/prospecto/Pessoa;)V (489 bytes) @ 0x00007f211af43ac4 [0x00007f211af3e5e0+0x54e4]
J 17657 C1 br.org.carameloCode.erp.crm.paginas.crmAtendimento.PgProspecto.executarAcao(Lbr/org/carameloCode/erp/modulo/crm/entidadesJPA/prospecto/Pessoa;)V (489 bytes) @ 0x00007f211af43ac4 [0x00007f211af3e5e0+0x54e4]
J 17657 C1 br.org.carameloCode.erp.crm.paginas.crmAtendimento.PgProspecto.executarAcao(Lbr/org/carameloCode/erp/modulo/crm/entidadesJPA/prospecto/Pessoa;)V (489 bytes) @ 0x00007f211af43ac4 [0x00007f211af3e5e0+0x54e4]
J 17657 C1 br.org.carameloCode.erp.crm.paginas.crmAtendimento.PgProspecto.executarAcao(Lbr/org/carameloCode/erp/modulo/crm/entidadesJPA/prospecto/Pessoa;)V (489 bytes) @ 0x00007f211af43ac4 [0x00007f211af3e5e0+0x54e4]
J 17657 C1 br.org.carameloCode.erp.crm.paginas.crmAtendimento.PgProspecto.executarAcao(Lbr/org/carameloCode/erp/modulo/crm/entidadesJPA/prospecto/Pessoa;)V (489 bytes) @ 0x00007f211af43ac4 [0x00007f211af3e5e0+0x54e4]
J 17657 C1 br.org.carameloCode.erp.crm.paginas.crmAtendimento.PgProspecto.executarAcao(Lbr/org/carameloCode/erp/modulo/crm/entidadesJPA/prospecto/Pessoa;)V (489 bytes) @ 0x00007f211af43ac4 [0x00007f211af3e5e0+0x54e4]
J 17657 C1 br.org.carameloCode.erp.crm.paginas.crmAtendimento.PgProspecto.executarAcao(Lbr/org/carameloCode/erp/modulo/crm/entidadesJPA/prospecto/Pessoa;)V (489 bytes) @ 0x00007f211af43ac4 [0x00007f211af3e5e0+0x54e4]
J 17657 C1 br.org.carameloCode.erp.crm.paginas.crmAtendimento.PgProspecto.executarAcao(Lbr/org/carameloCode/erp/modulo/crm/entidadesJPA/prospecto/Pessoa;)V (489 bytes) @ 0x00007f211af43ac4 [0x00007f211af3e5e0+0x54e4]
J 17657 C1 br.org.carameloCode.erp.crm.paginas.crmAtendimento.PgProspecto.executarAcao(Lbr/org/carameloCode/erp/modulo/crm/entidadesJPA/prospecto/Pessoa;)V (489 bytes) @ 0x00007f211af43ac4 [0x00007f211af3e5e0+0x54e4]
J 17657 C1 br.org.carameloCode.erp.crm.paginas.crmAtendimento.PgProspecto.executarAcao(Lbr/org/carameloCode/erp/modulo/crm/entidadesJPA/prospecto/Pessoa;)V (489 bytes) @ 0x00007f211af43ac4 [0x00007f211af3e5e0+0x54e4]
J 17657 C1 br.org.carameloCode.erp.crm.paginas.crmAtendimento.PgProspecto.executarAcao(Lbr/org/carameloCode/erp/modulo/crm/entidadesJPA/prospecto/Pessoa;)V (489 bytes) @ 0x00007f211af43ac4 [0x00007f211af3e5e0+0x54e4]
J 17657 C1 br.org.carameloCode.erp.crm.paginas.crmAtendimento.PgProspecto.executarAcao(Lbr/org/carameloCode/erp/modulo/crm/entidadesJPA/prospecto/Pessoa;)V (489 bytes) @ 0x00007f211af43ac4 [0x00007f211af3e5e0+0x54e4]
J 17657 C1 br.org.carameloCode.erp.crm.paginas.crmAtendimento.PgProspecto.executarAcao(Lbr/org/carameloCode/erp/modulo/crm/entidadesJPA/prospecto/Pessoa;)V (489 bytes) @ 0x00007f211af43ac4 [0x00007f211af3e5e0+0x54e4]
J 17654 C1 br.org.carameloCode.erp.crm.paginas.crmAtendimento.PgProspecto.executarAcaoSelecionada()V (5 bytes) @ 0x00007f21198fb5ac [0x00007f21198fb420+0x18c]
j  com.super_bits.modulosSB.webPaginas.JSFManagedBeans.formularios.B_Pagina.executaAcaoSelecionadaPorEnum(Lcom/super_bits/modulosSB/SBCore/modulos/fabrica/ComoFabricaAcoes;)V+15
j  br.org.carameloCode.erp.crm.paginas.crmAtendimento.PgProspecto.executarAcao(Lbr/org/carameloCode/erp/modulo/crm/entidadesJPA/prospecto/Pessoa;)V+59
J 17654 C1 br.org.carameloCode.erp.crm.paginas.crmAtendimento.PgProspecto.executarAcaoSelecionada()V (5 bytes) @ 0x00007f21198fb5ac [0x00007f21198fb420+0x18c]
j  com.super_bits.modulosSB.webPaginas.JSFManagedBeans.formularios.B_Pagina.executaAcaoSelecionadaPorEnum(Lcom/super_bits/modulosSB/SBCore/modulos/fabrica/ComoFabricaAcoes;)V+15
j  br.org.carameloCode.erp.crm.paginas.crmAtendimento.PgProspecto.executarAcao(Lbr/org/carameloCode/erp/modulo/crm/entidadesJPA/prospecto/Pessoa;)V+59
J 17654 C1 br.org.carameloCode.erp.crm.paginas.crmAtendimento.PgProspecto.executarAcaoSelecionada()V (5 bytes) @ 0x00007f21198fb5ac [0x00007f21198fb420+0x18c]
j  com.super_bits.modulosSB.webPaginas.JSFManagedBeans.formularios.B_Pagina.executaAcaoSelecionadaPorEnum(Lcom/super_bits/modulosSB/SBCore/modulos/fabrica/ComoFabricaAcoes;)V+15
j  br.org.carameloCode.erp.crm.paginas.crmAtendimento.PgProspecto.executarAcao(Lbr/org/carameloCode/erp/modulo/crm/entidadesJPA/prospecto/Pessoa;)V+59
J 17654 C1 br.org.carameloCode.erp.crm.paginas.crmAtendimento.PgProspecto.executarAcaoSelecionada()V (5 bytes) @ 0x00007f21198fb5ac [0x00007f21198fb420+0x18c]
j  com.super_bits.modulosSB.webPaginas.JSFManagedBeans.formularios.B_Pagina.executaAcaoSelecionadaPorEnum(Lcom/super_bits/modulosSB/SBCore/modulos/fabrica/ComoFabricaAcoes;)V+15
j  br.org.carameloCode.erp.crm.paginas.crmAtendimento.PgProspecto.executarAcao(Lbr/org/carameloCode/erp/modulo/crm/entidadesJPA/prospecto/Pessoa;)V+59
J 17654 C1 br.org.carameloCode.erp.crm.paginas.crmAtendimento.PgProspecto.executarAcaoSelecionada()V (5 bytes) @ 0x00007f21198fb5ac [0x00007f21198fb420+0x18c]
j  com.super_bits.modulosSB.webPaginas.JSFManagedBeans.formularios.B_Pagina.executaAcaoSelecionadaPorEnum(Lcom/super_bits/modulosSB/SBCore/modulos/fabrica/ComoFabricaAcoes;)V+15
j  br.org.carameloCode.erp.crm.paginas.crmAtendimento.PgProspecto.executarAcao(Lbr/org/carameloCode/erp/modulo/crm/entidadesJPA/prospecto/Pessoa;)V+59
J 17654 C1 br.org.carameloCode.erp.crm.paginas.crmAtendimento.PgProspecto.executarAcaoSelecionada()V (5 bytes) @ 0x00007f21198fb5ac [0x00007f21198fb420+0x18c]
j  com.super_bits.modulosSB.webPaginas.JSFManagedBeans.formularios.B_Pagina.executaAcaoSelecionadaPorEnum(Lcom/super_bits/modulosSB/SBCore/modulos/fabrica/ComoFabricaAcoes;)V+15
j  br.org.carameloCode.erp.crm.paginas.crmAtendimento.PgProspecto.executarAcao(Lbr/org/carameloCode/erp/modulo/crm/entidadesJPA/prospecto/Pessoa;)V+59
J 17654 C1 br.org.carameloCode.erp.crm.paginas.crmAtendimento.PgProspecto.executarAcaoSelecionada()V (5 bytes) @ 0x00007f21198fb5ac [0x00007f21198fb420+0x18c]
j  com.super_bits.modulosSB.webPaginas.JSFManagedBeans.formularios.B_Pagina.executaAcaoSelecionadaPorEnum(Lcom/super_bits/modulosSB/SBCore/modulos/fabrica/ComoFabricaAcoes;)V+15
j  br.org.carameloCode.erp.crm.paginas.crmAtendimento.PgProspecto.executarAcao(Lbr/org/carameloCode/erp/modulo/crm/entidadesJPA/prospecto/Pessoa;)V+59
J 17654 C1 br.org.carameloCode.erp.crm.paginas.crmAtendimento.PgProspecto.executarAcaoSelecionada()V (5 bytes) @ 0x00007f21198fb5ac [0x00007f21198fb420+0x18c]
j  com.super_bits.modulosSB.webPaginas.JSFManagedBeans.formularios.B_Pagina.executaAcaoSelecionadaPorEnum(Lcom/super_bits/modulosSB/SBCore/modulos/fabrica/ComoFabricaAcoes;)V+15
j  br.org.carameloCode.erp.crm.paginas.crmAtendimento.PgProspecto.executarAcao(Lbr/org/carameloCode/erp/modulo/crm/entidadesJPA/prospecto/Pessoa;)V+59
J 17654 C1 br.org.carameloCode.erp.crm.paginas.crmAtendimento.PgProspecto.executarAcaoSelecionada()V (5 bytes) @ 0x00007f21198fb5ac [0x00007f21198fb420+0x18c]
j  com.super_bits.modulosSB.webPaginas.JSFManagedBeans.formularios.B_Pagina.executaAcaoSelecionadaPorEnum(Lcom/super_bits/modulosSB/SBCore/modulos/fabrica/ComoFabricaAcoes;)V+15
j  br.org.carameloCode.erp.crm.paginas.crmAtendimento.PgProspecto.executarAcao(Lbr/org/carameloCode/erp/modulo/crm/entidadesJPA/prospecto/Pessoa;)V+59
J 17654 C1 br.org.carameloCode.erp.crm.paginas.crmAtendimento.PgProspecto.executarAcaoSelecionada()V (5 bytes) @ 0x00007f21198fb5ac [0x00007f21198fb420+0x18c]
j  com.super_bits.modulosSB.webPaginas.JSFManagedBeans.formularios.B_Pagina.executaAcaoSelecionadaPorEnum(Lcom/super_bits/modulosSB/SBCore/modulos/fabrica/ComoFabricaAcoes;)V+15
j  br.org.carameloCode.erp.crm.paginas.crmAtendimento.PgProspecto.executarAcao(Lbr/org/carameloCode/erp/modulo/crm/entidadesJPA/prospecto/Pessoa;)V+59
J 17654 C1 br.org.carameloCode.erp.crm.paginas.crmAtendimento.PgProspecto.executarAcaoSelecionada()V (5 bytes) @ 0x00007f21198fb5ac [0x00007f21198fb420+0x18c]
j  com.super_bits.modulosSB.webPaginas.JSFManagedBeans.formularios.B_Pagina.executaAcaoSelecionadaPorEnum(Lcom/super_bits/modulosSB/SBCore/modulos/fabrica/ComoFabricaAcoes;)V+15
j  br.org.carameloCode.erp.crm.paginas.crmAtendimento.PgProspecto.executarAcao(Lbr/org/carameloCode/erp/modulo/crm/entidadesJPA/prospecto/Pessoa;)V+59
J 17654 C1 br.org.carameloCode.erp.crm.paginas.crmAtendimento.PgProspecto.executarAcaoSelecionada()V (5 bytes) @ 0x00007f21198fb5ac [0x00007f21198fb420+0x18c]
j  com.super_bits.modulosSB.webPaginas.JSFManagedBeans.formularios.B_Pagina.executaAcaoSelecionadaPorEnum(Lcom/super_bits/modulosSB/SBCore/modulos/fabrica/ComoFabricaAcoes;)V+15
j  br.org.carameloCode.erp.crm.paginas.crmAtendimento.PgProspecto.executarAcao(Lbr/org/carameloCode/erp/modulo/crm/entidadesJPA/prospecto/Pessoa;)V+59
J 17654 C1 br.org.carameloCode.erp.crm.paginas.crmAtendimento.PgProspecto.executarAcaoSelecionada()V (5 bytes) @ 0x00007f21198fb5ac [0x00007f21198fb420+0x18c]
j  com.super_bits.modulosSB.webPaginas.JSFManagedBeans.formularios.B_Pagina.executaAcaoSelecionadaPorEnum(Lcom/super_bits/modulosSB/SBCore/modulos/fabrica/ComoFabricaAcoes;)V+15
j  br.org.carameloCode.erp.crm.paginas.crmAtendimento.PgProspecto.executarAcao(Lbr/org/carameloCode/erp/modulo/crm/entidadesJPA/prospecto/Pessoa;)V+59
J 17654 C1 br.org.carameloCode.erp.crm.paginas.crmAtendimento.PgProspecto.executarAcaoSelecionada()V (5 bytes) @ 0x00007f21198fb5ac [0x00007f21198fb420+0x18c]
j  com.super_bits.modulosSB.webPaginas.JSFManagedBeans.formularios.B_Pagina.executaAcaoSelecionadaPorEnum(Lcom/super_bits/modulosSB/SBCore/modulos/fabrica/ComoFabricaAcoes;)V+15
j  br.org.carameloCode.erp.crm.paginas.crmAtendimento.PgProspecto.executarAcao(Lbr/org/carameloCode/erp/modulo/crm/entidadesJPA/prospecto/Pessoa;)V+59
J 17654 C1 br.org.carameloCode.erp.crm.paginas.crmAtendimento.PgProspecto.executarAcaoSelecionada()V (5 bytes) @ 0x00007f21198fb5ac [0x00007f21198fb420+0x18c]
j  com.super_bits.modulosSB.webPaginas.JSFManagedBeans.formularios.B_Pagina.executaAcaoSelecionadaPorEnum(Lcom/super_bits/modulosSB/SBCore/modulos/fabrica/ComoFabricaAcoes;)V+15
j  br.org.carameloCode.erp.crm.paginas.crmAtendimento.PgProspecto.executarAcao(Lbr/org/carameloCode/erp/modulo/crm/entidadesJPA/prospecto/Pessoa;)V+59
J 17654 C1 br.org.carameloCode.erp.crm.paginas.crmAtendimento.PgProspecto.executarAcaoSelecionada()V (5 bytes) @ 0x00007f21198fb5ac [0x00007f21198fb420+0x18c]
j  com.super_bits.modulosSB.webPaginas.JSFManagedBeans.formularios.B_Pagina.executaAcaoSelecionadaPorEnum(Lcom/super_bits/modulosSB/SBCore/modulos/fabrica/ComoFabricaAcoes;)V+15
j  br.org.carameloCode.erp.crm.paginas.crmAtendimento.PgProspecto.executarAcao(Lbr/org/carameloCode/erp/modulo/crm/entidadesJPA/prospecto/Pessoa;)V+59
J 17654 C1 br.org.carameloCode.erp.crm.paginas.crmAtendimento.PgProspecto.executarAcaoSelecionada()V (5 bytes) @ 0x00007f21198fb5ac [0x00007f21198fb420+0x18c]
j  com.super_bits.modulosSB.webPaginas.JSFManagedBeans.formularios.B_Pagina.executaAcaoSelecionadaPorEnum(Lcom/super_bits/modulosSB/SBCore/modulos/fabrica/ComoFabricaAcoes;)V+15
j  br.org.carameloCode.erp.crm.paginas.crmAtendimento.PgProspecto.executarAcao(Lbr/org/carameloCode/erp/modulo/crm/entidadesJPA/prospecto/Pessoa;)V+59
J 17654 C1 br.org.carameloCode.erp.crm.paginas.crmAtendimento.PgProspecto.executarAcaoSelecionada()V (5 bytes) @ 0x00007f21198fb5ac [0x00007f21198fb420+0x18c]
j  com.super_bits.modulosSB.webPaginas.JSFManagedBeans.formularios.B_Pagina.executaAcaoSelecionadaPorEnum(Lcom/super_bits/modulosSB/SBCore/modulos/fabrica/ComoFabricaAcoes;)V+15
j  br.org.carameloCode.erp.crm.paginas.crmAtendimento.PgProspecto.executarAcao(Lbr/org/carameloCode/erp/modulo/crm/entidadesJPA/prospecto/Pessoa;)V+59
J 17654 C1 br.org.carameloCode.erp.crm.paginas.crmAtendimento.PgProspecto.executarAcaoSelecionada()V (5 bytes) @ 0x00007f21198fb5ac [0x00007f21198fb420+0x18c]
j  com.super_bits.modulosSB.webPaginas.JSFManagedBeans.formularios.B_Pagina.executaAcaoSelecionadaPorEnum(Lcom/super_bits/modulosSB/SBCore/modulos/fabrica/ComoFabricaAcoes;)V+15
j  br.org.carameloCode.erp.crm.paginas.crmAtendimento.PgProspecto.executarAcao(Lbr/org/carameloCode/erp/modulo/crm/entidadesJPA/prospecto/Pessoa;)V+59
J 17654 C1 br.org.carameloCode.erp.crm.paginas.crmAtendimento.PgProspecto.executarAcaoSelecionada()V (5 bytes) @ 0x00007f21198fb5ac [0x00007f21198fb420+0x18c]
j  com.super_bits.modulosSB.webPaginas.JSFManagedBeans.formularios.B_Pagina.executaAcaoSelecionadaPorEnum(Lcom/super_bits/modulosSB/SBCore/modulos/fabrica/ComoFabricaAcoes;)V+15
j  br.org.carameloCode.erp.crm.paginas.crmAtendimento.PgProspecto.executarAcao(Lbr/org/carameloCode/erp/modulo/crm/entidadesJPA/prospecto/Pessoa;)V+59
J 17654 C1 br.org.carameloCode.erp.crm.paginas.crmAtendimento.PgProspecto.executarAcaoSelecionada()V (5 bytes) @ 0x00007f21198fb5ac [0x00007f21198fb420+0x18c]
j  com.super_bits.modulosSB.webPaginas.JSFManagedBeans.formularios.B_Pagina.executaAcaoSelecionadaPorEnum(Lcom/super_bits/modulosSB/SBCore/modulos/fabrica/ComoFabricaAcoes;)V+15
j  br.org.carameloCode.erp.crm.paginas.crmAtendimento.PgProspecto.executarAcao(Lbr/org/carameloCode/erp/modulo/crm/entidadesJPA/prospecto/Pessoa;)V+59
J 17654 C1 br.org.carameloCode.erp.crm.paginas.crmAtendimento.PgProspecto.executarAcaoSelecionada()V (5 bytes) @ 0x00007f21198fb5ac [0x00007f21198fb420+0x18c]
j  com.super_bits.modulosSB.webPaginas.JSFManagedBeans.formularios.B_Pagina.executaAcaoSelecionadaPorEnum(Lcom/super_bits/modulosSB/SBCore/modulos/fabrica/ComoFabricaAcoes;)V+15
j  br.org.carameloCode.erp.crm.paginas.crmAtendimento.PgProspecto.executarAcao(Lbr/org/carameloCode/erp/modulo/crm/entidadesJPA/prospecto/Pessoa;)V+59
J 17654 C1 br.org.carameloCode.erp.crm.paginas.crmAtendimento.PgProspecto.executarAcaoSelecionada()V (5 bytes) @ 0x00007f21198fb5ac [0x00007f21198fb420+0x18c]
j  com.super_bits.modulosSB.webPaginas.JSFManagedBeans.formularios.B_Pagina.executaAcaoSelecionadaPorEnum(Lcom/super_bits/modulosSB/SBCore/modulos/fabrica/ComoFabricaAcoes;)V+15
j  br.org.carameloCode.erp.crm.paginas.crmAtendimento.PgProspecto.executarAcao(Lbr/org/carameloCode/erp/modulo/crm/entidadesJPA/prospecto/Pessoa;)V+59
J 17654 C1 br.org.carameloCode.erp.crm.paginas.crmAtendimento.PgProspecto.executarAcaoSelecionada()V (5 bytes) @ 0x00007f21198fb5ac [0x00007f21198fb420+0x18c]
j  com.super_bits.modulosSB.webPaginas.JSFManagedBeans.formularios.B_Pagina.executaAcaoSelecionadaPorEnum(Lcom/super_bits/modulosSB/SBCore/modulos/fabrica/ComoFabricaAcoes;)V+15
j  br.org.carameloCode.erp.crm.paginas.crmAtendimento.PgProspecto.executarAcao(Lbr/org/carameloCode/erp/modulo/crm/entidadesJPA/prospecto/Pessoa;)V+59
J 17654 C1 br.org.carameloCode.erp.crm.paginas.crmAtendimento.PgProspecto.executarAcaoSelecionada()V (5 bytes) @ 0x00007f21198fb5ac [0x00007f21198fb420+0x18c]
j  com.super_bits.modulosSB.webPaginas.JSFManagedBeans.formularios.B_Pagina.executaAcaoSelecionadaPorEnum(Lcom/super_bits/modulosSB/SBCore/modulos/fabrica/ComoFabricaAcoes;)V+15
j  br.org.carameloCode.erp.crm.paginas.crmAtendimento.PgProspecto.executarAcao(Lbr/org/carameloCode/erp/modulo/crm/entidadesJPA/prospecto/Pessoa;)V+59
J 17654 C1 br.org.carameloCode.erp.crm.paginas.crmAtendimento.PgProspecto.executarAcaoSelecionada()V (5 bytes) @ 0x00007f21198fb5ac [0x00007f21198fb420+0x18c]
j  com.super_bits.modulosSB.webPaginas.JSFManagedBeans.formularios.B_Pagina.executaAcaoSelecionadaPorEnum(Lcom/super_bits/modulosSB/SBCore/modulos/fabrica/ComoFabricaAcoes;)V+15
j  br.org.carameloCode.erp.crm.paginas.crmAtendimento.PgProspecto.executarAcao(Lbr/org/carameloCode/erp/modulo/crm/entidadesJPA/prospecto/Pessoa;)V+59
J 17654 C1 br.org.carameloCode.erp.crm.paginas.crmAtendimento.PgProspecto.executarAcaoSelecionada()V (5 bytes) @ 0x00007f21198fb5ac [0x00007f21198fb420+0x18c]
j  com.super_bits.modulosSB.webPaginas.JSFManagedBeans.formularios.B_Pagina.executaAcaoSelecionadaPorEnum(Lcom/super_bits/modulosSB/SBCore/modulos/fabrica/ComoFabricaAcoes;)V+15
j  br.org.carameloCode.erp.crm.paginas.crmAtendimento.PgProspecto.executarAcao(Lbr/org/carameloCode/erp/modulo/crm/entidadesJPA/prospecto/Pessoa;)V+59
J 17654 C1 br.org.carameloCode.erp.crm.paginas.crmAtendimento.PgProspecto.executarAcaoSelecionada()V (5 bytes) @ 0x00007f21198fb5ac [0x00007f21198fb420+0x18c]
j  com.super_bits.modulosSB.webPaginas.JSFManagedBeans.formularios.B_Pagina.executaAcaoSelecionadaPorEnum(Lcom/super_bits/modulosSB/SBCore/modulos/fabrica/ComoFabricaAcoes;)V+15
j  br.org.carameloCode.erp.crm.paginas.crmAtendimento.PgProspecto.executarAcao(Lbr/org/carameloCode/erp/modulo/crm/entidadesJPA/prospecto/Pessoa;)V+59
J 17654 C1 br.org.carameloCode.erp.crm.paginas.crmAtendimento.PgProspecto.executarAcaoSelecionada()V (5 bytes) @ 0x00007f21198fb5ac [0x00007f21198fb420+0x18c]
j  com.super_bits.modulosSB.webPaginas.JSFManagedBeans.formularios.B_Pagina.executaAcaoSelecionadaPorEnum(Lcom/super_bits/modulosSB/SBCore/modulos/fabrica/ComoFabricaAcoes;)V+15
j  br.org.carameloCode.erp.crm.paginas.crmAtendimento.PgProspecto.executarAcao(Lbr/org/carameloCode/erp/modulo/crm/entidadesJPA/prospecto/Pessoa;)V+59
J 17654 C1 br.org.carameloCode.erp.crm.paginas.crmAtendimento.PgProspecto.executarAcaoSelecionada()V (5 bytes) @ 0x00007f21198fb5ac [0x00007f21198fb420+0x18c]
j  com.super_bits.modulosSB.webPaginas.JSFManagedBeans.formularios.B_Pagina.executaAcaoSelecionadaPorEnum(Lcom/super_bits/modulosSB/SBCore/modulos/fabrica/ComoFabricaAcoes;)V+15
j  br.org.carameloCode.erp.crm.paginas.crmAtendimento.PgProspecto.executarAcao(Lbr/org/carameloCode/erp/modulo/crm/entidadesJPA/prospecto/Pessoa;)V+59
J 17654 C1 br.org.carameloCode.erp.crm.paginas.crmAtendimento.PgProspecto.executarAcaoSelecionada()V (5 bytes) @ 0x00007f21198fb5ac [0x00007f21198fb420+0x18c]
j  com.super_bits.modulosSB.webPaginas.JSFManagedBeans.formularios.B_Pagina.executaAcaoSelecionadaPorEnum(Lcom/super_bits/modulosSB/SBCore/modulos/fabrica/ComoFabricaAcoes;)V+15
j  br.org.carameloCode.erp.crm.paginas.crmAtendimento.PgProspecto.executarAcao(Lbr/org/carameloCode/erp/modulo/crm/entidadesJPA/prospecto/Pessoa;)V+59
J 17654 C1 br.org.carameloCode.erp.crm.paginas.crmAtendimento.PgProspecto.executarAcaoSelecionada()V (5 bytes) @ 0x00007f21198fb5ac [0x00007f21198fb420+0x18c]
j  com.super_bits.modulosSB.webPaginas.JSFManagedBeans.formularios.B_Pagina.executaAcaoSelecionadaPorEnum(Lcom/super_bits/modulosSB/SBCore/modulos/fabrica/ComoFabricaAcoes;)V+15
j  br.org.carameloCode.erp.crm.paginas.crmAtendimento.PgProspecto.executarAcao(Lbr/org/carameloCode/erp/modulo/crm/entidadesJPA/prospecto/Pessoa;)V+59
J 17654 C1 br.org.carameloCode.erp.crm.paginas.crmAtendimento.PgProspecto.executarAcaoSelecionada()V (5 bytes) @ 0x00007f21198fb5ac [0x00007f21198fb420+0x18c]
j  com.super_bits.modulosSB.webPaginas.JSFManagedBeans.formularios.B_Pagina.executaAcaoSelecionadaPorEnum(Lcom/super_bits/modulosSB/SBCore/modulos/fabrica/ComoFabricaAcoes;)V+15
j  br.org.carameloCode.erp.crm.paginas.crmAtendimento.PgProspecto.executarAcao(Lbr/org/carameloCode/erp/modulo/crm/entidadesJPA/prospecto/Pessoa;)V+59
J 17654 C1 br.org.carameloCode.erp.crm.paginas.crmAtendimento.PgProspecto.executarAcaoSelecionada()V (5 bytes) @ 0x00007f21198fb5ac [0x00007f21198fb420+0x18c]
j  com.super_bits.modulosSB.webPaginas.JSFManagedBeans.formularios.B_Pagina.executaAcaoSelecionadaPorEnum(Lcom/super_bits/modulosSB/SBCore/modulos/fabrica/ComoFabricaAcoes;)V+15
j  br.org.carameloCode.erp.crm.paginas.crmAtendimento.PgProspecto.executarAcao(Lbr/org/carameloCode/erp/modulo/crm/entidadesJPA/prospecto/Pessoa;)V+59
J 17654 C1 br.org.carameloCode.erp.crm.paginas.crmAtendimento.PgProspecto.executarAcaoSelecionada()V (5 bytes) @ 0x00007f21198fb5ac [0x00007f21198fb420+0x18c]
j  com.super_bits.modulosSB.webPaginas.JSFManagedBeans.formularios.B_Pagina.executaAcaoSelecionadaPorEnum(Lcom/super_bits/modulosSB/SBCore/modulos/fabrica/ComoFabricaAcoes;)V+15
j  br.org.carameloCode.erp.crm.paginas.crmAtendimento.PgProspecto.executarAcao(Lbr/org/carameloCode/erp/modulo/crm/entidadesJPA/prospecto/Pessoa;)V+59
J 17654 C1 br.org.carameloCode.erp.crm.paginas.crmAtendimento.PgProspecto.executarAcaoSelecionada()V (5 bytes) @ 0x00007f21198fb5ac [0x00007f21198fb420+0x18c]
j  com.super_bits.modulosSB.webPaginas.JSFManagedBeans.formularios.B_Pagina.executaAcaoSelecionadaPorEnum(Lcom/super_bits/modulosSB/SBCore/modulos/fabrica/ComoFabricaAcoes;)V+15
j  br.org.carameloCode.erp.crm.paginas.crmAtendimento.PgProspecto.executarAcao(Lbr/org/carameloCode/erp/modulo/crm/entidadesJPA/prospecto/Pessoa;)V+59
J 17654 C1 br.org.carameloCode.erp.crm.paginas.crmAtendimento.PgProspecto.executarAcaoSelecionada()V (5 bytes) @ 0x00007f21198fb5ac [0x00007f21198fb420+0x18c]
j  com.super_bits.modulosSB.webPaginas.JSFManagedBeans.formularios.B_Pagina.executaAcaoSelecionadaPorEnum(Lcom/super_bits/modulosSB/SBCore/modulos/fabrica/ComoFabricaAcoes;)V+15
j  br.org.carameloCode.erp.crm.paginas.crmAtendimento.PgProspecto.executarAcao(Lbr/org/carameloCode/erp/modulo/crm/entidadesJPA/prospecto/Pessoa;)V+59
J 17654 C1 br.org.carameloCode.erp.crm.paginas.crmAtendimento.PgProspecto.executarAcaoSelecionada()V (5 bytes) @ 0x00007f21198fb5ac [0x00007f21198fb420+0x18c]
j  com.super_bits.modulosSB.webPaginas.JSFManagedBeans.formularios.B_Pagina.executaAcaoSelecionadaPorEnum(Lcom/super_bits/modulosSB/SBCore/modulos/fabrica/ComoFabricaAcoes;)V+15
j  br.org.carameloCode.erp.crm.paginas.crmAtendimento.PgProspecto.executarAcao(Lbr/org/carameloCode/erp/modulo/crm/entidadesJPA/prospecto/Pessoa;)V+59
J 17654 C1 br.org.carameloCode.erp.crm.paginas.crmAtendimento.PgProspecto.executarAcaoSelecionada()V (5 bytes) @ 0x00007f21198fb5ac [0x00007f21198fb420+0x18c]
j  com.super_bits.modulosSB.webPaginas.JSFManagedBeans.formularios.B_Pagina.executaAcaoSelecionadaPorEnum(Lcom/super_bits/modulosSB/SBCore/modulos/fabrica/ComoFabricaAcoes;)V+15
j  br.org.carameloCode.erp.crm.paginas.crmAtendimento.PgProspecto.executarAcao(Lbr/org/carameloCode/erp/modulo/crm/entidadesJPA/prospecto/Pessoa;)V+59
J 17654 C1 br.org.carameloCode.erp.crm.paginas.crmAtendimento.PgProspecto.executarAcaoSelecionada()V (5 bytes) @ 0x00007f21198fb5ac [0x00007f21198fb420+0x18c]
j  com.super_bits.modulosSB.webPaginas.JSFManagedBeans.formularios.B_Pagina.executaAcaoSelecionadaPorEnum(Lcom/super_bits/modulosSB/SBCore/modulos/fabrica/ComoFabricaAcoes;)V+15
j  br.org.carameloCode.erp.crm.paginas.crmAtendimento.PgProspecto.executarAcao(Lbr/org/carameloCode/erp/modulo/crm/entidadesJPA/prospecto/Pessoa;)V+59
J 17654 C1 br.org.carameloCode.erp.crm.paginas.crmAtendimento.PgProspecto.executarAcaoSelecionada()V (5 bytes) @ 0x00007f21198fb5ac [0x00007f21198fb420+0x18c]
j  com.super_bits.modulosSB.webPaginas.JSFManagedBeans.formularios.B_Pagina.executaAcaoSelecionadaPorEnum(Lcom/super_bits/modulosSB/SBCore/modulos/fabrica/ComoFabricaAcoes;)V+15
j  br.org.carameloCode.erp.crm.paginas.crmAtendimento.PgProspecto.executarAcao(Lbr/org/carameloCode/erp/modulo/crm/entidadesJPA/prospecto/Pessoa;)V+59
J 17654 C1 br.org.carameloCode.erp.crm.paginas.crmAtendimento.PgProspecto.executarAcaoSelecionada()V (5 bytes) @ 0x00007f21198fb5ac [0x00007f21198fb420+0x18c]
j  com.super_bits.modulosSB.webPaginas.JSFManagedBeans.formularios.B_Pagina.executaAcaoSelecionadaPorEnum(Lcom/super_bits/modulosSB/SBCore/modulos/fabrica/ComoFabricaAcoes;)V+15
j  br.org.carameloCode.erp.crm.paginas.crmAtendimento.PgProspecto.executarAcao(Lbr/org/carameloCode/erp/modulo/crm/entidadesJPA/prospecto/Pessoa;)V+59
J 17654 C1 br.org.carameloCode.erp.crm.paginas.crmAtendimento.PgProspecto.executarAcaoSelecionada()V (5 bytes) @ 0x00007f21198fb5ac [0x00007f21198fb420+0x18c]
j  com.super_bits.modulosSB.webPaginas.JSFManagedBeans.formularios.B_Pagina.executaAcaoSelecionadaPorEnum(Lcom/super_bits/modulosSB/SBCore/modulos/fabrica/ComoFabricaAcoes;)V+15
j  br.org.carameloCode.erp.crm.paginas.crmAtendimento.PgProspecto.executarAcao(Lbr/org/carameloCode/erp/modulo/crm/entidadesJPA/prospecto/Pessoa;)V+59
J 17654 C1 br.org.carameloCode.erp.crm.paginas.crmAtendimento.PgProspecto.executarAcaoSelecionada()V (5 bytes) @ 0x00007f21198fb5ac [0x00007f21198fb420+0x18c]
j  com.super_bits.modulosSB.webPaginas.JSFManagedBeans.formularios.B_Pagina.executaAcaoSelecionadaPorEnum(Lcom/super_bits/modulosSB/SBCore/modulos/fabrica/ComoFabricaAcoes;)V+15
j  br.org.carameloCode.erp.crm.paginas.crmAtendimento.PgProspecto.executarAcao(Lbr/org/carameloCode/erp/modulo/crm/entidadesJPA/prospecto/Pessoa;)V+59
J 17654 C1 br.org.carameloCode.erp.crm.paginas.crmAtendimento.PgProspecto.executarAcaoSelecionada()V (5 bytes) @ 0x00007f21198fb5ac [0x00007f21198fb420+0x18c]
j  com.super_bits.modulosSB.webPaginas.JSFManagedBeans.formularios.B_Pagina.executaAcaoSelecionadaPorEnum(Lcom/super_bits/modulosSB/SBCore/modulos/fabrica/ComoFabricaAcoes;)V+15
j  br.org.carameloCode.erp.crm.paginas.crmAtendimento.PgProspecto.executarAcao(Lbr/org/carameloCode/erp/modulo/crm/entidadesJPA/prospecto/Pessoa;)V+59
J 17654 C1 br.org.carameloCode.erp.crm.paginas.crmAtendimento.PgProspecto.executarAcaoSelecionada()V (5 bytes) @ 0x00007f21198fb5ac [0x00007f21198fb420+0x18c]
j  com.super_bits.modulosSB.webPaginas.JSFManagedBeans.formularios.B_Pagina.executaAcaoSelecionadaPorEnum(Lcom/super_bits/modulosSB/SBCore/modulos/fabrica/ComoFabricaAcoes;)V+15
j  br.org.carameloCode.erp.crm.paginas.crmAtendimento.PgProspecto.executarAcao(Lbr/org/carameloCode/erp/modulo/crm/entidadesJPA/prospecto/Pessoa;)V+59
J 17654 C1 br.org.carameloCode.erp.crm.paginas.crmAtendimento.PgProspecto.executarAcaoSelecionada()V (5 bytes) @ 0x00007f21198fb5ac [0x00007f21198fb420+0x18c]
j  com.super_bits.modulosSB.webPaginas.JSFManagedBeans.formularios.B_Pagina.executaAcaoSelecionadaPorEnum(Lcom/super_bits/modulosSB/SBCore/modulos/fabrica/ComoFabricaAcoes;)V+15
j  br.org.carameloCode.erp.crm.paginas.crmAtendimento.PgProspecto.executarAcao(Lbr/org/carameloCode/erp/modulo/crm/entidadesJPA/prospecto/Pessoa;)V+59
J 17654 C1 br.org.carameloCode.erp.crm.paginas.crmAtendimento.PgProspecto.executarAcaoSelecionada()V (5 bytes) @ 0x00007f21198fb5ac [0x00007f21198fb420+0x18c]
j  com.super_bits.modulosSB.webPaginas.JSFManagedBeans.formularios.B_Pagina.executaAcaoSelecionadaPorEnum(Lcom/super_bits/modulosSB/SBCore/modulos/fabrica/ComoFabricaAcoes;)V+15
j  br.org.carameloCode.erp.crm.paginas.crmAtendimento.PgProspecto.executarAcao(Lbr/org/carameloCode/erp/modulo/crm/entidadesJPA/prospecto/Pessoa;)V+59
J 17654 C1 br.org.carameloCode.erp.crm.paginas.crmAtendimento.PgProspecto.executarAcaoSelecionada()V (5 bytes) @ 0x00007f21198fb5ac [0x00007f21198fb420+0x18c]
j  com.super_bits.modulosSB.webPaginas.JSFManagedBeans.formularios.B_Pagina.executaAcaoSelecionadaPorEnum(Lcom/super_bits/modulosSB/SBCore/modulos/fabrica/ComoFabricaAcoes;)V+15
j  br.org.carameloCode.erp.crm.paginas.crmAtendimento.PgProspecto.executarAcao(Lbr/org/carameloCode/erp/modulo/crm/entidadesJPA/prospecto/Pessoa;)V+59
J 17654 C1 br.org.carameloCode.erp.crm.paginas.crmAtendimento.PgProspecto.executarAcaoSelecionada()V (5 bytes) @ 0x00007f21198fb5ac [0x00007f21198fb420+0x18c]
j  com.super_bits.modulosSB.webPaginas.JSFManagedBeans.formularios.B_Pagina.executaAcaoSelecionadaPorEnum(Lcom/super_bits/modulosSB/SBCore/modulos/fabrica/ComoFabricaAcoes;)V+15
j  br.org.carameloCode.erp.crm.paginas.crmAtendimento.PgProspecto.executarAcao(Lbr/org/carameloCode/erp/modulo/crm/entidadesJPA/prospecto/Pessoa;)V+59
J 17654 C1 br.org.carameloCode.erp.crm.paginas.crmAtendimento.PgProspecto.executarAcaoSelecionada()V (5 bytes) @ 0x00007f21198fb5ac [0x00007f21198fb420+0x18c]
j  com.super_bits.modulosSB.webPaginas.JSFManagedBeans.formularios.B_Pagina.executaAcaoSelecionadaPorEnum(Lcom/super_bits/modulosSB/SBCore/modulos/fabrica/ComoFabricaAcoes;)V+15
j  br.org.carameloCode.erp.crm.paginas.crmAtendimento.PgProspecto.executarAcao(Lbr/org/carameloCode/erp/modulo/crm/entidadesJPA/prospecto/Pessoa;)V+59
J 17654 C1 br.org.carameloCode.erp.crm.paginas.crmAtendimento.PgProspecto.executarAcaoSelecionada()V (5 bytes) @ 0x00007f21198fb5ac [0x00007f21198fb420+0x18c]
j  com.super_bits.modulosSB.webPaginas.JSFManagedBeans.formularios.B_Pagina.executaAcaoSelecionadaPorEnum(Lcom/super_bits/modulosSB/SBCore/modulos/fabrica/ComoFabricaAcoes;)V+15
j  br.org.carameloCode.erp.crm.paginas.crmAtendimento.PgProspecto.executarAcao(Lbr/org/carameloCode/erp/modulo/crm/entidadesJPA/prospecto/Pessoa;)V+59
J 17654 C1 br.org.carameloCode.erp.crm.paginas.crmAtendimento.PgProspecto.executarAcaoSelecionada()V (5 bytes) @ 0x00007f21198fb5ac [0x00007f21198fb420+0x18c]
j  com.super_bits.modulosSB.webPaginas.JSFManagedBeans.formularios.B_Pagina.executaAcaoSelecionadaPorEnum(Lcom/super_bits/modulosSB/SBCore/modulos/fabrica/ComoFabricaAcoes;)V+15
j  br.org.carameloCode.erp.crm.paginas.crmAtendimento.PgProspecto.executarAcao(Lbr/org/carameloCode/erp/modulo/crm/entidadesJPA/prospecto/Pessoa;)V+59
J 17654 C1 br.org.carameloCode.erp.crm.paginas.crmAtendimento.PgProspecto.executarAcaoSelecionada()V (5 bytes) @ 0x00007f21198fb5ac [0x00007f21198fb420+0x18c]
j  com.super_bits.modulosSB.webPaginas.JSFManagedBeans.formularios.B_Pagina.executaAcaoSelecionadaPorEnum(Lcom/super_bits/modulosSB/SBCore/modulos/fabrica/ComoFabricaAcoes;)V+15
j  br.org.carameloCode.erp.crm.paginas.crmAtendimento.PgProspecto.executarAcao(Lbr/org/carameloCode/erp/modulo/crm/entidadesJPA/prospecto/Pessoa;)V+59
J 17654 C1 br.org.carameloCode.erp.crm.paginas.crmAtendimento.PgProspecto.executarAcaoSelecionada()V (5 bytes) @ 0x00007f21198fb5ac [0x00007f21198fb420+0x18c]
j  com.super_bits.modulosSB.webPaginas.JSFManagedBeans.formularios.B_Pagina.executaAcaoSelecionadaPorEnum(Lcom/super_bits/modulosSB/SBCore/modulos/fabrica/ComoFabricaAcoes;)V+15
j  br.org.carameloCode.erp.crm.paginas.crmAtendimento.PgProspecto.executarAcao(Lbr/org/carameloCode/erp/modulo/crm/entidadesJPA/prospecto/Pessoa;)V+59
J 17654 C1 br.org.carameloCode.erp.crm.paginas.crmAtendimento.PgProspecto.executarAcaoSelecionada()V (5 bytes) @ 0x00007f21198fb5ac [0x00007f21198fb420+0x18c]
j  com.super_bits.modulosSB.webPaginas.JSFManagedBeans.formularios.B_Pagina.executaAcaoSelecionadaPorEnum(Lcom/super_bits/modulosSB/SBCore/modulos/fabrica/ComoFabricaAcoes;)V+15
j  br.org.carameloCode.erp.crm.paginas.crmAtendimento.PgProspecto.executarAcao(Lbr/org/carameloCode/erp/modulo/crm/entidadesJPA/prospecto/Pessoa;)V+59
J 17654 C1 br.org.carameloCode.erp.crm.paginas.crmAtendimento.PgProspecto.executarAcaoSelecionada()V (5 bytes) @ 0x00007f21198fb5ac [0x00007f21198fb420+0x18c]
j  com.super_bits.modulosSB.webPaginas.JSFManagedBeans.formularios.B_Pagina.executaAcaoSelecionadaPorEnum(Lcom/super_bits/modulosSB/SBCore/modulos/fabrica/ComoFabricaAcoes;)V+15
j  br.org.carameloCode.erp.crm.paginas.crmAtendimento.PgProspecto.executarAcao(Lbr/org/carameloCode/erp/modulo/crm/entidadesJPA/prospecto/Pessoa;)V+59
J 17654 C1 br.org.carameloCode.erp.crm.paginas.crmAtendimento.PgProspecto.executarAcaoSelecionada()V (5 bytes) @ 0x00007f21198fb5ac [0x00007f21198fb420+0x18c]
j  com.super_bits.modulosSB.webPaginas.JSFManagedBeans.formularios.B_Pagina.executaAcaoSelecionadaPorEnum(Lcom/super_bits/modulosSB/SBCore/modulos/fabrica/ComoFabricaAcoes;)V+15
j  br.org.carameloCode.erp.crm.paginas.crmAtendimento.PgProspecto.executarAcao(Lbr/org/carameloCode/erp/modulo/crm/entidadesJPA/prospecto/Pessoa;)V+59
J 17654 C1 br.org.carameloCode.erp.crm.paginas.crmAtendimento.PgProspecto.executarAcaoSelecionada()V (5 bytes) @ 0x00007f21198fb5ac [0x00007f21198fb420+0x18c]
j  com.super_bits.modulosSB.webPaginas.JSFManagedBeans.formularios.B_Pagina.executaAcaoSelecionadaPorEnum(Lcom/super_bits/modulosSB/SBCore/modulos/fabrica/ComoFabricaAcoes;)V+15
j  br.org.carameloCode.erp.crm.paginas.crmAtendimento.PgProspecto.executarAcao(Lbr/org/carameloCode/erp/modulo/crm/entidadesJPA/prospecto/Pessoa;)V+59
J 17654 C1 br.org.carameloCode.erp.crm.paginas.crmAtendimento.PgProspecto.executarAcaoSelecionada()V (5 bytes) @ 0x00007f21198fb5ac [0x00007f21198fb420+0x18c]
j  com.super_bits.modulosSB.webPaginas.JSFManagedBeans.formularios.B_Pagina.executaAcaoSelecionadaPorEnum(Lcom/super_bits/modulosSB/SBCore/modulos/fabrica/ComoFabricaAcoes;)V+15
j  br.org.carameloCode.erp.crm.paginas.crmAtendimento.PgProspecto.executarAcao(Lbr/org/carameloCode/erp/modulo/crm/entidadesJPA/prospecto/Pessoa;)V+59
J 17654 C1 br.org.carameloCode.erp.crm.paginas.crmAtendimento.PgProspecto.executarAcaoSelecionada()V (5 bytes) @ 0x00007f21198fb5ac [0x00007f21198fb420+0x18c]
j  com.super_bits.modulosSB.webPaginas.JSFManagedBeans.formularios.B_Pagina.executaAcaoSelecionadaPorEnum(Lcom/super_bits/modulosSB/SBCore/modulos/fabrica/ComoFabricaAcoes;)V+15
j  br.org.carameloCode.erp.crm.paginas.crmAtendimento.PgProspecto.executarAcao(Lbr/org/carameloCode/erp/modulo/crm/entidadesJPA/prospecto/Pessoa;)V+59
J 17654 C1 br.org.carameloCode.erp.crm.paginas.crmAtendimento.PgProspecto.executarAcaoSelecionada()V (5 bytes) @ 0x00007f21198fb5ac [0x00007f21198fb420+0x18c]
j  com.super_bits.modulosSB.webPaginas.JSFManagedBeans.formularios.B_Pagina.executaAcaoSelecionadaPorEnum(Lcom/super_bits/modulosSB/SBCore/modulos/fabrica/ComoFabricaAcoes;)V+15
j  br.org.carameloCode.erp.crm.paginas.crmAtendimento.PgProspecto.executarAcao(Lbr/org/carameloCode/erp/modulo/crm/entidadesJPA/prospecto/Pessoa;)V+59
J 17654 C1 br.org.carameloCode.erp.crm.paginas.crmAtendimento.PgProspecto.executarAcaoSelecionada()V (5 bytes) @ 0x00007f21198fb5ac [0x00007f21198fb420+0x18c]
j  com.super_bits.modulosSB.webPaginas.JSFManagedBeans.formularios.B_Pagina.executaAcaoSelecionadaPorEnum(Lcom/super_bits/modulosSB/SBCore/modulos/fabrica/ComoFabricaAcoes;)V+15
j  br.org.carameloCode.erp.crm.paginas.crmAtendimento.PgProspecto.executarAcao(Lbr/org/carameloCode/erp/modulo/crm/entidadesJPA/prospecto/Pessoa;)V+59
J 17654 C1 br.org.carameloCode.erp.crm.paginas.crmAtendimento.PgProspecto.executarAcaoSelecionada()V (5 bytes) @ 0x00007f21198fb5ac [0x00007f21198fb420+0x18c]
j  com.super_bits.modulosSB.webPaginas.JSFManagedBeans.formularios.B_Pagina.executaAcaoSelecionadaPorEnum(Lcom/super_bits/modulosSB/SBCore/modulos/fabrica/ComoFabricaAcoes;)V+15
j  br.org.carameloCode.erp.crm.paginas.crmAtendimento.PgProspecto.executarAcao(Lbr/org/carameloCode/erp/modulo/crm/entidadesJPA/prospecto/Pessoa;)V+59
J 17654 C1 br.org.carameloCode.erp.crm.paginas.crmAtendimento.PgProspecto.executarAcaoSelecionada()V (5 bytes) @ 0x00007f21198fb5ac [0x00007f21198fb420+0x18c]
j  com.super_bits.modulosSB.webPaginas.JSFManagedBeans.formularios.B_Pagina.executaAcaoSelecionadaPorEnum(Lcom/super_bits/modulosSB/SBCore/modulos/fabrica/ComoFabricaAcoes;)V+15
j  br.org.carameloCode.erp.crm.paginas.crmAtendimento.PgProspecto.executarAcao(Lbr/org/carameloCode/erp/modulo/crm/entidadesJPA/prospecto/Pessoa;)V+59
J 17654 C1 br.org.carameloCode.erp.crm.paginas.crmAtendimento.PgProspecto.executarAcaoSelecionada()V (5 bytes) @ 0x00007f21198fb5ac [0x00007f21198fb420+0x18c]
j  com.super_bits.modulosSB.webPaginas.JSFManagedBeans.formularios.B_Pagina.executaAcaoSelecionadaPorEnum(Lcom/super_bits/modulosSB/SBCore/modulos/fabrica/ComoFabricaAcoes;)V+15
j  br.org.carameloCode.erp.crm.paginas.crmAtendimento.PgProspecto.executarAcao(Lbr/org/carameloCode/erp/modulo/crm/entidadesJPA/prospecto/Pessoa;)V+59
J 17654 C1 br.org.carameloCode.erp.crm.paginas.crmAtendimento.PgProspecto.executarAcaoSelecionada()V (5 bytes) @ 0x00007f21198fb5ac [0x00007f21198fb420+0x18c]
j  com.super_bits.modulosSB.webPaginas.JSFManagedBeans.formularios.B_Pagina.executaAcaoSelecionadaPorEnum(Lcom/super_bits/modulosSB/SBCore/modulos/fabrica/ComoFabricaAcoes;)V+15
j  br.org.carameloCode.erp.crm.paginas.crmAtendimento.PgProspecto.executarAcao(Lbr/org/carameloCode/erp/modulo/crm/entidadesJPA/prospecto/Pessoa;)V+59
J 17654 C1 br.org.carameloCode.erp.crm.paginas.crmAtendimento.PgProspecto.executarAcaoSelecionada()V (5 bytes) @ 0x00007f21198fb5ac [0x00007f21198fb420+0x18c]
j  com.super_bits.modulosSB.webPaginas.JSFManagedBeans.formularios.B_Pagina.executaAcaoSelecionadaPorEnum(Lcom/super_bits/modulosSB/SBCore/modulos/fabrica/ComoFabricaAcoes;)V+15
j  br.org.carameloCode.erp.crm.paginas.crmAtendimento.PgProspecto.executarAcao(Lbr/org/carameloCode/erp/modulo/crm/entidadesJPA/prospecto/Pessoa;)V+59
J 17654 C1 br.org.carameloCode.erp.crm.paginas.crmAtendimento.PgProspecto.executarAcaoSelecionada()V (5 bytes) @ 0x00007f21198fb5ac [0x00007f21198fb420+0x18c]
j  com.super_bits.modulosSB.webPaginas.JSFManagedBeans.formularios.B_Pagina.executaAcaoSelecionadaPorEnum(Lcom/super_bits/modulosSB/SBCore/modulos/fabrica/ComoFabricaAcoes;)V+15
j  br.org.carameloCode.erp.crm.paginas.crmAtendimento.PgProspecto.executarAcao(Lbr/org/carameloCode/erp/modulo/crm/entidadesJPA/prospecto/Pessoa;)V+59
J 17654 C1 br.org.carameloCode.erp.crm.paginas.crmAtendimento.PgProspecto.executarAcaoSelecionada()V (5 bytes) @ 0x00007f21198fb5ac [0x00007f21198fb420+0x18c]
j  com.super_bits.modulosSB.webPaginas.JSFManagedBeans.formularios.B_Pagina.executaAcaoSelecionadaPorEnum(Lcom/super_bits/modulosSB/SBCore/modulos/fabrica/ComoFabricaAcoes;)V+15
j  br.org.carameloCode.erp.crm.paginas.crmAtendimento.PgProspecto.executarAcao(Lbr/org/carameloCode/erp/modulo/crm/entidadesJPA/prospecto/Pessoa;)V+59
J 17654 C1 br.org.carameloCode.erp.crm.paginas.crmAtendimento.PgProspecto.executarAcaoSelecionada()V (5 bytes) @ 0x00007f21198fb5ac [0x00007f21198fb420+0x18c]
j  com.super_bits.modulosSB.webPaginas.JSFManagedBeans.formularios.B_Pagina.executaAcaoSelecionadaPorEnum(Lcom/super_bits/modulosSB/SBCore/modulos/fabrica/ComoFabricaAcoes;)V+15
j  br.org.carameloCode.erp.crm.paginas.crmAtendimento.PgProspecto.executarAcao(Lbr/org/carameloCode/erp/modulo/crm/entidadesJPA/prospecto/Pessoa;)V+59
J 17654 C1 br.org.carameloCode.erp.crm.paginas.crmAtendimento.PgProspecto.executarAcaoSelecionada()V (5 bytes) @ 0x00007f21198fb5ac [0x00007f21198fb420+0x18c]
j  com.super_bits.modulosSB.webPaginas.JSFManagedBeans.formularios.B_Pagina.executaAcaoSelecionadaPorEnum(Lcom/super_bits/modulosSB/SBCore/modulos/fabrica/ComoFabricaAcoes;)V+15
j  br.org.carameloCode.erp.crm.paginas.crmAtendimento.PgProspecto.executarAcao(Lbr/org/carameloCode/erp/modulo/crm/entidadesJPA/prospecto/Pessoa;)V+59
J 17654 C1 br.org.carameloCode.erp.crm.paginas.crmAtendimento.PgProspecto.executarAcaoSelecionada()V (5 bytes) @ 0x00007f21198fb5ac [0x00007f21198fb420+0x18c]
j  com.super_bits.modulosSB.webPaginas.JSFManagedBeans.formularios.B_Pagina.executaAcaoSelecionadaPorEnum(Lcom/super_bits/modulosSB/SBCore/modulos/fabrica/ComoFabricaAcoes;)V+15
j  br.org.carameloCode.erp.crm.paginas.crmAtendimento.PgProspecto.executarAcao(Lbr/org/carameloCode/erp/modulo/crm/entidadesJPA/prospecto/Pessoa;)V+59
J 17654 C1 br.org.carameloCode.erp.crm.paginas.crmAtendimento.PgProspecto.executarAcaoSelecionada()V (5 bytes) @ 0x00007f21198fb5ac [0x00007f21198fb420+0x18c]
j  com.super_bits.modulosSB.webPaginas.JSFManagedBeans.formularios.B_Pagina.executaAcaoSelecionadaPorEnum(Lcom/super_bits/modulosSB/SBCore/modulos/fabrica/ComoFabricaAcoes;)V+15
j  br.org.carameloCode.erp.crm.paginas.crmAtendimento.PgProspecto.executarAcao(Lbr/org/carameloCode/erp/modulo/crm/entidadesJPA/prospecto/Pessoa;)V+59
J 17654 C1 br.org.carameloCode.erp.crm.paginas.crmAtendimento.PgProspecto.executarAcaoSelecionada()V (5 bytes) @ 0x00007f21198fb5ac [0x00007f21198fb420+0x18c]
j  com.super_bits.modulosSB.webPaginas.JSFManagedBeans.formularios.B_Pagina.executaAcaoSelecionadaPorEnum(Lcom/super_bits/modulosSB/SBCore/modulos/fabrica/ComoFabricaAcoes;)V+15
j  br.org.carameloCode.erp.crm.paginas.crmAtendimento.PgProspecto.executarAcao(Lbr/org/carameloCode/erp/modulo/crm/entidadesJPA/prospecto/Pessoa;)V+59
J 17654 C1 br.org.carameloCode.erp.crm.paginas.crmAtendimento.PgProspecto.executarAcaoSelecionada()V (5 bytes) @ 0x00007f21198fb5ac [0x00007f21198fb420+0x18c]
j  com.super_bits.modulosSB.webPaginas.JSFManagedBeans.formularios.B_Pagina.executaAcaoSelecionadaPorEnum(Lcom/super_bits/modulosSB/SBCore/modulos/fabrica/ComoFabricaAcoes;)V+15
j  br.org.carameloCode.erp.crm.paginas.crmAtendimento.PgProspecto.executarAcao(Lbr/org/carameloCode/erp/modulo/crm/entidadesJPA/prospecto/Pessoa;)V+59
J 17654 C1 br.org.carameloCode.erp.crm.paginas.crmAtendimento.PgProspecto.executarAcaoSelecionada()V (5 bytes) @ 0x00007f21198fb5ac [0x00007f21198fb420+0x18c]
j  com.super_bits.modulosSB.webPaginas.JSFManagedBeans.formularios.B_Pagina.executaAcaoSelecionadaPorEnum(Lcom/super_bits/modulosSB/SBCore/modulos/fabrica/ComoFabricaAcoes;)V+15
j  br.org.carameloCode.erp.crm.paginas.crmAtendimento.PgProspecto.executarAcao(Lbr/org/carameloCode/erp/modulo/crm/entidadesJPA/prospecto/Pessoa;)V+59
J 17654 C1 br.org.carameloCode.erp.crm.paginas.crmAtendimento.PgProspecto.executarAcaoSelecionada()V (5 bytes) @ 0x00007f21198fb5ac [0x00007f21198fb420+0x18c]
j  com.super_bits.modulosSB.webPaginas.JSFManagedBeans.formularios.B_Pagina.executaAcaoSelecionadaPorEnum(Lcom/super_bits/modulosSB/SBCore/modulos/fabrica/ComoFabricaAcoes;)V+15
j  br.org.carameloCode.erp.crm.paginas.crmAtendimento.PgProspecto.executarAcao(Lbr/org/carameloCode/erp/modulo/crm/entidadesJPA/prospecto/Pessoa;)V+59
J 17654 C1 br.org.carameloCode.erp.crm.paginas.crmAtendimento.PgProspecto.executarAcaoSelecionada()V (5 bytes) @ 0x00007f21198fb5ac [0x00007f21198fb420+0x18c]
j  com.super_bits.modulosSB.webPaginas.JSFManagedBeans.formularios.B_Pagina.executaAcaoSelecionadaPorEnum(Lcom/super_bits/modulosSB/SBCore/modulos/fabrica/ComoFabricaAcoes;)V+15
j  br.org.carameloCode.erp.crm.paginas.crmAtendimento.PgProspecto.executarAcao(Lbr/org/carameloCode/erp/modulo/crm/entidadesJPA/prospecto/Pessoa;)V+59
J 17654 C1 br.org.carameloCode.erp.crm.paginas.crmAtendimento.PgProspecto.executarAcaoSelecionada()V (5 bytes) @ 0x00007f21198fb5ac [0x00007f21198fb420+0x18c]
j  com.super_bits.modulosSB.webPaginas.JSFManagedBeans.formularios.B_Pagina.executaAcaoSelecionadaPorEnum(Lcom/super_bits/modulosSB/SBCore/modulos/fabrica/ComoFabricaAcoes;)V+15
j  br.org.carameloCode.erp.crm.paginas.crmAtendimento.PgProspecto.executarAcao(Lbr/org/carameloCode/erp/modulo/crm/entidadesJPA/prospecto/Pessoa;)V+59
J 17654 C1 br.org.carameloCode.erp.crm.paginas.crmAtendimento.PgProspecto.executarAcaoSelecionada()V (5 bytes) @ 0x00007f21198fb5ac [0x00007f21198fb420+0x18c]
j  com.super_bits.modulosSB.webPaginas.JSFManagedBeans.formularios.B_Pagina.executaAcaoSelecionadaPorEnum(Lcom/super_bits/modulosSB/SBCore/modulos/fabrica/ComoFabricaAcoes;)V+15
j  br.org.carameloCode.erp.crm.paginas.crmAtendimento.PgProspecto.executarAcao(Lbr/org/carameloCode/erp/modulo/crm/entidadesJPA/prospecto/Pessoa;)V+59
J 17654 C1 br.org.carameloCode.erp.crm.paginas.crmAtendimento.PgProspecto.executarAcaoSelecionada()V (5 bytes) @ 0x00007f21198fb5ac [0x00007f21198fb420+0x18c]
j  com.super_bits.modulosSB.webPaginas.JSFManagedBeans.formularios.B_Pagina.executaAcaoSelecionadaPorEnum(Lcom/super_bits/modulosSB/SBCore/modulos/fabrica/ComoFabricaAcoes;)V+15
j  br.org.carameloCode.erp.crm.paginas.crmAtendimento.PgProspecto.executarAcao(Lbr/org/carameloCode/erp/modulo/crm/entidadesJPA/prospecto/Pessoa;)V+59
J 17654 C1 br.org.carameloCode.erp.crm.paginas.crmAtendimento.PgProspecto.executarAcaoSelecionada()V (5 bytes) @ 0x00007f21198fb5ac [0x00007f21198fb420+0x18c]
j  com.super_bits.modulosSB.webPaginas.JSFManagedBeans.formularios.B_Pagina.executaAcaoSelecionadaPorEnum(Lcom/super_bits/modulosSB/SBCore/modulos/fabrica/ComoFabricaAcoes;)V+15
j  br.org.carameloCode.erp.crm.paginas.crmAtendimento.PgProspecto.executarAcao(Lbr/org/carameloCode/erp/modulo/crm/entidadesJPA/prospecto/Pessoa;)V+59
J 17654 C1 br.org.carameloCode.erp.crm.paginas.crmAtendimento.PgProspecto.executarAcaoSelecionada()V (5 bytes) @ 0x00007f21198fb5ac [0x00007f21198fb420+0x18c]
j  com.super_bits.modulosSB.webPaginas.JSFManagedBeans.formularios.B_Pagina.executaAcaoSelecionadaPorEnum(Lcom/super_bits/modulosSB/SBCore/modulos/fabrica/ComoFabricaAcoes;)V+15
j  br.org.carameloCode.erp.crm.paginas.crmAtendimento.PgProspecto.executarAcao(Lbr/org/carameloCode/erp/modulo/crm/entidadesJPA/prospecto/Pessoa;)V+59
j  br.org.carameloCode.erp.crm.paginas.crmAtendimento.PgProspecto.executarAcao(Lcom/super_bits/modulosSB/SBCore/modulos/objetos/entidade/basico/ComoEntidadeSimples;)V+5
j  com.super_bits.modulosSB.webPaginas.JSFManagedBeans.formularios.MB_paginaCadastroEntidades.executarAcaoSelecionada()V+5
j  br.org.carameloCode.erp.crm.paginas.crmAtendimento.PgProspecto.executarAcaoSelecionada()V+1
j  com.super_bits.modulosSB.webPaginas.JSFManagedBeans.formularios.B_Pagina.executaAcaoSelecionadaPorEnum(Lcom/super_bits/modulosSB/SBCore/modulos/fabrica/ComoFabricaAcoes;)V+15
j  br.org.carameloCode.erp.crm.paginas.crmAtendimento.PgProspecto.executarAcao(Lbr/org/carameloCode/erp/modulo/crm/entidadesJPA/prospecto/Pessoa;)V+59
j  br.org.carameloCode.erp.crm.paginas.crmAtendimento.PgProspecto.executarAcao(Lcom/super_bits/modulosSB/SBCore/modulos/objetos/entidade/basico/ComoEntidadeSimples;)V+5
j  com.super_bits.modulosSB.webPaginas.JSFManagedBeans.formularios.MB_paginaCadastroEntidades.executarAcaoSelecionada()V+5
j  br.org.carameloCode.erp.crm.paginas.crmAtendimento.PgProspecto.executarAcaoSelecionada()V+1
j  com.super_bits.modulosSB.webPaginas.JSFManagedBeans.formularios.B_Pagina.executaAcaoSelecionadaPorEnum(Lcom/super_bits/modulosSB/SBCore/modulos/fabrica/ComoFabricaAcoes;)V+15
j  br.org.carameloCode.erp.crm.paginas.crmAtendimento.PgProspecto.executarAcao(Lbr/org/carameloCode/erp/modulo/crm/entidadesJPA/prospecto/Pessoa;)V+59
j  br.org.carameloCode.erp.crm.paginas.crmAtendimento.PgProspecto.executarAcao(Lcom/super_bits/modulosSB/SBCore/modulos/objetos/entidade/basico/ComoEntidadeSimples;)V+5
j  com.super_bits.modulosSB.webPaginas.JSFManagedBeans.formularios.MB_paginaCadastroEntidades.executarAcaoSelecionada()V+5
j  br.org.carameloCode.erp.crm.paginas.crmAtendimento.PgProspecto.executarAcaoSelecionada()V+1
j  com.super_bits.modulosSB.webPaginas.JSFManagedBeans.formularios.B_Pagina.executaAcaoSelecionadaPorEnum(Lcom/super_bits/modulosSB/SBCore/modulos/fabrica/ComoFabricaAcoes;)V+15
j  br.org.carameloCode.erp.crm.paginas.crmAtendimento.PgProspecto.executarAcao(Lbr/org/carameloCode/erp/modulo/crm/entidadesJPA/prospecto/Pessoa;)V+59
j  br.org.carameloCode.erp.crm.paginas.crmAtendimento.PgProspecto.executarAcao(Lcom/super_bits/modulosSB/SBCore/modulos/objetos/entidade/basico/ComoEntidadeSimples;)V+5
j  com.super_bits.modulosSB.webPaginas.JSFManagedBeans.formularios.MB_paginaCadastroEntidades.executarAcaoSelecionada()V+5
j  br.org.carameloCode.erp.crm.paginas.crmAtendimento.PgProspecto.executarAcaoSelecionada()V+1
j  com.super_bits.modulosSB.webPaginas.JSFManagedBeans.formularios.B_Pagina.executaAcaoSelecionadaPorEnum(Lcom/super_bits/modulosSB/SBCore/modulos/fabrica/ComoFabricaAcoes;)V+15
j  br.org.carameloCode.erp.crm.paginas.crmAtendimento.PgProspecto.executarAcao(Lbr/org/carameloCode/erp/modulo/crm/entidadesJPA/prospecto/Pessoa;)V+59
j  br.org.carameloCode.erp.crm.paginas.crmAtendimento.PgProspecto.executarAcao(Lcom/super_bits/modulosSB/SBCore/modulos/objetos/entidade/basico/ComoEntidadeSimples;)V+5
j  com.super_bits.modulosSB.webPaginas.JSFManagedBeans.formularios.MB_paginaCadastroEntidades.executarAcaoSelecionada()V+5
j  br.org.carameloCode.erp.crm.paginas.crmAtendimento.PgProspecto.executarAcaoSelecionada()V+1
j  com.super_bits.modulosSB.webPaginas.JSFManagedBeans.formularios.B_Pagina.executaAcaoSelecionadaPorEnum(Lcom/super_bits/modulosSB/SBCore/modulos/fabrica/ComoFabricaAcoes;)V+15
j  br.org.carameloCode.erp.crm.paginas.crmAtendimento.PgProspecto.executarAcao(Lbr/org/carameloCode/erp/modulo/crm/entidadesJPA/prospecto/Pessoa;)V+59
j  br.org.carameloCode.erp.crm.paginas.crmAtendimento.PgProspecto.executarAcao(Lcom/super_bits/modulosSB/SBCore/modulos/objetos/entidade/basico/ComoEntidadeSimples;)V+5
j  com.super_bits.modulosSB.webPaginas.JSFManagedBeans.formularios.MB_paginaCadastroEntidades.executarAcaoSelecionada()V+5
j  br.org.carameloCode.erp.crm.paginas.crmAtendimento.PgProspecto.executarAcaoSelecionada()V+1
j  com.super_bits.modulosSB.webPaginas.JSFManagedBeans.formularios.B_Pagina.executaAcaoSelecionadaPorEnum(Lcom/super_bits/modulosSB/SBCore/modulos/fabrica/ComoFabricaAcoes;)V+15
j  br.org.carameloCode.erp.crm.paginas.crmAtendimento.PgProspecto.executarAcao(Lbr/org/carameloCode/erp/modulo/crm/entidadesJPA/prospecto/Pessoa;)V+59
j  br.org.carameloCode.erp.crm.paginas.crmAtendimento.PgProspecto.executarAcao(Lcom/super_bits/modulosSB/SBCore/modulos/objetos/entidade/basico/ComoEntidadeSimples;)V+5
j  com.super_bits.modulosSB.webPaginas.JSFManagedBeans.formularios.MB_paginaCadastroEntidades.executarAcaoSelecionada()V+5
j  br.org.carameloCode.erp.crm.paginas.crmAtendimento.PgProspecto.executarAcaoSelecionada()V+1
j  com.super_bits.modulosSB.webPaginas.JSFManagedBeans.formularios.B_Pagina.executaAcaoSelecionadaPorEnum(Lcom/super_bits/modulosSB/SBCore/modulos/fabrica/ComoFabricaAcoes;)V+15
j  br.org.carameloCode.erp.crm.paginas.crmAtendimento.PgProspecto.executarAcao(Lbr/org/carameloCode/erp/modulo/crm/entidadesJPA/prospecto/Pessoa;)V+59
j  br.org.carameloCode.erp.crm.paginas.crmAtendimento.PgProspecto.executarAcao(Lcom/super_bits/modulosSB/SBCore/modulos/objetos/entidade/basico/ComoEntidadeSimples;)V+5
j  com.super_bits.modulosSB.webPaginas.JSFManagedBeans.formularios.MB_paginaCadastroEntidades.executarAcaoSelecionada()V+5
j  br.org.carameloCode.erp.crm.paginas.crmAtendimento.PgProspecto.executarAcaoSelecionada()V+1
j  com.super_bits.modulosSB.webPaginas.JSFManagedBeans.formularios.B_Pagina.executaAcaoSelecionadaPorEnum(Lcom/super_bits/modulosSB/SBCore/modulos/fabrica/ComoFabricaAcoes;)V+15
j  br.org.carameloCode.erp.crm.paginas.crmAtendimento.PgProspecto.executarAcao(Lbr/org/carameloCode/erp/modulo/crm/entidadesJPA/prospecto/Pessoa;)V+59
j  br.org.carameloCode.erp.crm.paginas.crmAtendimento.PgProspecto.executarAcao(Lcom/super_bits/modulosSB/SBCore/modulos/objetos/entidade/basico/ComoEntidadeSimples;)V+5
j  com.super_bits.modulosSB.webPaginas.JSFManagedBeans.formularios.MB_paginaCadastroEntidades.executarAcaoSelecionada()V+5
j  br.org.carameloCode.erp.crm.paginas.crmAtendimento.PgProspecto.executarAcaoSelecionada()V+1
j  com.super_bits.modulosSB.webPaginas.JSFManagedBeans.formularios.B_Pagina.executaAcaoSelecionadaPorEnum(Lcom/super_bits/modulosSB/SBCore/modulos/fabrica/ComoFabricaAcoes;)V+15
j  br.org.carameloCode.erp.crm.paginas.crmAtendimento.PgProspecto.executarAcao(Lbr/org/carameloCode/erp/modulo/crm/entidadesJPA/prospecto/Pessoa;)V+59
j  br.org.carameloCode.erp.crm.paginas.crmAtendimento.PgProspecto.executarAcao(Lcom/super_bits/modulosSB/SBCore/modulos/objetos/entidade/basico/ComoEntidadeSimples;)V+5
j  com.super_bits.modulosSB.webPaginas.JSFManagedBeans.formularios.MB_paginaCadastroEntidades.executarAcaoSelecionada()V+5
j  br.org.carameloCode.erp.crm.paginas.crmAtendimento.PgProspecto.executarAcaoSelecionada()V+1
j  com.super_bits.modulosSB.webPaginas.JSFManagedBeans.formularios.B_Pagina.executaAcaoSelecionadaPorEnum(Lcom/super_bits/modulosSB/SBCore/modulos/fabrica/ComoFabricaAcoes;)V+15
j  br.org.carameloCode.erp.crm.paginas.crmAtendimento.PgProspecto.executarAcao(Lbr/org/carameloCode/erp/modulo/crm/entidadesJPA/prospecto/Pessoa;)V+59
j  br.org.carameloCode.erp.crm.paginas.crmAtendimento.PgProspecto.executarAcao(Lcom/super_bits/modulosSB/SBCore/modulos/objetos/entidade/basico/ComoEntidadeSimples;)V+5
j  com.super_bits.modulosSB.webPaginas.JSFManagedBeans.formularios.MB_paginaCadastroEntidades.executarAcaoSelecionada()V+5
j  br.org.carameloCode.erp.crm.paginas.crmAtendimento.PgProspecto.executarAcaoSelecionada()V+1
j  com.super_bits.modulosSB.webPaginas.JSFManagedBeans.formularios.B_Pagina.executaAcaoSelecionadaPorEnum(Lcom/super_bits/modulosSB/SBCore/modulos/fabrica/ComoFabricaAcoes;)V+15
j  br.org.carameloCode.erp.crm.paginas.crmAtendimento.PgProspecto.executarAcao(Lbr/org/carameloCode/erp/modulo/crm/entidadesJPA/prospecto/Pessoa;)V+59
j  br.org.carameloCode.erp.crm.paginas.crmAtendimento.PgProspecto.executarAcao(Lcom/super_bits/modulosSB/SBCore/modulos/objetos/entidade/basico/ComoEntidadeSimples;)V+5
j  com.super_bits.modulosSB.webPaginas.JSFManagedBeans.formularios.MB_paginaCadastroEntidades.executarAcaoSelecionada()V+5
j  br.org.carameloCode.erp.crm.paginas.crmAtendimento.PgProspecto.executarAcaoSelecionada()V+1
j  com.super_bits.modulosSB.webPaginas.JSFManagedBeans.formularios.B_Pagina.executaAcaoSelecionadaPorEnum(Lcom/super_bits/modulosSB/SBCore/modulos/fabrica/ComoFabricaAcoes;)V+15
j  br.org.carameloCode.erp.crm.paginas.crmAtendimento.PgProspecto.executarAcao(Lbr/org/carameloCode/erp/modulo/crm/entidadesJPA/prospecto/Pessoa;)V+59
j  br.org.carameloCode.erp.crm.paginas.crmAtendimento.PgProspecto.executarAcao(Lcom/super_bits/modulosSB/SBCore/modulos/objetos/entidade/basico/ComoEntidadeSimples;)V+5
j  com.super_bits.modulosSB.webPaginas.JSFManagedBeans.formularios.MB_paginaCadastroEntidades.executarAcaoSelecionada()V+5
j  br.org.carameloCode.erp.crm.paginas.crmAtendimento.PgProspecto.executarAcaoSelecionada()V+1
j  com.super_bits.modulosSB.webPaginas.JSFManagedBeans.formularios.B_Pagina.executaAcaoSelecionadaPorEnum(Lcom/super_bits/modulosSB/SBCore/modulos/fabrica/ComoFabricaAcoes;)V+15
j  br.org.carameloCode.erp.crm.paginas.crmAtendimento.PgProspecto.executarAcao(Lbr/org/carameloCode/erp/modulo/crm/entidadesJPA/prospecto/Pessoa;)V+59
j  br.org.carameloCode.erp.crm.paginas.crmAtendimento.PgProspecto.executarAcao(Lcom/super_bits/modulosSB/SBCore/modulos/objetos/entidade/basico/ComoEntidadeSimples;)V+5
j  com.super_bits.modulosSB.webPaginas.JSFManagedBeans.formularios.MB_paginaCadastroEntidades.executarAcaoSelecionada()V+5
j  br.org.carameloCode.erp.crm.paginas.crmAtendimento.PgProspecto.executarAcaoSelecionada()V+1
j  com.super_bits.modulosSB.webPaginas.JSFManagedBeans.formularios.B_Pagina.executaAcaoSelecionadaPorEnum(Lcom/super_bits/modulosSB/SBCore/modulos/fabrica/ComoFabricaAcoes;)V+15
j  br.org.carameloCode.erp.crm.paginas.crmAtendimento.PgProspecto.executarAcao(Lbr/org/carameloCode/erp/modulo/crm/entidadesJPA/prospecto/Pessoa;)V+59
j  br.org.carameloCode.erp.crm.paginas.crmAtendimento.PgProspecto.executarAcao(Lcom/super_bits/modulosSB/SBCore/modulos/objetos/entidade/basico/ComoEntidadeSimples;)V+5
j  com.super_bits.modulosSB.webPaginas.JSFManagedBeans.formularios.MB_paginaCadastroEntidades.executarAcaoSelecionada()V+5
j  br.org.carameloCode.erp.crm.paginas.crmAtendimento.PgProspecto.executarAcaoSelecionada()V+1
j  com.super_bits.modulosSB.webPaginas.JSFManagedBeans.formularios.B_Pagina.executaAcaoSelecionadaPorEnum(Lcom/super_bits/modulosSB/SBCore/modulos/fabrica/ComoFabricaAcoes;)V+15
j  br.org.carameloCode.erp.crm.paginas.crmAtendimento.PgProspecto.executarAcao(Lbr/org/carameloCode/erp/modulo/crm/entidadesJPA/prospecto/Pessoa;)V+59
j  br.org.carameloCode.erp.crm.paginas.crmAtendimento.PgProspecto.executarAcao(Lcom/super_bits/modulosSB/SBCore/modulos/objetos/entidade/basico/ComoEntidadeSimples;)V+5
j  com.super_bits.modulosSB.webPaginas.JSFManagedBeans.formularios.MB_paginaCadastroEntidades.executarAcaoSelecionada()V+5
j  br.org.carameloCode.erp.crm.paginas.crmAtendimento.PgProspecto.executarAcaoSelecionada()V+1
j  com.super_bits.modulosSB.webPaginas.JSFManagedBeans.formularios.B_Pagina.executaAcaoSelecionadaPorEnum(Lcom/super_bits/modulosSB/SBCore/modulos/fabrica/ComoFabricaAcoes;)V+15
j  br.org.carameloCode.erp.crm.paginas.crmAtendimento.PgProspecto.executarAcao(Lbr/org/carameloCode/erp/modulo/crm/entidadesJPA/prospecto/Pessoa;)V+59
j  br.org.carameloCode.erp.crm.paginas.crmAtendimento.PgProspecto.executarAcao(Lcom/super_bits/modulosSB/SBCore/modulos/objetos/entidade/basico/ComoEntidadeSimples;)V+5
j  com.super_bits.modulosSB.webPaginas.JSFManagedBeans.formularios.MB_paginaCadastroEntidades.executarAcaoSelecionada()V+5
j  br.org.carameloCode.erp.crm.paginas.crmAtendimento.PgProspecto.executarAcaoSelecionada()V+1
j  com.super_bits.modulosSB.webPaginas.JSFManagedBeans.formularios.B_Pagina.executaAcaoSelecionadaPorEnum(Lcom/super_bits/modulosSB/SBCore/modulos/fabrica/ComoFabricaAcoes;)V+15
j  br.org.carameloCode.erp.crm.paginas.crmAtendimento.PgProspecto.executarAcao(Lbr/org/carameloCode/erp/modulo/crm/entidadesJPA/prospecto/Pessoa;)V+59
j  br.org.carameloCode.erp.crm.paginas.crmAtendimento.PgProspecto.executarAcao(Lcom/super_bits/modulosSB/SBCore/modulos/objetos/entidade/basico/ComoEntidadeSimples;)V+5
j  com.super_bits.modulosSB.webPaginas.JSFManagedBeans.formularios.MB_paginaCadastroEntidades.executarAcaoSelecionada()V+5
j  br.org.carameloCode.erp.crm.paginas.crmAtendimento.PgProspecto.executarAcaoSelecionada()V+1
j  com.super_bits.modulosSB.webPaginas.JSFManagedBeans.formularios.B_Pagina.executaAcaoSelecionadaPorEnum(Lcom/super_bits/modulosSB/SBCore/modulos/fabrica/ComoFabricaAcoes;)V+15
j  br.org.carameloCode.erp.crm.paginas.crmAtendimento.PgProspecto.executarAcao(Lbr/org/carameloCode/erp/modulo/crm/entidadesJPA/prospecto/Pessoa;)V+59
j  br.org.carameloCode.erp.crm.paginas.crmAtendimento.PgProspecto.executarAcao(Lcom/super_bits/modulosSB/SBCore/modulos/objetos/entidade/basico/ComoEntidadeSimples;)V+5
j  com.super_bits.modulosSB.webPaginas.JSFManagedBeans.formularios.MB_paginaCadastroEntidades.executarAcaoSelecionada()V+5
j  br.org.carameloCode.erp.crm.paginas.crmAtendimento.PgProspecto.executarAcaoSelecionada()V+1
j  com.super_bits.modulosSB.webPaginas.JSFManagedBeans.formularios.B_Pagina.executaAcaoSelecionadaPorEnum(Lcom/super_bits/modulosSB/SBCore/modulos/fabrica/ComoFabricaAcoes;)V+15
j  br.org.carameloCode.erp.crm.paginas.crmAtendimento.PgProspecto.executarAcao(Lbr/org/carameloCode/erp/modulo/crm/entidadesJPA/prospecto/Pessoa;)V+59
j  br.org.carameloCode.erp.crm.paginas.crmAtendimento.PgProspecto.executarAcao(Lcom/super_bits/modulosSB/SBCore/modulos/objetos/entidade/basico/ComoEntidadeSimples;)V+5
j  com.super_bits.modulosSB.webPaginas.JSFManagedBeans.formularios.MB_paginaCadastroEntidades.executarAcaoSelecionada()V+5
j  br.org.carameloCode.erp.crm.paginas.crmAtendimento.PgProspecto.executarAcaoSelecionada()V+1
j  com.super_bits.modulosSB.webPaginas.JSFManagedBeans.formularios.B_Pagina.executaAcaoSelecionadaPorEnum(Lcom/super_bits/modulosSB/SBCore/modulos/fabrica/ComoFabricaAcoes;)V+15
j  br.org.carameloCode.erp.crm.paginas.crmAtendimento.PgProspecto.executarAcao(Lbr/org/carameloCode/erp/modulo/crm/entidadesJPA/prospecto/Pessoa;)V+59
j  br.org.carameloCode.erp.crm.paginas.crmAtendimento.PgProspecto.executarAcao(Lcom/super_bits/modulosSB/SBCore/modulos/objetos/entidade/basico/ComoEntidadeSimples;)V+5
j  com.super_bits.modulosSB.webPaginas.JSFManagedBeans.formularios.MB_paginaCadastroEntidades.executarAcaoSelecionada()V+5
j  br.org.carameloCode.erp.crm.paginas.crmAtendimento.PgProspecto.executarAcaoSelecionada()V+1
j  com.super_bits.modulosSB.webPaginas.JSFManagedBeans.formularios.B_Pagina.executaAcaoSelecionadaPorEnum(Lcom/super_bits/modulosSB/SBCore/modulos/fabrica/ComoFabricaAcoes;)V+15
j  br.org.carameloCode.erp.crm.paginas.crmAtendimento.PgProspecto.executarAcao(Lbr/org/carameloCode/erp/modulo/crm/entidadesJPA/prospecto/Pessoa;)V+59
j  br.org.carameloCode.erp.crm.paginas.crmAtendimento.PgProspecto.executarAcao(Lcom/super_bits/modulosSB/SBCore/modulos/objetos/entidade/basico/ComoEntidadeSimples;)V+5
j  com.super_bits.modulosSB.webPaginas.JSFManagedBeans.formularios.MB_paginaCadastroEntidades.executarAcaoSelecionada()V+5
j  br.org.carameloCode.erp.crm.paginas.crmAtendimento.PgProspecto.executarAcaoSelecionada()V+1
j  com.super_bits.modulosSB.webPaginas.JSFManagedBeans.formularios.B_Pagina.executaAcaoSelecionadaPorEnum(Lcom/super_bits/modulosSB/SBCore/modulos/fabrica/ComoFabricaAcoes;)V+15
j  br.org.carameloCode.erp.crm.paginas.crmAtendimento.PgProspecto.executarAcao(Lbr/org/carameloCode/erp/modulo/crm/entidadesJPA/prospecto/Pessoa;)V+59
j  br.org.carameloCode.erp.crm.paginas.crmAtendimento.PgProspecto.executarAcao(Lcom/super_bits/modulosSB/SBCore/modulos/objetos/entidade/basico/ComoEntidadeSimples;)V+5
j  com.super_bits.modulosSB.webPaginas.JSFManagedBeans.formularios.MB_paginaCadastroEntidades.executarAcaoSelecionada()V+5
j  br.org.carameloCode.erp.crm.paginas.crmAtendimento.PgProspecto.executarAcaoSelecionada()V+1
j  com.super_bits.modulosSB.webPaginas.JSFManagedBeans.formularios.B_Pagina.executaAcaoSelecionadaPorEnum(Lcom/super_bits/modulosSB/SBCore/modulos/fabrica/ComoFabricaAcoes;)V+15
j  br.org.carameloCode.erp.crm.paginas.crmAtendimento.PgProspecto.executarAcao(Lbr/org/carameloCode/erp/modulo/crm/entidadesJPA/prospecto/Pessoa;)V+59
j  br.org.carameloCode.erp.crm.paginas.crmAtendimento.PgProspecto.executarAcao(Lcom/super_bits/modulosSB/SBCore/modulos/objetos/entidade/basico/ComoEntidadeSimples;)V+5
j  com.super_bits.modulosSB.webPaginas.JSFManagedBeans.formularios.MB_paginaCadastroEntidades.executarAcaoSelecionada()V+5
j  br.org.carameloCode.erp.crm.paginas.crmAtendimento.PgProspecto.executarAcaoSelecionada()V+1
j  com.super_bits.modulosSB.webPaginas.JSFManagedBeans.formularios.B_Pagina.executaAcaoSelecionadaPorEnum(Lcom/super_bits/modulosSB/SBCore/modulos/fabrica/ComoFabricaAcoes;)V+15
j  br.org.carameloCode.erp.crm.paginas.crmAtendimento.PgProspecto.executarAcao(Lbr/org/carameloCode/erp/modulo/crm/entidadesJPA/prospecto/Pessoa;)V+59
j  br.org.carameloCode.erp.crm.paginas.crmAtendimento.PgProspecto.executarAcao(Lcom/super_bits/modulosSB/SBCore/modulos/objetos/entidade/basico/ComoEntidadeSimples;)V+5
j  com.super_bits.modulosSB.webPaginas.JSFManagedBeans.formularios.MB_paginaCadastroEntidades.executarAcaoSelecionada()V+5
j  br.org.carameloCode.erp.crm.paginas.crmAtendimento.PgProspecto.executarAcaoSelecionada()V+1
j  com.super_bits.modulosSB.webPaginas.JSFManagedBeans.formularios.B_Pagina.executaAcaoSelecionadaPorEnum(Lcom/super_bits/modulosSB/SBCore/modulos/fabrica/ComoFabricaAcoes;)V+15
j  br.org.carameloCode.erp.crm.paginas.crmAtendimento.PgProspecto.executarAcao(Lbr/org/carameloCode/erp/modulo/crm/entidadesJPA/prospecto/Pessoa;)V+59
j  br.org.carameloCode.erp.crm.paginas.crmAtendimento.PgProspecto.executarAcao(Lcom/super_bits/modulosSB/SBCore/modulos/objetos/entidade/basico/ComoEntidadeSimples;)V+5
j  com.super_bits.modulosSB.webPaginas.JSFManagedBeans.formularios.MB_paginaCadastroEntidades.executarAcaoSelecionada()V+5
j  br.org.carameloCode.erp.crm.paginas.crmAtendimento.PgProspecto.executarAcaoSelecionada()V+1
j  com.super_bits.modulosSB.webPaginas.JSFManagedBeans.formularios.B_Pagina.executaAcaoSelecionadaPorEnum(Lcom/super_bits/modulosSB/SBCore/modulos/fabrica/ComoFabricaAcoes;)V+15
j  br.org.carameloCode.erp.crm.paginas.crmAtendimento.PgProspecto.executarAcao(Lbr/org/carameloCode/erp/modulo/crm/entidadesJPA/prospecto/Pessoa;)V+59
j  br.org.carameloCode.erp.crm.paginas.crmAtendimento.PgProspecto.executarAcao(Lcom/super_bits/modulosSB/SBCore/modulos/objetos/entidade/basico/ComoEntidadeSimples;)V+5
j  com.super_bits.modulosSB.webPaginas.JSFManagedBeans.formularios.MB_paginaCadastroEntidades.executarAcaoSelecionada()V+5
j  br.org.carameloCode.erp.crm.paginas.crmAtendimento.PgProspecto.executarAcaoSelecionada()V+1
j  com.super_bits.modulosSB.webPaginas.JSFManagedBeans.formularios.B_Pagina.executaAcaoSelecionadaPorEnum(Lcom/super_bits/modulosSB/SBCore/modulos/fabrica/ComoFabricaAcoes;)V+15
j  br.org.carameloCode.erp.crm.paginas.crmAtendimento.PgProspecto.executarAcao(Lbr/org/carameloCode/erp/modulo/crm/entidadesJPA/prospecto/Pessoa;)V+59
j  br.org.carameloCode.erp.crm.paginas.crmAtendimento.PgProspecto.executarAcao(Lcom/super_bits/modulosSB/SBCore/modulos/objetos/entidade/basico/ComoEntidadeSimples;)V+5
j  com.super_bits.modulosSB.webPaginas.JSFManagedBeans.formularios.MB_paginaCadastroEntidades.executarAcaoSelecionada()V+5
j  br.org.carameloCode.erp.crm.paginas.crmAtendimento.PgProspecto.executarAcaoSelecionada()V+1
j  com.super_bits.modulosSB.webPaginas.JSFManagedBeans.formularios.B_Pagina.executaAcaoSelecionadaPorEnum(Lcom/super_bits/modulosSB/SBCore/modulos/fabrica/ComoFabricaAcoes;)V+15
j  br.org.carameloCode.erp.crm.paginas.crmAtendimento.PgProspecto.executarAcao(Lbr/org/carameloCode/erp/modulo/crm/entidadesJPA/prospecto/Pessoa;)V+59
j  br.org.carameloCode.erp.crm.paginas.crmAtendimento.PgProspecto.executarAcao(Lcom/super_bits/modulosSB/SBCore/modulos/objetos/entidade/basico/ComoEntidadeSimples;)V+5
j  com.super_bits.modulosSB.webPaginas.JSFManagedBeans.formularios.MB_paginaCadastroEntidades.executarAcaoSelecionada()V+5
j  br.org.carameloCode.erp.crm.paginas.crmAtendimento.PgProspecto.executarAcaoSelecionada()V+1
j  com.super_bits.modulosSB.webPaginas.JSFManagedBeans.formularios.B_Pagina.executaAcaoSelecionadaPorEnum(Lcom/super_bits/modulosSB/SBCore/modulos/fabrica/ComoFabricaAcoes;)V+15
j  br.org.carameloCode.erp.crm.paginas.crmAtendimento.PgProspecto.executarAcao(Lbr/org/carameloCode/erp/modulo/crm/entidadesJPA/prospecto/Pessoa;)V+59
j  br.org.carameloCode.erp.crm.paginas.crmAtendimento.PgProspecto.executarAcao(Lcom/super_bits/modulosSB/SBCore/modulos/objetos/entidade/basico/ComoEntidadeSimples;)V+5
j  com.super_bits.modulosSB.webPaginas.JSFManagedBeans.formularios.MB_paginaCadastroEntidades.executarAcaoSelecionada()V+5
j  br.org.carameloCode.erp.crm.paginas.crmAtendimento.PgProspecto.executarAcaoSelecionada()V+1
j  com.super_bits.modulosSB.webPaginas.JSFManagedBeans.formularios.B_Pagina.executaAcaoSelecionadaPorEnum(Lcom/super_bits/modulosSB/SBCore/modulos/fabrica/ComoFabricaAcoes;)V+15
j  br.org.carameloCode.erp.crm.paginas.crmAtendimento.PgProspecto.executarAcao(Lbr/org/carameloCode/erp/modulo/crm/entidadesJPA/prospecto/Pessoa;)V+59
j  br.org.carameloCode.erp.crm.paginas.crmAtendimento.PgProspecto.executarAcao(Lcom/super_bits/modulosSB/SBCore/modulos/objetos/entidade/basico/ComoEntidadeSimples;)V+5
j  com.super_bits.modulosSB.webPaginas.JSFManagedBeans.formularios.MB_paginaCadastroEntidades.executarAcaoSelecionada()V+5
j  br.org.carameloCode.erp.crm.paginas.crmAtendimento.PgProspecto.executarAcaoSelecionada()V+1
j  com.super_bits.modulosSB.webPaginas.JSFManagedBeans.formularios.B_Pagina.executaAcaoSelecionadaPorEnum(Lcom/super_bits/modulosSB/SBCore/modulos/fabrica/ComoFabricaAcoes;)V+15
j  br.org.carameloCode.erp.crm.paginas.crmAtendimento.PgProspecto.executarAcao(Lbr/org/carameloCode/erp/modulo/crm/entidadesJPA/prospecto/Pessoa;)V+59
j  br.org.carameloCode.erp.crm.paginas.crmAtendimento.PgProspecto.executarAcao(Lcom/super_bits/modulosSB/SBCore/modulos/objetos/entidade/basico/ComoEntidadeSimples;)V+5
j  com.super_bits.modulosSB.webPaginas.JSFManagedBeans.formularios.MB_paginaCadastroEntidades.executarAcaoSelecionada()V+5
j  br.org.carameloCode.erp.crm.paginas.crmAtendimento.PgProspecto.executarAcaoSelecionada()V+1
j  com.super_bits.modulosSB.webPaginas.JSFManagedBeans.formularios.B_Pagina.executaAcaoSelecionadaPorEnum(Lcom/super_bits/modulosSB/SBCore/modulos/fabrica/ComoFabricaAcoes;)V+15
j  br.org.carameloCode.erp.crm.paginas.crmAtendimento.PgProspecto.executarAcao(Lbr/org/carameloCode/erp/modulo/crm/entidadesJPA/prospecto/Pessoa;)V+59
j  br.org.carameloCode.erp.crm.paginas.crmAtendimento.PgProspecto.executarAcao(Lcom/super_bits/modulosSB/SBCore/modulos/objetos/entidade/basico/ComoEntidadeSimples;)V+5
j  com.super_bits.modulosSB.webPaginas.JSFManagedBeans.formularios.MB_paginaCadastroEntidades.executarAcaoSelecionada()V+5
j  br.org.carameloCode.erp.crm.paginas.crmAtendimento.PgProspecto.executarAcaoSelecionada()V+1
j  com.super_bits.modulosSB.webPaginas.JSFManagedBeans.formularios.B_Pagina.executaAcaoSelecionadaPorEnum(Lcom/super_bits/modulosSB/SBCore/modulos/fabrica/ComoFabricaAcoes;)V+15
j  br.org.carameloCode.erp.crm.paginas.crmAtendimento.PgProspecto.executarAcao(Lbr/org/carameloCode/erp/modulo/crm/entidadesJPA/prospecto/Pessoa;)V+59
j  br.org.carameloCode.erp.crm.paginas.crmAtendimento.PgProspecto.executarAcao(Lcom/super_bits/modulosSB/SBCore/modulos/objetos/entidade/basico/ComoEntidadeSimples;)V+5
j  com.super_bits.modulosSB.webPaginas.JSFManagedBeans.formularios.MB_paginaCadastroEntidades.executarAcaoSelecionada()V+5
j  br.org.carameloCode.erp.crm.paginas.crmAtendimento.PgProspecto.executarAcaoSelecionada()V+1
j  com.super_bits.modulosSB.webPaginas.JSFManagedBeans.formularios.B_Pagina.executaAcaoSelecionadaPorEnum(Lcom/super_bits/modulosSB/SBCore/modulos/fabrica/ComoFabricaAcoes;)V+15
j  br.org.carameloCode.erp.crm.paginas.crmAtendimento.PgProspecto.executarAcao(Lbr/org/carameloCode/erp/modulo/crm/entidadesJPA/prospecto/Pessoa;)V+59
j  br.org.carameloCode.erp.crm.paginas.crmAtendimento.PgProspecto.executarAcao(Lcom/super_bits/modulosSB/SBCore/modulos/objetos/entidade/basico/ComoEntidadeSimples;)V+5
j  com.super_bits.modulosSB.webPaginas.JSFManagedBeans.formularios.MB_paginaCadastroEntidades.executarAcaoSelecionada()V+5
j  br.org.carameloCode.erp.crm.paginas.crmAtendimento.PgProspecto.executarAcaoSelecionada()V+1
j  com.super_bits.modulosSB.webPaginas.JSFManagedBeans.formularios.B_Pagina.executaAcaoSelecionadaPorEnum(Lcom/super_bits/modulosSB/SBCore/modulos/fabrica/ComoFabricaAcoes;)V+15
j  br.org.carameloCode.erp.crm.paginas.crmAtendimento.PgProspecto.executarAcao(Lbr/org/carameloCode/erp/modulo/crm/entidadesJPA/prospecto/Pessoa;)V+59
j  br.org.carameloCode.erp.crm.paginas.crmAtendimento.PgProspecto.executarAcao(Lcom/super_bits/modulosSB/SBCore/modulos/objetos/entidade/basico/ComoEntidadeSimples;)V+5
j  com.super_bits.modulosSB.webPaginas.JSFManagedBeans.formularios.MB_paginaCadastroEntidades.executarAcaoSelecionada()V+5
j  br.org.carameloCode.erp.crm.paginas.crmAtendimento.PgProspecto.executarAcaoSelecionada()V+1
j  com.super_bits.modulosSB.webPaginas.JSFManagedBeans.formularios.B_Pagina.executaAcaoSelecionadaPorEnum(Lcom/super_bits/modulosSB/SBCore/modulos/fabrica/ComoFabricaAcoes;)V+15
j  br.org.carameloCode.erp.crm.paginas.crmAtendimento.PgProspecto.executarAcao(Lbr/org/carameloCode/erp/modulo/crm/entidadesJPA/prospecto/Pessoa;)V+59
j  br.org.carameloCode.erp.crm.paginas.crmAtendimento.PgProspecto.executarAcao(Lcom/super_bits/modulosSB/SBCore/modulos/objetos/entidade/basico/ComoEntidadeSimples;)V+5
j  com.super_bits.modulosSB.webPaginas.JSFManagedBeans.formularios.MB_paginaCadastroEntidades.executarAcaoSelecionada()V+5
j  br.org.carameloCode.erp.crm.paginas.crmAtendimento.PgProspecto.executarAcaoSelecionada()V+1
j  com.super_bits.modulosSB.webPaginas.JSFManagedBeans.formularios.B_Pagina.executaAcaoSelecionadaPorEnum(Lcom/super_bits/modulosSB/SBCore/modulos/fabrica/ComoFabricaAcoes;)V+15
j  br.org.carameloCode.erp.crm.paginas.crmAtendimento.PgProspecto.executarAcao(Lbr/org/carameloCode/erp/modulo/crm/entidadesJPA/prospecto/Pessoa;)V+59
j  br.org.carameloCode.erp.crm.paginas.crmAtendimento.PgProspecto.executarAcao(Lcom/super_bits/modulosSB/SBCore/modulos/objetos/entidade/basico/ComoEntidadeSimples;)V+5
j  com.super_bits.modulosSB.webPaginas.JSFManagedBeans.formularios.MB_paginaCadastroEntidades.executarAcaoSelecionada()V+5
j  br.org.carameloCode.erp.crm.paginas.crmAtendimento.PgProspecto.executarAcaoSelecionada()V+1
j  com.super_bits.modulosSB.webPaginas.JSFManagedBeans.formularios.B_Pagina.executaAcaoSelecionadaPorEnum(Lcom/super_bits/modulosSB/SBCore/modulos/fabrica/ComoFabricaAcoes;)V+15
j  br.org.carameloCode.erp.crm.paginas.crmAtendimento.PgProspecto.executarAcao(Lbr/org/carameloCode/erp/modulo/crm/entidadesJPA/prospecto/Pessoa;)V+59
j  br.org.carameloCode.erp.crm.paginas.crmAtendimento.PgProspecto.executarAcao(Lcom/super_bits/modulosSB/SBCore/modulos/objetos/entidade/basico/ComoEntidadeSimples;)V+5
j  com.super_bits.modulosSB.webPaginas.JSFManagedBeans.formularios.MB_paginaCadastroEntidades.executarAcaoSelecionada()V+5
j  br.org.carameloCode.erp.crm.paginas.crmAtendimento.PgProspecto.executarAcaoSelecionada()V+1
j  com.super_bits.modulosSB.webPaginas.JSFManagedBeans.formularios.B_Pagina.executaAcaoSelecionadaPorEnum(Lcom/super_bits/modulosSB/SBCore/modulos/fabrica/ComoFabricaAcoes;)V+15
j  br.org.carameloCode.erp.crm.paginas.crmAtendimento.PgProspecto.executarAcao(Lbr/org/carameloCode/erp/modulo/crm/entidadesJPA/prospecto/Pessoa;)V+59
j  br.org.carameloCode.erp.crm.paginas.crmAtendimento.PgProspecto.executarAcao(Lcom/super_bits/modulosSB/SBCore/modulos/objetos/entidade/basico/ComoEntidadeSimples;)V+5
j  com.super_bits.modulosSB.webPaginas.JSFManagedBeans.formularios.MB_paginaCadastroEntidades.executarAcaoSelecionada()V+5
j  br.org.carameloCode.erp.crm.paginas.crmAtendimento.PgProspecto.executarAcaoSelecionada()V+1
j  com.super_bits.modulosSB.webPaginas.JSFManagedBeans.formularios.B_Pagina.executaAcaoSelecionadaPorEnum(Lcom/super_bits/modulosSB/SBCore/modulos/fabrica/ComoFabricaAcoes;)V+15
j  br.org.carameloCode.erp.crm.paginas.crmAtendimento.PgProspecto.executarAcao(Lbr/org/carameloCode/erp/modulo/crm/entidadesJPA/prospecto/Pessoa;)V+59
j  br.org.carameloCode.erp.crm.paginas.crmAtendimento.PgProspecto.executarAcao(Lcom/super_bits/modulosSB/SBCore/modulos/objetos/entidade/basico/ComoEntidadeSimples;)V+5
j  com.super_bits.modulosSB.webPaginas.JSFManagedBeans.formularios.MB_paginaCadastroEntidades.executarAcaoSelecionada()V+5
j  br.org.carameloCode.erp.crm.paginas.crmAtendimento.PgProspecto.executarAcaoSelecionada()V+1
j  com.super_bits.modulosSB.webPaginas.JSFManagedBeans.formularios.B_Pagina.executaAcaoSelecionadaPorEnum(Lcom/super_bits/modulosSB/SBCore/modulos/fabrica/ComoFabricaAcoes;)V+15
j  br.org.carameloCode.erp.crm.paginas.crmAtendimento.PgProspecto.executarAcao(Lbr/org/carameloCode/erp/modulo/crm/entidadesJPA/prospecto/Pessoa;)V+59
j  br.org.carameloCode.erp.crm.paginas.crmAtendimento.PgProspecto.executarAcao(Lcom/super_bits/modulosSB/SBCore/modulos/objetos/entidade/basico/ComoEntidadeSimples;)V+5
j  com.super_bits.modulosSB.webPaginas.JSFManagedBeans.formularios.MB_paginaCadastroEntidades.executarAcaoSelecionada()V+5
j  br.org.carameloCode.erp.crm.paginas.crmAtendimento.PgProspecto.executarAcaoSelecionada()V+1
j  com.super_bits.modulosSB.webPaginas.JSFManagedBeans.formularios.B_Pagina.executaAcaoSelecionadaPorEnum(Lcom/super_bits/modulosSB/SBCore/modulos/fabrica/ComoFabricaAcoes;)V+15
j  br.org.carameloCode.erp.crm.paginas.crmAtendimento.PgProspecto.executarAcao(Lbr/org/carameloCode/erp/modulo/crm/entidadesJPA/prospecto/Pessoa;)V+59
j  br.org.carameloCode.erp.crm.paginas.crmAtendimento.PgProspecto.executarAcao(Lcom/super_bits/modulosSB/SBCore/modulos/objetos/entidade/basico/ComoEntidadeSimples;)V+5
j  com.super_bits.modulosSB.webPaginas.JSFManagedBeans.formularios.MB_paginaCadastroEntidades.executarAcaoSelecionada()V+5
j  br.org.carameloCode.erp.crm.paginas.crmAtendimento.PgProspecto.executarAcaoSelecionada()V+1
j  com.super_bits.modulosSB.webPaginas.JSFManagedBeans.formularios.B_Pagina.executaAcaoSelecionadaPorEnum(Lcom/super_bits/modulosSB/SBCore/modulos/fabrica/ComoFabricaAcoes;)V+15
j  br.org.carameloCode.erp.crm.paginas.crmAtendimento.PgProspecto.executarAcao(Lbr/org/carameloCode/erp/modulo/crm/entidadesJPA/prospecto/Pessoa;)V+59
j  br.org.carameloCode.erp.crm.paginas.crmAtendimento.PgProspecto.executarAcao(Lcom/super_bits/modulosSB/SBCore/modulos/objetos/entidade/basico/ComoEntidadeSimples;)V+5
j  com.super_bits.modulosSB.webPaginas.JSFManagedBeans.formularios.MB_paginaCadastroEntidades.executarAcaoSelecionada()V+5
j  br.org.carameloCode.erp.crm.paginas.crmAtendimento.PgProspecto.executarAcaoSelecionada()V+1
j  com.super_bits.modulosSB.webPaginas.JSFManagedBeans.formularios.B_Pagina.executaAcaoSelecionadaPorEnum(Lcom/super_bits/modulosSB/SBCore/modulos/fabrica/ComoFabricaAcoes;)V+15
j  br.org.carameloCode.erp.crm.paginas.crmAtendimento.PgProspecto.executarAcao(Lbr/org/carameloCode/erp/modulo/crm/entidadesJPA/prospecto/Pessoa;)V+59
j  br.org.carameloCode.erp.crm.paginas.crmAtendimento.PgProspecto.executarAcao(Lcom/super_bits/modulosSB/SBCore/modulos/objetos/entidade/basico/ComoEntidadeSimples;)V+5
j  com.super_bits.modulosSB.webPaginas.JSFManagedBeans.formularios.MB_paginaCadastroEntidades.executarAcaoSelecionada()V+5
j  br.org.carameloCode.erp.crm.paginas.crmAtendimento.PgProspecto.executarAcaoSelecionada()V+1
j  com.super_bits.modulosSB.webPaginas.JSFManagedBeans.formularios.B_Pagina.executaAcaoSelecionadaPorEnum(Lcom/super_bits/modulosSB/SBCore/modulos/fabrica/ComoFabricaAcoes;)V+15
j  br.org.carameloCode.erp.crm.paginas.crmAtendimento.PgProspecto.executarAcao(Lbr/org/carameloCode/erp/modulo/crm/entidadesJPA/prospecto/Pessoa;)V+59
j  br.org.carameloCode.erp.crm.paginas.crmAtendimento.PgProspecto.executarAcao(Lcom/super_bits/modulosSB/SBCore/modulos/objetos/entidade/basico/ComoEntidadeSimples;)V+5
j  com.super_bits.modulosSB.webPaginas.JSFManagedBeans.formularios.MB_paginaCadastroEntidades.executarAcaoSelecionada()V+5
j  br.org.carameloCode.erp.crm.paginas.crmAtendimento.PgProspecto.executarAcaoSelecionada()V+1
j  com.super_bits.modulosSB.webPaginas.JSFManagedBeans.formularios.B_Pagina.executaAcaoSelecionadaPorEnum(Lcom/super_bits/modulosSB/SBCore/modulos/fabrica/ComoFabricaAcoes;)V+15
j  br.org.carameloCode.erp.crm.paginas.crmAtendimento.PgProspecto.executarAcao(Lbr/org/carameloCode/erp/modulo/crm/entidadesJPA/prospecto/Pessoa;)V+59
j  br.org.carameloCode.erp.crm.paginas.crmAtendimento.PgProspecto.executarAcao(Lcom/super_bits/modulosSB/SBCore/modulos/objetos/entidade/basico/ComoEntidadeSimples;)V+5
j  com.super_bits.modulosSB.webPaginas.JSFManagedBeans.formularios.MB_paginaCadastroEntidades.executarAcaoSelecionada()V+5
j  br.org.carameloCode.erp.crm.paginas.crmAtendimento.PgProspecto.executarAcaoSelecionada()V+1
j  com.super_bits.modulosSB.webPaginas.JSFManagedBeans.formularios.B_Pagina.executaAcaoSelecionadaPorEnum(Lcom/super_bits/modulosSB/SBCore/modulos/fabrica/ComoFabricaAcoes;)V+15
j  br.org.carameloCode.erp.crm.paginas.crmAtendimento.PgProspecto.executarAcao(Lbr/org/carameloCode/erp/modulo/crm/entidadesJPA/prospecto/Pessoa;)V+59
j  br.org.carameloCode.erp.crm.paginas.crmAtendimento.PgProspecto.executarAcao(Lcom/super_bits/modulosSB/SBCore/modulos/objetos/entidade/basico/ComoEntidadeSimples;)V+5
j  com.super_bits.modulosSB.webPaginas.JSFManagedBeans.formularios.MB_paginaCadastroEntidades.executarAcaoSelecionada()V+5
j  br.org.carameloCode.erp.crm.paginas.crmAtendimento.PgProspecto.executarAcaoSelecionada()V+1
j  com.super_bits.modulosSB.webPaginas.JSFManagedBeans.formularios.B_Pagina.executaAcaoSelecionadaPorEnum(Lcom/super_bits/modulosSB/SBCore/modulos/fabrica/ComoFabricaAcoes;)V+15
j  br.org.carameloCode.erp.crm.paginas.crmAtendimento.PgProspecto.executarAcao(Lbr/org/carameloCode/erp/modulo/crm/entidadesJPA/prospecto/Pessoa;)V+59
j  br.org.carameloCode.erp.crm.paginas.crmAtendimento.PgProspecto.executarAcao(Lcom/super_bits/modulosSB/SBCore/modulos/objetos/entidade/basico/ComoEntidadeSimples;)V+5
j  com.super_bits.modulosSB.webPaginas.JSFManagedBeans.formularios.MB_paginaCadastroEntidades.executarAcaoSelecionada()V+5
j  br.org.carameloCode.erp.crm.paginas.crmAtendimento.PgProspecto.executarAcaoSelecionada()V+1
j  com.super_bits.modulosSB.webPaginas.JSFManagedBeans.formularios.B_Pagina.executaAcaoSelecionadaPorEnum(Lcom/super_bits/modulosSB/SBCore/modulos/fabrica/ComoFabricaAcoes;)V+15
j  br.org.carameloCode.erp.crm.paginas.crmAtendimento.PgProspecto.executarAcao(Lbr/org/carameloCode/erp/modulo/crm/entidadesJPA/prospecto/Pessoa;)V+59
j  br.org.carameloCode.erp.crm.paginas.crmAtendimento.PgProspecto.executarAcao(Lcom/super_bits/modulosSB/SBCore/modulos/objetos/entidade/basico/ComoEntidadeSimples;)V+5
j  com.super_bits.modulosSB.webPaginas.JSFManagedBeans.formularios.MB_paginaCadastroEntidades.executarAcaoSelecionada()V+5
j  br.org.carameloCode.erp.crm.paginas.crmAtendimento.PgProspecto.executarAcaoSelecionada()V+1
j  com.super_bits.modulosSB.webPaginas.JSFManagedBeans.formularios.B_Pagina.executaAcaoSelecionadaPorEnum(Lcom/super_bits/modulosSB/SBCore/modulos/fabrica/ComoFabricaAcoes;)V+15
j  br.org.carameloCode.erp.crm.paginas.crmAtendimento.PgProspecto.executarAcao(Lbr/org/carameloCode/erp/modulo/crm/entidadesJPA/prospecto/Pessoa;)V+59
j  br.org.carameloCode.erp.crm.paginas.crmAtendimento.PgProspecto.executarAcao(Lcom/super_bits/modulosSB/SBCore/modulos/objetos/entidade/basico/ComoEntidadeSimples;)V+5
j  com.super_bits.modulosSB.webPaginas.JSFManagedBeans.formularios.MB_paginaCadastroEntidades.executarAcaoSelecionada()V+5
j  br.org.carameloCode.erp.crm.paginas.crmAtendimento.PgProspecto.executarAcaoSelecionada()V+1
j  com.super_bits.modulosSB.webPaginas.JSFManagedBeans.formularios.B_Pagina.executaAcaoSelecionadaPorEnum(Lcom/super_bits/modulosSB/SBCore/modulos/fabrica/ComoFabricaAcoes;)V+15
j  br.org.carameloCode.erp.crm.paginas.crmAtendimento.PgProspecto.executarAcao(Lbr/org/carameloCode/erp/modulo/crm/entidadesJPA/prospecto/Pessoa;)V+59
j  br.org.carameloCode.erp.crm.paginas.crmAtendimento.PgProspecto.executarAcao(Lcom/super_bits/modulosSB/SBCore/modulos/objetos/entidade/basico/ComoEntidadeSimples;)V+5
j  com.super_bits.modulosSB.webPaginas.JSFManagedBeans.formularios.MB_paginaCadastroEntidades.executarAcaoSelecionada()V+5
j  br.org.carameloCode.erp.crm.paginas.crmAtendimento.PgProspecto.executarAcaoSelecionada()V+1
j  com.super_bits.modulosSB.webPaginas.JSFManagedBeans.formularios.B_Pagina.executaAcaoSelecionadaPorEnum(Lcom/super_bits/modulosSB/SBCore/modulos/fabrica/ComoFabricaAcoes;)V+15
j  br.org.carameloCode.erp.crm.paginas.crmAtendimento.PgProspecto.executarAcao(Lbr/org/carameloCode/erp/modulo/crm/entidadesJPA/prospecto/Pessoa;)V+59
j  br.org.carameloCode.erp.crm.paginas.crmAtendimento.PgProspecto.executarAcao(Lcom/super_bits/modulosSB/SBCore/modulos/objetos/entidade/basico/ComoEntidadeSimples;)V+5
j  com.super_bits.modulosSB.webPaginas.JSFManagedBeans.formularios.MB_paginaCadastroEntidades.executarAcaoSelecionada()V+5
j  br.org.carameloCode.erp.crm.paginas.crmAtendimento.PgProspecto.executarAcaoSelecionada()V+1
j  com.super_bits.modulosSB.webPaginas.JSFManagedBeans.formularios.B_Pagina.executaAcaoSelecionadaPorEnum(Lcom/super_bits/modulosSB/SBCore/modulos/fabrica/ComoFabricaAcoes;)V+15
j  br.org.carameloCode.erp.crm.paginas.crmAtendimento.PgProspecto.executarAcao(Lbr/org/carameloCode/erp/modulo/crm/entidadesJPA/prospecto/Pessoa;)V+59
j  br.org.carameloCode.erp.crm.paginas.crmAtendimento.PgProspecto.executarAcao(Lcom/super_bits/modulosSB/SBCore/modulos/objetos/entidade/basico/ComoEntidadeSimples;)V+5
j  com.super_bits.modulosSB.webPaginas.JSFManagedBeans.formularios.MB_paginaCadastroEntidades.executarAcaoSelecionada()V+5
j  br.org.carameloCode.erp.crm.paginas.crmAtendimento.PgProspecto.executarAcaoSelecionada()V+1
j  com.super_bits.modulosSB.webPaginas.JSFManagedBeans.formularios.B_Pagina.executaAcaoSelecionadaPorEnum(Lcom/super_bits/modulosSB/SBCore/modulos/fabrica/ComoFabricaAcoes;)V+15
j  br.org.carameloCode.erp.crm.paginas.crmAtendimento.PgProspecto.executarAcao(Lbr/org/carameloCode/erp/modulo/crm/entidadesJPA/prospecto/Pessoa;)V+59
j  br.org.carameloCode.erp.crm.paginas.crmAtendimento.PgProspecto.executarAcao(Lcom/super_bits/modulosSB/SBCore/modulos/objetos/entidade/basico/ComoEntidadeSimples;)V+5
j  com.super_bits.modulosSB.webPaginas.JSFManagedBeans.formularios.MB_paginaCadastroEntidades.executarAcaoSelecionada()V+5
j  br.org.carameloCode.erp.crm.paginas.crmAtendimento.PgProspecto.executarAcaoSelecionada()V+1
j  com.super_bits.modulosSB.webPaginas.JSFManagedBeans.formularios.B_Pagina.executaAcaoSelecionadaPorEnum(Lcom/super_bits/modulosSB/SBCore/modulos/fabrica/ComoFabricaAcoes;)V+15
j  br.org.carameloCode.erp.crm.paginas.crmAtendimento.PgProspecto.executarAcao(Lbr/org/carameloCode/erp/modulo/crm/entidadesJPA/prospecto/Pessoa;)V+59
j  br.org.carameloCode.erp.crm.paginas.crmAtendimento.PgProspecto.executarAcao(Lcom/super_bits/modulosSB/SBCore/modulos/objetos/entidade/basico/ComoEntidadeSimples;)V+5
j  com.super_bits.modulosSB.webPaginas.JSFManagedBeans.formularios.MB_paginaCadastroEntidades.executarAcaoSelecionada()V+5
j  br.org.carameloCode.erp.crm.paginas.crmAtendimento.PgProspecto.executarAcaoSelecionada()V+1
j  com.super_bits.modulosSB.webPaginas.JSFManagedBeans.formularios.B_Pagina.executaAcaoSelecionadaPorEnum(Lcom/super_bits/modulosSB/SBCore/modulos/fabrica/ComoFabricaAcoes;)V+15
j  br.org.carameloCode.erp.crm.paginas.crmAtendimento.PgProspecto.executarAcao(Lbr/org/carameloCode/erp/modulo/crm/entidadesJPA/prospecto/Pessoa;)V+59
j  br.org.carameloCode.erp.crm.paginas.crmAtendimento.PgProspecto.executarAcao(Lcom/super_bits/modulosSB/SBCore/modulos/objetos/entidade/basico/ComoEntidadeSimples;)V+5
j  com.super_bits.modulosSB.webPaginas.JSFManagedBeans.formularios.MB_paginaCadastroEntidades.executarAcaoSelecionada()V+5
j  br.org.carameloCode.erp.crm.paginas.crmAtendimento.PgProspecto.executarAcaoSelecionada()V+1
j  com.super_bits.modulosSB.webPaginas.JSFManagedBeans.formularios.B_Pagina.executaAcaoSelecionadaPorEnum(Lcom/super_bits/modulosSB/SBCore/modulos/fabrica/ComoFabricaAcoes;)V+15
j  br.org.carameloCode.erp.crm.paginas.crmAtendimento.PgProspecto.executarAcao(Lbr/org/carameloCode/erp/modulo/crm/entidadesJPA/prospecto/Pessoa;)V+59
j  br.org.carameloCode.erp.crm.paginas.crmAtendimento.PgProspecto.executarAcao(Lcom/super_bits/modulosSB/SBCore/modulos/objetos/entidade/basico/ComoEntidadeSimples;)V+5
j  com.super_bits.modulosSB.webPaginas.JSFManagedBeans.formularios.MB_paginaCadastroEntidades.executarAcaoSelecionada()V+5
j  br.org.carameloCode.erp.crm.paginas.crmAtendimento.PgProspecto.executarAcaoSelecionada()V+1
j  com.super_bits.modulosSB.webPaginas.JSFManagedBeans.formularios.B_Pagina.executaAcaoSelecionadaPorEnum(Lcom/super_bits/modulosSB/SBCore/modulos/fabrica/ComoFabricaAcoes;)V+15
j  br.org.carameloCode.erp.crm.paginas.crmAtendimento.PgProspecto.executarAcao(Lbr/org/carameloCode/erp/modulo/crm/entidadesJPA/prospecto/Pessoa;)V+59
j  br.org.carameloCode.erp.crm.paginas.crmAtendimento.PgProspecto.executarAcao(Lcom/super_bits/modulosSB/SBCore/modulos/objetos/entidade/basico/ComoEntidadeSimples;)V+5
j  com.super_bits.modulosSB.webPaginas.JSFManagedBeans.formularios.MB_paginaCadastroEntidades.executarAcaoSelecionada()V+5
j  br.org.carameloCode.erp.crm.paginas.crmAtendimento.PgProspecto.executarAcaoSelecionada()V+1
j  com.super_bits.modulosSB.webPaginas.JSFManagedBeans.formularios.B_Pagina.executaAcaoSelecionadaPorEnum(Lcom/super_bits/modulosSB/SBCore/modulos/fabrica/ComoFabricaAcoes;)V+15
j  br.org.carameloCode.erp.crm.paginas.crmAtendimento.PgProspecto.executarAcao(Lbr/org/carameloCode/erp/modulo/crm/entidadesJPA/prospecto/Pessoa;)V+59
j  br.org.carameloCode.erp.crm.paginas.crmAtendimento.PgProspecto.executarAcao(Lcom/super_bits/modulosSB/SBCore/modulos/objetos/entidade/basico/ComoEntidadeSimples;)V+5
j  com.super_bits.modulosSB.webPaginas.JSFManagedBeans.formularios.MB_paginaCadastroEntidades.executarAcaoSelecionada()V+5
j  br.org.carameloCode.erp.crm.paginas.crmAtendimento.PgProspecto.executarAcaoSelecionada()V+1
j  com.super_bits.modulosSB.webPaginas.JSFManagedBeans.formularios.B_Pagina.executaAcaoSelecionadaPorEnum(Lcom/super_bits/modulosSB/SBCore/modulos/fabrica/ComoFabricaAcoes;)V+15
j  br.org.carameloCode.erp.crm.paginas.crmAtendimento.PgProspecto.executarAcao(Lbr/org/carameloCode/erp/modulo/crm/entidadesJPA/prospecto/Pessoa;)V+59
j  br.org.carameloCode.erp.crm.paginas.crmAtendimento.PgProspecto.executarAcao(Lcom/super_bits/modulosSB/SBCore/modulos/objetos/entidade/basico/ComoEntidadeSimples;)V+5
j  com.super_bits.modulosSB.webPaginas.JSFManagedBeans.formularios.MB_paginaCadastroEntidades.executarAcaoSelecionada()V+5
j  br.org.carameloCode.erp.crm.paginas.crmAtendimento.PgProspecto.executarAcaoSelecionada()V+1
j  com.super_bits.modulosSB.webPaginas.JSFManagedBeans.formularios.B_Pagina.executaAcaoSelecionadaPorEnum(Lcom/super_bits/modulosSB/SBCore/modulos/fabrica/ComoFabricaAcoes;)V+15
j  br.org.carameloCode.erp.crm.paginas.crmAtendimento.PgProspecto.executarAcao(Lbr/org/carameloCode/erp/modulo/crm/entidadesJPA/prospecto/Pessoa;)V+59
j  br.org.carameloCode.erp.crm.paginas.crmAtendimento.PgProspecto.executarAcao(Lcom/super_bits/modulosSB/SBCore/modulos/objetos/entidade/basico/ComoEntidadeSimples;)V+5
j  com.super_bits.modulosSB.webPaginas.JSFManagedBeans.formularios.MB_paginaCadastroEntidades.executarAcaoSelecionada()V+5
j  br.org.carameloCode.erp.crm.paginas.crmAtendimento.PgProspecto.executarAcaoSelecionada()V+1
j  com.super_bits.modulosSB.webPaginas.JSFManagedBeans.formularios.B_Pagina.executaAcaoSelecionadaPorEnum(Lcom/super_bits/modulosSB/SBCore/modulos/fabrica/ComoFabricaAcoes;)V+15
j  br.org.carameloCode.erp.crm.paginas.crmAtendimento.PgProspecto.executarAcao(Lbr/org/carameloCode/erp/modulo/crm/entidadesJPA/prospecto/Pessoa;)V+59
j  br.org.carameloCode.erp.crm.paginas.crmAtendimento.PgProspecto.executarAcao(Lcom/super_bits/modulosSB/SBCore/modulos/objetos/entidade/basico/ComoEntidadeSimples;)V+5
j  com.super_bits.modulosSB.webPaginas.JSFManagedBeans.formularios.MB_paginaCadastroEntidades.executarAcaoSelecionada()V+5
j  br.org.carameloCode.erp.crm.paginas.crmAtendimento.PgProspecto.executarAcaoSelecionada()V+1
j  com.super_bits.modulosSB.webPaginas.JSFManagedBeans.formularios.B_Pagina.executaAcaoSelecionadaPorEnum(Lcom/super_bits/modulosSB/SBCore/modulos/fabrica/ComoFabricaAcoes;)V+15
j  br.org.carameloCode.erp.crm.paginas.crmAtendimento.PgProspecto.executarAcao(Lbr/org/carameloCode/erp/modulo/crm/entidadesJPA/prospecto/Pessoa;)V+59
j  br.org.carameloCode.erp.crm.paginas.crmAtendimento.PgProspecto.executarAcao(Lcom/super_bits/modulosSB/SBCore/modulos/objetos/entidade/basico/ComoEntidadeSimples;)V+5
j  com.super_bits.modulosSB.webPaginas.JSFManagedBeans.formularios.MB_paginaCadastroEntidades.executarAcaoSelecionada()V+5
j  br.org.carameloCode.erp.crm.paginas.crmAtendimento.PgProspecto.executarAcaoSelecionada()V+1
j  com.super_bits.modulosSB.webPaginas.JSFManagedBeans.formularios.B_Pagina.executaAcaoSelecionadaPorEnum(Lcom/super_bits/modulosSB/SBCore/modulos/fabrica/ComoFabricaAcoes;)V+15
j  br.org.carameloCode.erp.crm.paginas.crmAtendimento.PgProspecto.executarAcao(Lbr/org/carameloCode/erp/modulo/crm/entidadesJPA/prospecto/Pessoa;)V+59
j  br.org.carameloCode.erp.crm.paginas.crmAtendimento.PgProspecto.executarAcao(Lcom/super_bits/modulosSB/SBCore/modulos/objetos/entidade/basico/ComoEntidadeSimples;)V+5
j  com.super_bits.modulosSB.webPaginas.JSFManagedBeans.formularios.MB_paginaCadastroEntidades.executarAcaoSelecionada()V+5
j  br.org.carameloCode.erp.crm.paginas.crmAtendimento.PgProspecto.executarAcaoSelecionada()V+1
j  com.super_bits.modulosSB.webPaginas.JSFManagedBeans.formularios.B_Pagina.executaAcaoSelecionadaPorEnum(Lcom/super_bits/modulosSB/SBCore/modulos/fabrica/ComoFabricaAcoes;)V+15
j  br.org.carameloCode.erp.crm.paginas.crmAtendimento.PgProspecto.executarAcao(Lbr/org/carameloCode/erp/modulo/crm/entidadesJPA/prospecto/Pessoa;)V+59
j  br.org.carameloCode.erp.crm.paginas.crmAtendimento.PgProspecto.executarAcao(Lcom/super_bits/modulosSB/SBCore/modulos/objetos/entidade/basico/ComoEntidadeSimples;)V+5
j  com.super_bits.modulosSB.webPaginas.JSFManagedBeans.formularios.MB_paginaCadastroEntidades.executarAcaoSelecionada()V+5
j  br.org.carameloCode.erp.crm.paginas.crmAtendimento.PgProspecto.executarAcaoSelecionada()V+1
j  com.super_bits.modulosSB.webPaginas.JSFManagedBeans.formularios.B_Pagina.executaAcaoSelecionadaPorEnum(Lcom/super_bits/modulosSB/SBCore/modulos/fabrica/ComoFabricaAcoes;)V+15
j  br.org.carameloCode.erp.crm.paginas.crmAtendimento.PgProspecto.executarAcao(Lbr/org/carameloCode/erp/modulo/crm/entidadesJPA/prospecto/Pessoa;)V+59
j  br.org.carameloCode.erp.crm.paginas.crmAtendimento.PgProspecto.executarAcao(Lcom/super_bits/modulosSB/SBCore/modulos/objetos/entidade/basico/ComoEntidadeSimples;)V+5
j  com.super_bits.modulosSB.webPaginas.JSFManagedBeans.formularios.MB_paginaCadastroEntidades.executarAcaoSelecionada()V+5
j  br.org.carameloCode.erp.crm.paginas.crmAtendimento.PgProspecto.executarAcaoSelecionada()V+1
j  com.super_bits.modulosSB.webPaginas.JSFManagedBeans.formularios.B_Pagina.executaAcaoSelecionadaPorEnum(Lcom/super_bits/modulosSB/SBCore/modulos/fabrica/ComoFabricaAcoes;)V+15
j  br.org.carameloCode.erp.crm.paginas.crmAtendimento.PgProspecto.executarAcao(Lbr/org/carameloCode/erp/modulo/crm/entidadesJPA/prospecto/Pessoa;)V+59
j  br.org.carameloCode.erp.crm.paginas.crmAtendimento.PgProspecto.executarAcao(Lcom/super_bits/modulosSB/SBCore/modulos/objetos/entidade/basico/ComoEntidadeSimples;)V+5
j  com.super_bits.modulosSB.webPaginas.JSFManagedBeans.formularios.MB_paginaCadastroEntidades.executarAcaoSelecionada()V+5
j  br.org.carameloCode.erp.crm.paginas.crmAtendimento.PgProspecto.executarAcaoSelecionada()V+1
j  com.super_bits.modulosSB.webPaginas.JSFManagedBeans.formularios.B_Pagina.executaAcaoSelecionadaPorEnum(Lcom/super_bits/modulosSB/SBCore/modulos/fabrica/ComoFabricaAcoes;)V+15
j  br.org.carameloCode.erp.crm.paginas.crmAtendimento.PgProspecto.executarAcao(Lbr/org/carameloCode/erp/modulo/crm/entidadesJPA/prospecto/Pessoa;)V+59
j  br.org.carameloCode.erp.crm.paginas.crmAtendimento.PgProspecto.executarAcao(Lcom/super_bits/modulosSB/SBCore/modulos/objetos/entidade/basico/ComoEntidadeSimples;)V+5
j  com.super_bits.modulosSB.webPaginas.JSFManagedBeans.formularios.MB_paginaCadastroEntidades.executarAcaoSelecionada()V+5
j  br.org.carameloCode.erp.crm.paginas.crmAtendimento.PgProspecto.executarAcaoSelecionada()V+1
j  com.super_bits.modulosSB.webPaginas.JSFManagedBeans.formularios.B_Pagina.executaAcaoSelecionadaPorEnum(Lcom/super_bits/modulosSB/SBCore/modulos/fabrica/ComoFabricaAcoes;)V+15
j  br.org.carameloCode.erp.crm.paginas.crmAtendimento.PgProspecto.executarAcao(Lbr/org/carameloCode/erp/modulo/crm/entidadesJPA/prospecto/Pessoa;)V+59
j  br.org.carameloCode.erp.crm.paginas.crmAtendimento.PgProspecto.executarAcao(Lcom/super_bits/modulosSB/SBCore/modulos/objetos/entidade/basico/ComoEntidadeSimples;)V+5
j  com.super_bits.modulosSB.webPaginas.JSFManagedBeans.formularios.MB_paginaCadastroEntidades.executarAcaoSelecionada()V+5
j  br.org.carameloCode.erp.crm.paginas.crmAtendimento.PgProspecto.executarAcaoSelecionada()V+1
j  com.super_bits.modulosSB.webPaginas.JSFManagedBeans.formularios.B_Pagina.executaAcaoSelecionadaPorEnum(Lcom/super_bits/modulosSB/SBCore/modulos/fabrica/ComoFabricaAcoes;)V+15
j  br.org.carameloCode.erp.crm.paginas.crmAtendimento.PgProspecto.executarAcao(Lbr/org/carameloCode/erp/modulo/crm/entidadesJPA/prospecto/Pessoa;)V+59
j  br.org.carameloCode.erp.crm.paginas.crmAtendimento.PgProspecto.executarAcao(Lcom/super_bits/modulosSB/SBCore/modulos/objetos/entidade/basico/ComoEntidadeSimples;)V+5
j  com.super_bits.modulosSB.webPaginas.JSFManagedBeans.formularios.MB_paginaCadastroEntidades.executarAcaoSelecionada()V+5
j  br.org.carameloCode.erp.crm.paginas.crmAtendimento.PgProspecto.executarAcaoSelecionada()V+1
j  com.super_bits.modulosSB.webPaginas.JSFManagedBeans.formularios.B_Pagina.executaAcaoSelecionadaPorEnum(Lcom/super_bits/modulosSB/SBCore/modulos/fabrica/ComoFabricaAcoes;)V+15
j  br.org.carameloCode.erp.crm.paginas.crmAtendimento.PgProspecto.executarAcao(Lbr/org/carameloCode/erp/modulo/crm/entidadesJPA/prospecto/Pessoa;)V+59
j  br.org.carameloCode.erp.crm.paginas.crmAtendimento.PgProspecto.executarAcao(Lcom/super_bits/modulosSB/SBCore/modulos/objetos/entidade/basico/ComoEntidadeSimples;)V+5
j  com.super_bits.modulosSB.webPaginas.JSFManagedBeans.formularios.MB_paginaCadastroEntidades.executarAcaoSelecionada()V+5
j  br.org.carameloCode.erp.crm.paginas.crmAtendimento.PgProspecto.executarAcaoSelecionada()V+1
j  com.super_bits.modulosSB.webPaginas.JSFManagedBeans.formularios.B_Pagina.executaAcaoSelecionadaPorEnum(Lcom/super_bits/modulosSB/SBCore/modulos/fabrica/ComoFabricaAcoes;)V+15
j  br.org.carameloCode.erp.crm.paginas.crmAtendimento.PgProspecto.executarAcao(Lbr/org/carameloCode/erp/modulo/crm/entidadesJPA/prospecto/Pessoa;)V+59
j  br.org.carameloCode.erp.crm.paginas.crmAtendimento.PgProspecto.executarAcao(Lcom/super_bits/modulosSB/SBCore/modulos/objetos/entidade/basico/ComoEntidadeSimples;)V+5
j  com.super_bits.modulosSB.webPaginas.JSFManagedBeans.formularios.MB_paginaCadastroEntidades.executarAcaoSelecionada()V+5
j  br.org.carameloCode.erp.crm.paginas.crmAtendimento.PgProspecto.executarAcaoSelecionada()V+1
j  com.super_bits.modulosSB.webPaginas.JSFManagedBeans.formularios.B_Pagina.executaAcaoSelecionadaPorEnum(Lcom/super_bits/modulosSB/SBCore/modulos/fabrica/ComoFabricaAcoes;)V+15
j  br.org.carameloCode.erp.crm.paginas.crmAtendimento.PgProspecto.executarAcao(Lbr/org/carameloCode/erp/modulo/crm/entidadesJPA/prospecto/Pessoa;)V+59
j  br.org.carameloCode.erp.crm.paginas.crmAtendimento.PgProspecto.executarAcao(Lcom/super_bits/modulosSB/SBCore/modulos/objetos/entidade/basico/ComoEntidadeSimples;)V+5
j  com.super_bits.modulosSB.webPaginas.JSFManagedBeans.formularios.MB_paginaCadastroEntidades.executarAcaoSelecionada()V+5
j  br.org.carameloCode.erp.crm.paginas.crmAtendimento.PgProspecto.executarAcaoSelecionada()V+1
j  com.super_bits.modulosSB.webPaginas.JSFManagedBeans.formularios.B_Pagina.executaAcaoSelecionadaPorEnum(Lcom/super_bits/modulosSB/SBCore/modulos/fabrica/ComoFabricaAcoes;)V+15
j  br.org.carameloCode.erp.crm.paginas.crmAtendimento.PgProspecto.executarAcao(Lbr/org/carameloCode/erp/modulo/crm/entidadesJPA/prospecto/Pessoa;)V+59
j  br.org.carameloCode.erp.crm.paginas.crmAtendimento.PgProspecto.executarAcao(Lcom/super_bits/modulosSB/SBCore/modulos/objetos/entidade/basico/ComoEntidadeSimples;)V+5
j  com.super_bits.modulosSB.webPaginas.JSFManagedBeans.formularios.MB_paginaCadastroEntidades.executarAcaoSelecionada()V+5
j  br.org.carameloCode.erp.crm.paginas.crmAtendimento.PgProspecto.executarAcaoSelecionada()V+1
j  com.super_bits.modulosSB.webPaginas.JSFManagedBeans.formularios.B_Pagina.executaAcaoSelecionadaPorEnum(Lcom/super_bits/modulosSB/SBCore/modulos/fabrica/ComoFabricaAcoes;)V+15
j  br.org.carameloCode.erp.crm.paginas.crmAtendimento.PgProspecto.executarAcao(Lbr/org/carameloCode/erp/modulo/crm/entidadesJPA/prospecto/Pessoa;)V+59
j  br.org.carameloCode.erp.crm.paginas.crmAtendimento.PgProspecto.executarAcao(Lcom/super_bits/modulosSB/SBCore/modulos/objetos/entidade/basico/ComoEntidadeSimples;)V+5
j  com.super_bits.modulosSB.webPaginas.JSFManagedBeans.formularios.MB_paginaCadastroEntidades.executarAcaoSelecionada()V+5
j  br.org.carameloCode.erp.crm.paginas.crmAtendimento.PgProspecto.executarAcaoSelecionada()V+1
j  com.super_bits.modulosSB.webPaginas.JSFManagedBeans.formularios.B_Pagina.executaAcaoSelecionadaPorEnum(Lcom/super_bits/modulosSB/SBCore/modulos/fabrica/ComoFabricaAcoes;)V+15
j  br.org.carameloCode.erp.crm.paginas.crmAtendimento.PgProspecto.executarAcao(Lbr/org/carameloCode/erp/modulo/crm/entidadesJPA/prospecto/Pessoa;)V+59
j  br.org.carameloCode.erp.crm.paginas.crmAtendimento.PgProspecto.executarAcao(Lcom/super_bits/modulosSB/SBCore/modulos/objetos/entidade/basico/ComoEntidadeSimples;)V+5
j  com.super_bits.modulosSB.webPaginas.JSFManagedBeans.formularios.MB_paginaCadastroEntidades.executarAcaoSelecionada()V+5
j  br.org.carameloCode.erp.crm.paginas.crmAtendimento.PgProspecto.executarAcaoSelecionada()V+1
j  com.super_bits.modulosSB.webPaginas.JSFManagedBeans.formularios.B_Pagina.executaAcaoSelecionadaPorEnum(Lcom/super_bits/modulosSB/SBCore/modulos/fabrica/ComoFabricaAcoes;)V+15
j  br.org.carameloCode.erp.crm.paginas.crmAtendimento.PgProspecto.executarAcao(Lbr/org/carameloCode/erp/modulo/crm/entidadesJPA/prospecto/Pessoa;)V+59
j  br.org.carameloCode.erp.crm.paginas.crmAtendimento.PgProspecto.executarAcao(Lcom/super_bits/modulosSB/SBCore/modulos/objetos/entidade/basico/ComoEntidadeSimples;)V+5
j  com.super_bits.modulosSB.webPaginas.JSFManagedBeans.formularios.MB_paginaCadastroEntidades.executarAcaoSelecionada()V+5
j  br.org.carameloCode.erp.crm.paginas.crmAtendimento.PgProspecto.executarAcaoSelecionada()V+1
j  com.super_bits.modulosSB.webPaginas.JSFManagedBeans.formularios.B_Pagina.executaAcaoSelecionadaPorEnum(Lcom/super_bits/modulosSB/SBCore/modulos/fabrica/ComoFabricaAcoes;)V+15
j  br.org.carameloCode.erp.crm.paginas.crmAtendimento.PgProspecto.executarAcao(Lbr/org/carameloCode/erp/modulo/crm/entidadesJPA/prospecto/Pessoa;)V+59
j  br.org.carameloCode.erp.crm.paginas.crmAtendimento.PgProspecto.executarAcao(Lcom/super_bits/modulosSB/SBCore/modulos/objetos/entidade/basico/ComoEntidadeSimples;)V+5
j  com.super_bits.modulosSB.webPaginas.JSFManagedBeans.formularios.MB_paginaCadastroEntidades.executarAcaoSelecionada()V+5
j  br.org.carameloCode.erp.crm.paginas.crmAtendimento.PgProspecto.executarAcaoSelecionada()V+1
j  com.super_bits.modulosSB.webPaginas.JSFManagedBeans.formularios.B_Pagina.executaAcaoSelecionadaPorEnum(Lcom/super_bits/modulosSB/SBCore/modulos/fabrica/ComoFabricaAcoes;)V+15
j  br.org.carameloCode.erp.crm.paginas.crmAtendimento.PgProspecto.executarAcao(Lbr/org/carameloCode/erp/modulo/crm/entidadesJPA/prospecto/Pessoa;)V+59
j  br.org.carameloCode.erp.crm.paginas.crmAtendimento.PgProspecto.executarAcao(Lcom/super_bits/modulosSB/SBCore/modulos/objetos/entidade/basico/ComoEntidadeSimples;)V+5
j  com.super_bits.modulosSB.webPaginas.JSFManagedBeans.formularios.MB_paginaCadastroEntidades.executarAcaoSelecionada()V+5
j  br.org.carameloCode.erp.crm.paginas.crmAtendimento.PgProspecto.executarAcaoSelecionada()V+1
j  com.super_bits.modulosSB.webPaginas.JSFManagedBeans.formularios.B_Pagina.executaAcaoSelecionadaPorEnum(Lcom/super_bits/modulosSB/SBCore/modulos/fabrica/ComoFabricaAcoes;)V+15
j  br.org.carameloCode.erp.crm.paginas.crmAtendimento.PgProspecto.executarAcao(Lbr/org/carameloCode/erp/modulo/crm/entidadesJPA/prospecto/Pessoa;)V+59
j  br.org.carameloCode.erp.crm.paginas.crmAtendimento.PgProspecto.executarAcao(Lcom/super_bits/modulosSB/SBCore/modulos/objetos/entidade/basico/ComoEntidadeSimples;)V+5
j  com.super_bits.modulosSB.webPaginas.JSFManagedBeans.formularios.MB_paginaCadastroEntidades.executarAcaoSelecionada()V+5
j  br.org.carameloCode.erp.crm.paginas.crmAtendimento.PgProspecto.executarAcaoSelecionada()V+1
j  com.super_bits.modulosSB.webPaginas.JSFManagedBeans.formularios.B_Pagina.executaAcaoSelecionadaPorEnum(Lcom/super_bits/modulosSB/SBCore/modulos/fabrica/ComoFabricaAcoes;)V+15
j  br.org.carameloCode.erp.crm.paginas.crmAtendimento.PgProspecto.executarAcao(Lbr/org/carameloCode/erp/modulo/crm/entidadesJPA/prospecto/Pessoa;)V+59
j  br.org.carameloCode.erp.crm.paginas.crmAtendimento.PgProspecto.executarAcao(Lcom/super_bits/modulosSB/SBCore/modulos/objetos/entidade/basico/ComoEntidadeSimples;)V+5
j  com.super_bits.modulosSB.webPaginas.JSFManagedBeans.formularios.MB_paginaCadastroEntidades.executarAcaoSelecionada()V+5
j  br.org.carameloCode.erp.crm.paginas.crmAtendimento.PgProspecto.executarAcaoSelecionada()V+1
j  com.super_bits.modulosSB.webPaginas.JSFManagedBeans.formularios.B_Pagina.executaAcaoSelecionadaPorEnum(Lcom/super_bits/modulosSB/SBCore/modulos/fabrica/ComoFabricaAcoes;)V+15
j  br.org.carameloCode.erp.crm.paginas.crmAtendimento.PgProspecto.executarAcao(Lbr/org/carameloCode/erp/modulo/crm/entidadesJPA/prospecto/Pessoa;)V+59
j  br.org.carameloCode.erp.crm.paginas.crmAtendimento.PgProspecto.executarAcao(Lcom/super_bits/modulosSB/SBCore/modulos/objetos/entidade/basico/ComoEntidadeSimples;)V+5
j  com.super_bits.modulosSB.webPaginas.JSFManagedBeans.formularios.MB_paginaCadastroEntidades.executarAcaoSelecionada()V+5
j  br.org.carameloCode.erp.crm.paginas.crmAtendimento.PgProspecto.executarAcaoSelecionada()V+1
j  com.super_bits.modulosSB.webPaginas.JSFManagedBeans.formularios.B_Pagina.executaAcaoSelecionadaPorEnum(Lcom/super_bits/modulosSB/SBCore/modulos/fabrica/ComoFabricaAcoes;)V+15
j  br.org.carameloCode.erp.crm.paginas.crmAtendimento.PgProspecto.executarAcao(Lbr/org/carameloCode/erp/modulo/crm/entidadesJPA/prospecto/Pessoa;)V+59
j  br.org.carameloCode.erp.crm.paginas.crmAtendimento.PgProspecto.executarAcao(Lcom/super_bits/modulosSB/SBCore/modulos/objetos/entidade/basico/ComoEntidadeSimples;)V+5
j  com.super_bits.modulosSB.webPaginas.JSFManagedBeans.formularios.MB_paginaCadastroEntidades.executarAcaoSelecionada()V+5
j  br.org.carameloCode.erp.crm.paginas.crmAtendimento.PgProspecto.executarAcaoSelecionada()V+1
j  com.super_bits.modulosSB.webPaginas.JSFManagedBeans.formularios.B_Pagina.executaAcaoSelecionadaPorEnum(Lcom/super_bits/modulosSB/SBCore/modulos/fabrica/ComoFabricaAcoes;)V+15
j  br.org.carameloCode.erp.crm.paginas.crmAtendimento.PgProspecto.executarAcao(Lbr/org/carameloCode/erp/modulo/crm/entidadesJPA/prospecto/Pessoa;)V+59
j  br.org.carameloCode.erp.crm.paginas.crmAtendimento.PgProspecto.executarAcao(Lcom/super_bits/modulosSB/SBCore/modulos/objetos/entidade/basico/ComoEntidadeSimples;)V+5
j  com.super_bits.modulosSB.webPaginas.JSFManagedBeans.formularios.MB_paginaCadastroEntidades.executarAcaoSelecionada()V+5
j  br.org.carameloCode.erp.crm.paginas.crmAtendimento.PgProspecto.executarAcaoSelecionada()V+1
j  com.super_bits.modulosSB.webPaginas.JSFManagedBeans.formularios.B_Pagina.executaAcaoSelecionadaPorEnum(Lcom/super_bits/modulosSB/SBCore/modulos/fabrica/ComoFabricaAcoes;)V+15
j  br.org.carameloCode.erp.crm.paginas.crmAtendimento.PgProspecto.executarAcao(Lbr/org/carameloCode/erp/modulo/crm/entidadesJPA/prospecto/Pessoa;)V+59
j  br.org.carameloCode.erp.crm.paginas.crmAtendimento.PgProspecto.executarAcao(Lcom/super_bits/modulosSB/SBCore/modulos/objetos/entidade/basico/ComoEntidadeSimples;)V+5
j  com.super_bits.modulosSB.webPaginas.JSFManagedBeans.formularios.MB_paginaCadastroEntidades.executarAcaoSelecionada()V+5
j  br.org.carameloCode.erp.crm.paginas.crmAtendimento.PgProspecto.executarAcaoSelecionada()V+1
j  com.super_bits.modulosSB.webPaginas.JSFManagedBeans.formularios.B_Pagina.executaAcaoSelecionadaPorEnum(Lcom/super_bits/modulosSB/SBCore/modulos/fabrica/ComoFabricaAcoes;)V+15
j  br.org.carameloCode.erp.crm.paginas.crmAtendimento.PgProspecto.executarAcao(Lbr/org/carameloCode/erp/modulo/crm/entidadesJPA/prospecto/Pessoa;)V+59
j  br.org.carameloCode.erp.crm.paginas.crmAtendimento.PgProspecto.executarAcao(Lcom/super_bits/modulosSB/SBCore/modulos/objetos/entidade/basico/ComoEntidadeSimples;)V+5
j  com.super_bits.modulosSB.webPaginas.JSFManagedBeans.formularios.MB_paginaCadastroEntidades.executarAcaoSelecionada()V+5
j  br.org.carameloCode.erp.crm.paginas.crmAtendimento.PgProspecto.executarAcaoSelecionada()V+1
j  com.super_bits.modulosSB.webPaginas.JSFManagedBeans.formularios.B_Pagina.executaAcaoSelecionadaPorEnum(Lcom/super_bits/modulosSB/SBCore/modulos/fabrica/ComoFabricaAcoes;)V+15
j  br.org.carameloCode.erp.crm.paginas.crmAtendimento.PgProspecto.executarAcao(Lbr/org/carameloCode/erp/modulo/crm/entidadesJPA/prospecto/Pessoa;)V+59
j  br.org.carameloCode.erp.crm.paginas.crmAtendimento.PgProspecto.executarAcao(Lcom/super_bits/modulosSB/SBCore/modulos/objetos/entidade/basico/ComoEntidadeSimples;)V+5
j  com.super_bits.modulosSB.webPaginas.JSFManagedBeans.formularios.MB_paginaCadastroEntidades.executarAcaoSelecionada()V+5
j  br.org.carameloCode.erp.crm.paginas.crmAtendimento.PgProspecto.executarAcaoSelecionada()V+1
j  com.super_bits.modulosSB.webPaginas.JSFManagedBeans.formularios.B_Pagina.executaAcaoSelecionadaPorEnum(Lcom/super_bits/modulosSB/SBCore/modulos/fabrica/ComoFabricaAcoes;)V+15
j  br.org.carameloCode.erp.crm.paginas.crmAtendimento.PgProspecto.executarAcao(Lbr/org/carameloCode/erp/modulo/crm/entidadesJPA/prospecto/Pessoa;)V+59
j  br.org.carameloCode.erp.crm.paginas.crmAtendimento.PgProspecto.executarAcao(Lcom/super_bits/modulosSB/SBCore/modulos/objetos/entidade/basico/ComoEntidadeSimples;)V+5
j  com.super_bits.modulosSB.webPaginas.JSFManagedBeans.formularios.MB_paginaCadastroEntidades.executarAcaoSelecionada()V+5
j  br.org.carameloCode.erp.crm.paginas.crmAtendimento.PgProspecto.executarAcaoSelecionada()V+1
j  com.super_bits.modulosSB.webPaginas.JSFManagedBeans.formularios.B_Pagina.executaAcaoSelecionadaPorEnum(Lcom/super_bits/modulosSB/SBCore/modulos/fabrica/ComoFabricaAcoes;)V+15
j  br.org.carameloCode.erp.crm.paginas.crmAtendimento.PgProspecto.executarAcao(Lbr/org/carameloCode/erp/modulo/crm/entidadesJPA/prospecto/Pessoa;)V+59
j  br.org.carameloCode.erp.crm.paginas.crmAtendimento.PgProspecto.executarAcao(Lcom/super_bits/modulosSB/SBCore/modulos/objetos/entidade/basico/ComoEntidadeSimples;)V+5
j  com.super_bits.modulosSB.webPaginas.JSFManagedBeans.formularios.MB_paginaCadastroEntidades.executarAcaoSelecionada()V+5
j  br.org.carameloCode.erp.crm.paginas.crmAtendimento.PgProspecto.executarAcaoSelecionada()V+1
j  com.super_bits.modulosSB.webPaginas.JSFManagedBeans.formularios.B_Pagina.executaAcaoSelecionadaPorEnum(Lcom/super_bits/modulosSB/SBCore/modulos/fabrica/ComoFabricaAcoes;)V+15
j  br.org.carameloCode.erp.crm.paginas.crmAtendimento.PgProspecto.executarAcao(Lbr/org/carameloCode/erp/modulo/crm/entidadesJPA/prospecto/Pessoa;)V+59
j  br.org.carameloCode.erp.crm.paginas.crmAtendimento.PgProspecto.executarAcao(Lcom/super_bits/modulosSB/SBCore/modulos/objetos/entidade/basico/ComoEntidadeSimples;)V+5
j  com.super_bits.modulosSB.webPaginas.JSFManagedBeans.formularios.MB_paginaCadastroEntidades.executarAcaoSelecionada()V+5
j  br.org.carameloCode.erp.crm.paginas.crmAtendimento.PgProspecto.executarAcaoSelecionada()V+1
j  com.super_bits.modulosSB.webPaginas.JSFManagedBeans.formularios.B_Pagina.executaAcaoSelecionadaPorEnum(Lcom/super_bits/modulosSB/SBCore/modulos/fabrica/ComoFabricaAcoes;)V+15
j  br.org.carameloCode.erp.crm.paginas.crmAtendimento.PgProspecto.executarAcao(Lbr/org/carameloCode/erp/modulo/crm/entidadesJPA/prospecto/Pessoa;)V+59
j  br.org.carameloCode.erp.crm.paginas.crmAtendimento.PgProspecto.executarAcao(Lcom/super_bits/modulosSB/SBCore/modulos/objetos/entidade/basico/ComoEntidadeSimples;)V+5
j  com.super_bits.modulosSB.webPaginas.JSFManagedBeans.formularios.MB_paginaCadastroEntidades.executarAcaoSelecionada()V+5
j  br.org.carameloCode.erp.crm.paginas.crmAtendimento.PgProspecto.executarAcaoSelecionada()V+1
j  com.super_bits.modulosSB.webPaginas.JSFManagedBeans.formularios.B_Pagina.executaAcaoSelecionadaPorEnum(Lcom/super_bits/modulosSB/SBCore/modulos/fabrica/ComoFabricaAcoes;)V+15
j  br.org.carameloCode.erp.crm.paginas.crmAtendimento.PgProspecto.executarAcao(Lbr/org/carameloCode/erp/modulo/crm/entidadesJPA/prospecto/Pessoa;)V+59
j  br.org.carameloCode.erp.crm.paginas.crmAtendimento.PgProspecto.executarAcao(Lcom/super_bits/modulosSB/SBCore/modulos/objetos/entidade/basico/ComoEntidadeSimples;)V+5
j  com.super_bits.modulosSB.webPaginas.JSFManagedBeans.formularios.MB_paginaCadastroEntidades.executarAcaoSelecionada()V+5
j  br.org.carameloCode.erp.crm.paginas.crmAtendimento.PgProspecto.executarAcaoSelecionada()V+1
j  com.super_bits.modulosSB.webPaginas.JSFManagedBeans.formularios.B_Pagina.executaAcaoSelecionadaPorEnum(Lcom/super_bits/modulosSB/SBCore/modulos/fabrica/ComoFabricaAcoes;)V+15
j  br.org.carameloCode.erp.crm.paginas.crmAtendimento.PgProspecto.executarAcao(Lbr/org/carameloCode/erp/modulo/crm/entidadesJPA/prospecto/Pessoa;)V+59
j  br.org.carameloCode.erp.crm.paginas.crmAtendimento.PgProspecto.executarAcao(Lcom/super_bits/modulosSB/SBCore/modulos/objetos/entidade/basico/ComoEntidadeSimples;)V+5
j  com.super_bits.modulosSB.webPaginas.JSFManagedBeans.formularios.MB_paginaCadastroEntidades.executarAcaoSelecionada()V+5
j  br.org.carameloCode.erp.crm.paginas.crmAtendimento.PgProspecto.executarAcaoSelecionada()V+1
j  com.super_bits.modulosSB.webPaginas.JSFManagedBeans.formularios.B_Pagina.executaAcaoSelecionadaPorEnum(Lcom/super_bits/modulosSB/SBCore/modulos/fabrica/ComoFabricaAcoes;)V+15
j  br.org.carameloCode.erp.crm.paginas.crmAtendimento.PgProspecto.executarAcao(Lbr/org/carameloCode/erp/modulo/crm/entidadesJPA/prospecto/Pessoa;)V+59
j  br.org.carameloCode.erp.crm.paginas.crmAtendimento.PgProspecto.executarAcao(Lcom/super_bits/modulosSB/SBCore/modulos/objetos/entidade/basico/ComoEntidadeSimples;)V+5
j  com.super_bits.modulosSB.webPaginas.JSFManagedBeans.formularios.MB_paginaCadastroEntidades.executarAcaoSelecionada()V+5
j  br.org.carameloCode.erp.crm.paginas.crmAtendimento.PgProspecto.executarAcaoSelecionada()V+1
j  com.super_bits.modulosSB.webPaginas.JSFManagedBeans.formularios.B_Pagina.executaAcaoSelecionadaPorEnum(Lcom/super_bits/modulosSB/SBCore/modulos/fabrica/ComoFabricaAcoes;)V+15
j  br.org.carameloCode.erp.crm.paginas.crmAtendimento.PgProspecto.executarAcao(Lbr/org/carameloCode/erp/modulo/crm/entidadesJPA/prospecto/Pessoa;)V+59
j  br.org.carameloCode.erp.crm.paginas.crmAtendimento.PgProspecto.executarAcao(Lcom/super_bits/modulosSB/SBCore/modulos/objetos/entidade/basico/ComoEntidadeSimples;)V+5
j  com.super_bits.modulosSB.webPaginas.JSFManagedBeans.formularios.MB_paginaCadastroEntidades.executarAcaoSelecionada()V+5
j  br.org.carameloCode.erp.crm.paginas.crmAtendimento.PgProspecto.executarAcaoSelecionada()V+1
j  com.super_bits.modulosSB.webPaginas.JSFManagedBeans.formularios.B_Pagina.executaAcaoSelecionadaPorEnum(Lcom/super_bits/modulosSB/SBCore/modulos/fabrica/ComoFabricaAcoes;)V+15
j  br.org.carameloCode.erp.crm.paginas.crmAtendimento.PgProspecto.executarAcao(Lbr/org/carameloCode/erp/modulo/crm/entidadesJPA/prospecto/Pessoa;)V+59
j  br.org.carameloCode.erp.crm.paginas.crmAtendimento.PgProspecto.executarAcao(Lcom/super_bits/modulosSB/SBCore/modulos/objetos/entidade/basico/ComoEntidadeSimples;)V+5
j  com.super_bits.modulosSB.webPaginas.JSFManagedBeans.formularios.MB_paginaCadastroEntidades.executarAcaoSelecionada()V+5
j  br.org.carameloCode.erp.crm.paginas.crmAtendimento.PgProspecto.executarAcaoSelecionada()V+1
j  com.super_bits.modulosSB.webPaginas.JSFManagedBeans.formularios.B_Pagina.executaAcaoSelecionadaPorEnum(Lcom/super_bits/modulosSB/SBCore/modulos/fabrica/ComoFabricaAcoes;)V+15
j  br.org.carameloCode.erp.crm.paginas.crmAtendimento.PgProspecto.executarAcao(Lbr/org/carameloCode/erp/modulo/crm/entidadesJPA/prospecto/Pessoa;)V+59
j  br.org.carameloCode.erp.crm.paginas.crmAtendimento.PgProspecto.executarAcao(Lcom/super_bits/modulosSB/SBCore/modulos/objetos/entidade/basico/ComoEntidadeSimples;)V+5
j  com.super_bits.modulosSB.webPaginas.JSFManagedBeans.formularios.MB_paginaCadastroEntidades.executarAcaoSelecionada()V+5
j  br.org.carameloCode.erp.crm.paginas.crmAtendimento.PgProspecto.executarAcaoSelecionada()V+1
j  com.super_bits.modulosSB.webPaginas.JSFManagedBeans.formularios.B_Pagina.executaAcaoSelecionadaPorEnum(Lcom/super_bits/modulosSB/SBCore/modulos/fabrica/ComoFabricaAcoes;)V+15
j  br.org.carameloCode.erp.crm.paginas.crmAtendimento.PgProspecto.executarAcao(Lbr/org/carameloCode/erp/modulo/crm/entidadesJPA/prospecto/Pessoa;)V+59
j  br.org.carameloCode.erp.crm.paginas.crmAtendimento.PgProspecto.executarAcao(Lcom/super_bits/modulosSB/SBCore/modulos/objetos/entidade/basico/ComoEntidadeSimples;)V+5
j  com.super_bits.modulosSB.webPaginas.JSFManagedBeans.formularios.MB_paginaCadastroEntidades.executarAcaoSelecionada()V+5
j  br.org.carameloCode.erp.crm.paginas.crmAtendimento.PgProspecto.executarAcaoSelecionada()V+1
j  com.super_bits.modulosSB.webPaginas.JSFManagedBeans.formularios.B_Pagina.executaAcaoSelecionadaPorEnum(Lcom/super_bits/modulosSB/SBCore/modulos/fabrica/ComoFabricaAcoes;)V+15
j  br.org.carameloCode.erp.crm.paginas.crmAtendimento.PgProspecto.executarAcao(Lbr/org/carameloCode/erp/modulo/crm/entidadesJPA/prospecto/Pessoa;)V+59
j  br.org.carameloCode.erp.crm.paginas.crmAtendimento.PgProspecto.executarAcao(Lcom/super_bits/modulosSB/SBCore/modulos/objetos/entidade/basico/ComoEntidadeSimples;)V+5
j  com.super_bits.modulosSB.webPaginas.JSFManagedBeans.formularios.MB_paginaCadastroEntidades.executarAcaoSelecionada()V+5
j  br.org.carameloCode.erp.crm.paginas.crmAtendimento.PgProspecto.executarAcaoSelecionada()V+1
j  com.super_bits.modulosSB.webPaginas.JSFManagedBeans.formularios.B_Pagina.executaAcaoSelecionadaPorEnum(Lcom/super_bits/modulosSB/SBCore/modulos/fabrica/ComoFabricaAcoes;)V+15
j  br.org.carameloCode.erp.crm.paginas.crmAtendimento.PgProspecto.executarAcao(Lbr/org/carameloCode/erp/modulo/crm/entidadesJPA/prospecto/Pessoa;)V+59
j  br.org.carameloCode.erp.crm.paginas.crmAtendimento.PgProspecto.executarAcao(Lcom/super_bits/modulosSB/SBCore/modulos/objetos/entidade/basico/ComoEntidadeSimples;)V+5
j  com.super_bits.modulosSB.webPaginas.JSFManagedBeans.formularios.MB_paginaCadastroEntidades.executarAcaoSelecionada()V+5
j  br.org.carameloCode.erp.crm.paginas.crmAtendimento.PgProspecto.executarAcaoSelecionada()V+1
j  com.super_bits.modulosSB.webPaginas.JSFManagedBeans.formularios.B_Pagina.executaAcaoSelecionadaPorEnum(Lcom/super_bits/modulosSB/SBCore/modulos/fabrica/ComoFabricaAcoes;)V+15
j  br.org.carameloCode.erp.crm.paginas.crmAtendimento.PgProspecto.executarAcao(Lbr/org/carameloCode/erp/modulo/crm/entidadesJPA/prospecto/Pessoa;)V+59
j  br.org.carameloCode.erp.crm.paginas.crmAtendimento.PgProspecto.executarAcao(Lcom/super_bits/modulosSB/SBCore/modulos/objetos/entidade/basico/ComoEntidadeSimples;)V+5
j  com.super_bits.modulosSB.webPaginas.JSFManagedBeans.formularios.MB_paginaCadastroEntidades.executarAcaoSelecionada()V+5
j  br.org.carameloCode.erp.crm.paginas.crmAtendimento.PgProspecto.executarAcaoSelecionada()V+1
j  com.super_bits.modulosSB.webPaginas.JSFManagedBeans.formularios.B_Pagina.executaAcaoSelecionadaPorEnum(Lcom/super_bits/modulosSB/SBCore/modulos/fabrica/ComoFabricaAcoes;)V+15
j  br.org.carameloCode.erp.crm.paginas.crmAtendimento.PgProspecto.executarAcao(Lbr/org/carameloCode/erp/modulo/crm/entidadesJPA/prospecto/Pessoa;)V+59
j  br.org.carameloCode.erp.crm.paginas.crmAtendimento.PgProspecto.executarAcao(Lcom/super_bits/modulosSB/SBCore/modulos/objetos/entidade/basico/ComoEntidadeSimples;)V+5
j  com.super_bits.modulosSB.webPaginas.JSFManagedBeans.formularios.MB_paginaCadastroEntidades.executarAcaoSelecionada()V+5
j  br.org.carameloCode.erp.crm.paginas.crmAtendimento.PgProspecto.executarAcaoSelecionada()V+1
j  com.super_bits.modulosSB.webPaginas.JSFManagedBeans.formularios.B_Pagina.executaAcaoSelecionadaPorEnum(Lcom/super_bits/modulosSB/SBCore/modulos/fabrica/ComoFabricaAcoes;)V+15
j  br.org.carameloCode.erp.crm.paginas.crmAtendimento.PgProspecto.executarAcao(Lbr/org/carameloCode/erp/modulo/crm/entidadesJPA/prospecto/Pessoa;)V+59
j  br.org.carameloCode.erp.crm.paginas.crmAtendimento.PgProspecto.executarAcao(Lcom/super_bits/modulosSB/SBCore/modulos/objetos/entidade/basico/ComoEntidadeSimples;)V+5
j  com.super_bits.modulosSB.webPaginas.JSFManagedBeans.formularios.MB_paginaCadastroEntidades.executarAcaoSelecionada()V+5
j  br.org.carameloCode.erp.crm.paginas.crmAtendimento.PgProspecto.executarAcaoSelecionada()V+1
j  com.super_bits.modulosSB.webPaginas.JSFManagedBeans.formularios.B_Pagina.executaAcaoSelecionadaPorEnum(Lcom/super_bits/modulosSB/SBCore/modulos/fabrica/ComoFabricaAcoes;)V+15
j  br.org.carameloCode.erp.crm.paginas.crmAtendimento.PgProspecto.executarAcao(Lbr/org/carameloCode/erp/modulo/crm/entidadesJPA/prospecto/Pessoa;)V+59
j  br.org.carameloCode.erp.crm.paginas.crmAtendimento.PgProspecto.executarAcao(Lcom/super_bits/modulosSB/SBCore/modulos/objetos/entidade/basico/ComoEntidadeSimples;)V+5
j  com.super_bits.modulosSB.webPaginas.JSFManagedBeans.formularios.MB_paginaCadastroEntidades.executarAcaoSelecionada()V+5
j  br.org.carameloCode.erp.crm.paginas.crmAtendimento.PgProspecto.executarAcaoSelecionada()V+1
j  com.super_bits.modulosSB.webPaginas.JSFManagedBeans.formularios.B_Pagina.executaAcaoSelecionadaPorEnum(Lcom/super_bits/modulosSB/SBCore/modulos/fabrica/ComoFabricaAcoes;)V+15
j  br.org.carameloCode.erp.crm.paginas.crmAtendimento.PgProspecto.executarAcao(Lbr/org/carameloCode/erp/modulo/crm/entidadesJPA/prospecto/Pessoa;)V+59
j  br.org.carameloCode.erp.crm.paginas.crmAtendimento.PgProspecto.executarAcao(Lcom/super_bits/modulosSB/SBCore/modulos/objetos/entidade/basico/ComoEntidadeSimples;)V+5
j  com.super_bits.modulosSB.webPaginas.JSFManagedBeans.formularios.MB_paginaCadastroEntidades.executarAcaoSelecionada()V+5
j  br.org.carameloCode.erp.crm.paginas.crmAtendimento.PgProspecto.executarAcaoSelecionada()V+1
j  com.super_bits.modulosSB.webPaginas.JSFManagedBeans.formularios.B_Pagina.executaAcaoSelecionadaPorEnum(Lcom/super_bits/modulosSB/SBCore/modulos/fabrica/ComoFabricaAcoes;)V+15
j  br.org.carameloCode.erp.crm.paginas.crmAtendimento.PgProspecto.executarAcao(Lbr/org/carameloCode/erp/modulo/crm/entidadesJPA/prospecto/Pessoa;)V+59
j  br.org.carameloCode.erp.crm.paginas.crmAtendimento.PgProspecto.executarAcao(Lcom/super_bits/modulosSB/SBCore/modulos/objetos/entidade/basico/ComoEntidadeSimples;)V+5
j  com.super_bits.modulosSB.webPaginas.JSFManagedBeans.formularios.MB_paginaCadastroEntidades.executarAcaoSelecionada()V+5
j  br.org.carameloCode.erp.crm.paginas.crmAtendimento.PgProspecto.executarAcaoSelecionada()V+1
j  com.super_bits.modulosSB.webPaginas.JSFManagedBeans.formularios.B_Pagina.executaAcaoSelecionadaPorEnum(Lcom/super_bits/modulosSB/SBCore/modulos/fabrica/ComoFabricaAcoes;)V+15
j  br.org.carameloCode.erp.crm.paginas.crmAtendimento.PgProspecto.executarAcao(Lbr/org/carameloCode/erp/modulo/crm/entidadesJPA/prospecto/Pessoa;)V+59
j  br.org.carameloCode.erp.crm.paginas.crmAtendimento.PgProspecto.executarAcao(Lcom/super_bits/modulosSB/SBCore/modulos/objetos/entidade/basico/ComoEntidadeSimples;)V+5
j  com.super_bits.modulosSB.webPaginas.JSFManagedBeans.formularios.MB_paginaCadastroEntidades.executarAcaoSelecionada()V+5
j  br.org.carameloCode.erp.crm.paginas.crmAtendimento.PgProspecto.executarAcaoSelecionada()V+1
j  com.super_bits.modulosSB.webPaginas.JSFManagedBeans.formularios.B_Pagina.executaAcaoSelecionadaPorEnum(Lcom/super_bits/modulosSB/SBCore/modulos/fabrica/ComoFabricaAcoes;)V+15
j  br.org.carameloCode.erp.crm.paginas.crmAtendimento.PgProspecto.executarAcao(Lbr/org/carameloCode/erp/modulo/crm/entidadesJPA/prospecto/Pessoa;)V+59
j  br.org.carameloCode.erp.crm.paginas.crmAtendimento.PgProspecto.executarAcao(Lcom/super_bits/modulosSB/SBCore/modulos/objetos/entidade/basico/ComoEntidadeSimples;)V+5
j  com.super_bits.modulosSB.webPaginas.JSFManagedBeans.formularios.MB_paginaCadastroEntidades.executarAcaoSelecionada()V+5
j  br.org.carameloCode.erp.crm.paginas.crmAtendimento.PgProspecto.executarAcaoSelecionada()V+1
j  com.super_bits.modulosSB.webPaginas.JSFManagedBeans.formularios.B_Pagina.executaAcaoSelecionadaPorEnum(Lcom/super_bits/modulosSB/SBCore/modulos/fabrica/ComoFabricaAcoes;)V+15
j  br.org.carameloCode.erp.crm.paginas.crmAtendimento.PgProspecto.executarAcao(Lbr/org/carameloCode/erp/modulo/crm/entidadesJPA/prospecto/Pessoa;)V+59
j  br.org.carameloCode.erp.crm.paginas.crmAtendimento.PgProspecto.executarAcao(Lcom/super_bits/modulosSB/SBCore/modulos/objetos/entidade/basico/ComoEntidadeSimples;)V+5
j  com.super_bits.modulosSB.webPaginas.JSFManagedBeans.formularios.MB_paginaCadastroEntidades.executarAcaoSelecionada()V+5
j  br.org.carameloCode.erp.crm.paginas.crmAtendimento.PgProspecto.executarAcaoSelecionada()V+1
j  com.super_bits.modulosSB.webPaginas.JSFManagedBeans.formularios.B_Pagina.executaAcaoSelecionadaPorEnum(Lcom/super_bits/modulosSB/SBCore/modulos/fabrica/ComoFabricaAcoes;)V+15
j  br.org.carameloCode.erp.crm.paginas.crmAtendimento.PgProspecto.executarAcao(Lbr/org/carameloCode/erp/modulo/crm/entidadesJPA/prospecto/Pessoa;)V+59
j  br.org.carameloCode.erp.crm.paginas.crmAtendimento.PgProspecto.executarAcao(Lcom/super_bits/modulosSB/SBCore/modulos/objetos/entidade/basico/ComoEntidadeSimples;)V+5
j  com.super_bits.modulosSB.webPaginas.JSFManagedBeans.formularios.MB_paginaCadastroEntidades.executarAcaoSelecionada()V+5
j  br.org.carameloCode.erp.crm.paginas.crmAtendimento.PgProspecto.executarAcaoSelecionada()V+1
j  com.super_bits.modulosSB.webPaginas.JSFManagedBeans.formularios.B_Pagina.executaAcaoSelecionadaPorEnum(Lcom/super_bits/modulosSB/SBCore/modulos/fabrica/ComoFabricaAcoes;)V+15
j  br.org.carameloCode.erp.crm.paginas.crmAtendimento.PgProspecto.executarAcao(Lbr/org/carameloCode/erp/modulo/crm/entidadesJPA/prospecto/Pessoa;)V+59
j  br.org.carameloCode.erp.crm.paginas.crmAtendimento.PgProspecto.executarAcao(Lcom/super_bits/modulosSB/SBCore/modulos/objetos/entidade/basico/ComoEntidadeSimples;)V+5
j  com.super_bits.modulosSB.webPaginas.JSFManagedBeans.formularios.MB_paginaCadastroEntidades.executarAcaoSelecionada()V+5
j  br.org.carameloCode.erp.crm.paginas.crmAtendimento.PgProspecto.executarAcaoSelecionada()V+1
j  com.super_bits.modulosSB.webPaginas.JSFManagedBeans.formularios.B_Pagina.executaAcaoSelecionadaPorEnum(Lcom/super_bits/modulosSB/SBCore/modulos/fabrica/ComoFabricaAcoes;)V+15
j  br.org.carameloCode.erp.crm.paginas.crmAtendimento.PgProspecto.executarAcao(Lbr/org/carameloCode/erp/modulo/crm/entidadesJPA/prospecto/Pessoa;)V+59
j  br.org.carameloCode.erp.crm.paginas.crmAtendimento.PgProspecto.executarAcao(Lcom/super_bits/modulosSB/SBCore/modulos/objetos/entidade/basico/ComoEntidadeSimples;)V+5
j  com.super_bits.modulosSB.webPaginas.JSFManagedBeans.formularios.MB_paginaCadastroEntidades.executarAcaoSelecionada()V+5
j  br.org.carameloCode.erp.crm.paginas.crmAtendimento.PgProspecto.executarAcaoSelecionada()V+1
j  com.super_bits.modulosSB.webPaginas.JSFManagedBeans.formularios.B_Pagina.executaAcaoSelecionadaPorEnum(Lcom/super_bits/modulosSB/SBCore/modulos/fabrica/ComoFabricaAcoes;)V+15
j  br.org.carameloCode.erp.crm.paginas.crmAtendimento.PgProspecto.executarAcao(Lbr/org/carameloCode/erp/modulo/crm/entidadesJPA/prospecto/Pessoa;)V+59
j  br.org.carameloCode.erp.crm.paginas.crmAtendimento.PgProspecto.executarAcao(Lcom/super_bits/modulosSB/SBCore/modulos/objetos/entidade/basico/ComoEntidadeSimples;)V+5
j  com.super_bits.modulosSB.webPaginas.JSFManagedBeans.formularios.MB_paginaCadastroEntidades.executarAcaoSelecionada()V+5
j  br.org.carameloCode.erp.crm.paginas.crmAtendimento.PgProspecto.executarAcaoSelecionada()V+1
j  com.super_bits.modulosSB.webPaginas.JSFManagedBeans.formularios.B_Pagina.executaAcaoSelecionadaPorEnum(Lcom/super_bits/modulosSB/SBCore/modulos/fabrica/ComoFabricaAcoes;)V+15
j  br.org.carameloCode.erp.crm.paginas.crmAtendimento.PgProspecto.executarAcao(Lbr/org/carameloCode/erp/modulo/crm/entidadesJPA/prospecto/Pessoa;)V+59
j  br.org.carameloCode.erp.crm.paginas.crmAtendimento.PgProspecto.executarAcao(Lcom/super_bits/modulosSB/SBCore/modulos/objetos/entidade/basico/ComoEntidadeSimples;)V+5
j  com.super_bits.modulosSB.webPaginas.JSFManagedBeans.formularios.MB_paginaCadastroEntidades.executarAcaoSelecionada()V+5
j  br.org.carameloCode.erp.crm.paginas.crmAtendimento.PgProspecto.executarAcaoSelecionada()V+1
j  com.super_bits.modulosSB.webPaginas.JSFManagedBeans.formularios.B_Pagina.executaAcaoSelecionadaPorEnum(Lcom/super_bits/modulosSB/SBCore/modulos/fabrica/ComoFabricaAcoes;)V+15
j  br.org.carameloCode.erp.crm.paginas.crmAtendimento.PgProspecto.executarAcao(Lbr/org/carameloCode/erp/modulo/crm/entidadesJPA/prospecto/Pessoa;)V+59
j  br.org.carameloCode.erp.crm.paginas.crmAtendimento.PgProspecto.executarAcao(Lcom/super_bits/modulosSB/SBCore/modulos/objetos/entidade/basico/ComoEntidadeSimples;)V+5
j  com.super_bits.modulosSB.webPaginas.JSFManagedBeans.formularios.MB_paginaCadastroEntidades.executarAcaoSelecionada()V+5
j  br.org.carameloCode.erp.crm.paginas.crmAtendimento.PgProspecto.executarAcaoSelecionada()V+1
j  com.super_bits.modulosSB.webPaginas.JSFManagedBeans.formularios.B_Pagina.executaAcaoSelecionadaPorEnum(Lcom/super_bits/modulosSB/SBCore/modulos/fabrica/ComoFabricaAcoes;)V+15
j  br.org.carameloCode.erp.crm.paginas.crmAtendimento.PgProspecto.executarAcao(Lbr/org/carameloCode/erp/modulo/crm/entidadesJPA/prospecto/Pessoa;)V+59
j  br.org.carameloCode.erp.crm.paginas.crmAtendimento.PgProspecto.executarAcao(Lcom/super_bits/modulosSB/SBCore/modulos/objetos/entidade/basico/ComoEntidadeSimples;)V+5
j  com.super_bits.modulosSB.webPaginas.JSFManagedBeans.formularios.MB_paginaCadastroEntidades.executarAcaoSelecionada()V+5
j  br.org.carameloCode.erp.crm.paginas.crmAtendimento.PgProspecto.executarAcaoSelecionada()V+1
j  com.super_bits.modulosSB.webPaginas.JSFManagedBeans.formularios.B_Pagina.executaAcaoSelecionadaPorEnum(Lcom/super_bits/modulosSB/SBCore/modulos/fabrica/ComoFabricaAcoes;)V+15
j  br.org.carameloCode.erp.crm.paginas.crmAtendimento.PgProspecto.executarAcao(Lbr/org/carameloCode/erp/modulo/crm/entidadesJPA/prospecto/Pessoa;)V+59
j  br.org.carameloCode.erp.crm.paginas.crmAtendimento.PgProspecto.executarAcao(Lcom/super_bits/modulosSB/SBCore/modulos/objetos/entidade/basico/ComoEntidadeSimples;)V+5
j  com.super_bits.modulosSB.webPaginas.JSFManagedBeans.formularios.MB_paginaCadastroEntidades.executarAcaoSelecionada()V+5
j  br.org.carameloCode.erp.crm.paginas.crmAtendimento.PgProspecto.executarAcaoSelecionada()V+1
j  com.super_bits.modulosSB.webPaginas.JSFManagedBeans.formularios.B_Pagina.executaAcaoSelecionadaPorEnum(Lcom/super_bits/modulosSB/SBCore/modulos/fabrica/ComoFabricaAcoes;)V+15
j  br.org.carameloCode.erp.crm.paginas.crmAtendimento.PgProspecto.executarAcao(Lbr/org/carameloCode/erp/modulo/crm/entidadesJPA/prospecto/Pessoa;)V+59
j  br.org.carameloCode.erp.crm.paginas.crmAtendimento.PgProspecto.executarAcao(Lcom/super_bits/modulosSB/SBCore/modulos/objetos/entidade/basico/ComoEntidadeSimples;)V+5
j  com.super_bits.modulosSB.webPaginas.JSFManagedBeans.formularios.MB_paginaCadastroEntidades.executarAcaoSelecionada()V+5
j  br.org.carameloCode.erp.crm.paginas.crmAtendimento.PgProspecto.executarAcaoSelecionada()V+1
j  com.super_bits.modulosSB.webPaginas.JSFManagedBeans.formularios.B_Pagina.executaAcaoSelecionadaPorEnum(Lcom/super_bits/modulosSB/SBCore/modulos/fabrica/ComoFabricaAcoes;)V+15
j  br.org.carameloCode.erp.crm.paginas.crmAtendimento.PgProspecto.executarAcao(Lbr/org/carameloCode/erp/modulo/crm/entidadesJPA/prospecto/Pessoa;)V+59
j  br.org.carameloCode.erp.crm.paginas.crmAtendimento.PgProspecto.executarAcao(Lcom/super_bits/modulosSB/SBCore/modulos/objetos/entidade/basico/ComoEntidadeSimples;)V+5
j  com.super_bits.modulosSB.webPaginas.JSFManagedBeans.formularios.MB_paginaCadastroEntidades.executarAcaoSelecionada()V+5
j  br.org.carameloCode.erp.crm.paginas.crmAtendimento.PgProspecto.executarAcaoSelecionada()V+1
j  com.super_bits.modulosSB.webPaginas.JSFManagedBeans.formularios.B_Pagina.executaAcaoSelecionadaPorEnum(Lcom/super_bits/modulosSB/SBCore/modulos/fabrica/ComoFabricaAcoes;)V+15
j  br.org.carameloCode.erp.crm.paginas.crmAtendimento.PgProspecto.executarAcao(Lbr/org/carameloCode/erp/modulo/crm/entidadesJPA/prospecto/Pessoa;)V+59
j  br.org.carameloCode.erp.crm.paginas.crmAtendimento.PgProspecto.executarAcao(Lcom/super_bits/modulosSB/SBCore/modulos/objetos/entidade/basico/ComoEntidadeSimples;)V+5
j  com.super_bits.modulosSB.webPaginas.JSFManagedBeans.formularios.MB_paginaCadastroEntidades.executarAcaoSelecionada()V+5
j  br.org.carameloCode.erp.crm.paginas.crmAtendimento.PgProspecto.executarAcaoSelecionada()V+1
j  com.super_bits.modulosSB.webPaginas.JSFManagedBeans.formularios.B_Pagina.executaAcaoSelecionadaPorEnum(Lcom/super_bits/modulosSB/SBCore/modulos/fabrica/ComoFabricaAcoes;)V+15
j  br.org.carameloCode.erp.crm.paginas.crmAtendimento.PgProspecto.executarAcao(Lbr/org/carameloCode/erp/modulo/crm/entidadesJPA/prospecto/Pessoa;)V+59
j  br.org.carameloCode.erp.crm.paginas.crmAtendimento.PgProspecto.executarAcao(Lcom/super_bits/modulosSB/SBCore/modulos/objetos/entidade/basico/ComoEntidadeSimples;)V+5
j  com.super_bits.modulosSB.webPaginas.JSFManagedBeans.formularios.MB_paginaCadastroEntidades.executarAcaoSelecionada()V+5
j  br.org.carameloCode.erp.crm.paginas.crmAtendimento.PgProspecto.executarAcaoSelecionada()V+1
j  com.super_bits.modulosSB.webPaginas.JSFManagedBeans.formularios.B_Pagina.executaAcaoSelecionadaPorEnum(Lcom/super_bits/modulosSB/SBCore/modulos/fabrica/ComoFabricaAcoes;)V+15
j  br.org.carameloCode.erp.crm.paginas.crmAtendimento.PgProspecto.executarAcao(Lbr/org/carameloCode/erp/modulo/crm/entidadesJPA/prospecto/Pessoa;)V+59
j  br.org.carameloCode.erp.crm.paginas.crmAtendimento.PgProspecto.executarAcao(Lcom/super_bits/modulosSB/SBCore/modulos/objetos/entidade/basico/ComoEntidadeSimples;)V+5
j  com.super_bits.modulosSB.webPaginas.JSFManagedBeans.formularios.MB_paginaCadastroEntidades.executarAcaoSelecionada()V+5
j  br.org.carameloCode.erp.crm.paginas.crmAtendimento.PgProspecto.executarAcaoSelecionada()V+1
j  com.super_bits.modulosSB.webPaginas.JSFManagedBeans.formularios.B_Pagina.executaAcaoSelecionadaPorEnum(Lcom/super_bits/modulosSB/SBCore/modulos/fabrica/ComoFabricaAcoes;)V+15
j  br.org.carameloCode.erp.crm.paginas.crmAtendimento.PgProspecto.executarAcao(Lbr/org/carameloCode/erp/modulo/crm/entidadesJPA/prospecto/Pessoa;)V+59
j  br.org.carameloCode.erp.crm.paginas.crmAtendimento.PgProspecto.executarAcao(Lcom/super_bits/modulosSB/SBCore/modulos/objetos/entidade/basico/ComoEntidadeSimples;)V+5
j  com.super_bits.modulosSB.webPaginas.JSFManagedBeans.formularios.MB_paginaCadastroEntidades.executarAcaoSelecionada()V+5
j  br.org.carameloCode.erp.crm.paginas.crmAtendimento.PgProspecto.executarAcaoSelecionada()V+1
j  com.super_bits.modulosSB.webPaginas.JSFManagedBeans.formularios.B_Pagina.executaAcaoSelecionadaPorEnum(Lcom/super_bits/modulosSB/SBCore/modulos/fabrica/ComoFabricaAcoes;)V+15
j  br.org.carameloCode.erp.crm.paginas.crmAtendimento.PgProspecto.executarAcao(Lbr/org/carameloCode/erp/modulo/crm/entidadesJPA/prospecto/Pessoa;)V+59
j  br.org.carameloCode.erp.crm.paginas.crmAtendimento.PgProspecto.executarAcao(Lcom/super_bits/modulosSB/SBCore/modulos/objetos/entidade/basico/ComoEntidadeSimples;)V+5
j  com.super_bits.modulosSB.webPaginas.JSFManagedBeans.formularios.MB_paginaCadastroEntidades.executarAcaoSelecionada()V+5
j  br.org.carameloCode.erp.crm.paginas.crmAtendimento.PgProspecto.executarAcaoSelecionada()V+1
j  com.super_bits.modulosSB.webPaginas.JSFManagedBeans.formularios.B_Pagina.executaAcaoSelecionadaPorEnum(Lcom/super_bits/modulosSB/SBCore/modulos/fabrica/ComoFabricaAcoes;)V+15
j  br.org.carameloCode.erp.crm.paginas.crmAtendimento.PgProspecto.executarAcao(Lbr/org/carameloCode/erp/modulo/crm/entidadesJPA/prospecto/Pessoa;)V+59
j  br.org.carameloCode.erp.crm.paginas.crmAtendimento.PgProspecto.executarAcao(Lcom/super_bits/modulosSB/SBCore/modulos/objetos/entidade/basico/ComoEntidadeSimples;)V+5
j  com.super_bits.modulosSB.webPaginas.JSFManagedBeans.formularios.MB_paginaCadastroEntidades.executarAcaoSelecionada()V+5
j  br.org.carameloCode.erp.crm.paginas.crmAtendimento.PgProspecto.executarAcaoSelecionada()V+1
j  com.super_bits.modulosSB.webPaginas.JSFManagedBeans.formularios.B_Pagina.executaAcaoSelecionadaPorEnum(Lcom/super_bits/modulosSB/SBCore/modulos/fabrica/ComoFabricaAcoes;)V+15
j  br.org.carameloCode.erp.crm.paginas.crmAtendimento.PgProspecto.executarAcao(Lbr/org/carameloCode/erp/modulo/crm/entidadesJPA/prospecto/Pessoa;)V+59
j  br.org.carameloCode.erp.crm.paginas.crmAtendimento.PgProspecto.executarAcao(Lcom/super_bits/modulosSB/SBCore/modulos/objetos/entidade/basico/ComoEntidadeSimples;)V+5
j  com.super_bits.modulosSB.webPaginas.JSFManagedBeans.formularios.MB_paginaCadastroEntidades.executarAcaoSelecionada()V+5
j  br.org.carameloCode.erp.crm.paginas.crmAtendimento.PgProspecto.executarAcaoSelecionada()V+1
j  com.super_bits.modulosSB.webPaginas.JSFManagedBeans.formularios.B_Pagina.executaAcaoSelecionadaPorEnum(Lcom/super_bits/modulosSB/SBCore/modulos/fabrica/ComoFabricaAcoes;)V+15
j  br.org.carameloCode.erp.crm.paginas.crmAtendimento.PgProspecto.executarAcao(Lbr/org/carameloCode/erp/modulo/crm/entidadesJPA/prospecto/Pessoa;)V+59
j  br.org.carameloCode.erp.crm.paginas.crmAtendimento.PgProspecto.executarAcao(Lcom/super_bits/modulosSB/SBCore/modulos/objetos/entidade/basico/ComoEntidadeSimples;)V+5
j  com.super_bits.modulosSB.webPaginas.JSFManagedBeans.formularios.MB_paginaCadastroEntidades.executarAcaoSelecionada()V+5
j  br.org.carameloCode.erp.crm.paginas.crmAtendimento.PgProspecto.executarAcaoSelecionada()V+1
j  com.super_bits.modulosSB.webPaginas.JSFManagedBeans.formularios.B_Pagina.executaAcaoSelecionadaPorEnum(Lcom/super_bits/modulosSB/SBCore/modulos/fabrica/ComoFabricaAcoes;)V+15
j  br.org.carameloCode.erp.crm.paginas.crmAtendimento.PgProspecto.executarAcao(Lbr/org/carameloCode/erp/modulo/crm/entidadesJPA/prospecto/Pessoa;)V+59
j  br.org.carameloCode.erp.crm.paginas.crmAtendimento.PgProspecto.executarAcao(Lcom/super_bits/modulosSB/SBCore/modulos/objetos/entidade/basico/ComoEntidadeSimples;)V+5
j  com.super_bits.modulosSB.webPaginas.JSFManagedBeans.formularios.MB_paginaCadastroEntidades.executarAcaoSelecionada()V+5
j  br.org.carameloCode.erp.crm.paginas.crmAtendimento.PgProspecto.executarAcaoSelecionada()V+1
j  com.super_bits.modulosSB.webPaginas.JSFManagedBeans.formularios.B_Pagina.executaAcaoSelecionadaPorEnum(Lcom/super_bits/modulosSB/SBCore/modulos/fabrica/ComoFabricaAcoes;)V+15
j  br.org.carameloCode.erp.crm.paginas.crmAtendimento.PgProspecto.executarAcao(Lbr/org/carameloCode/erp/modulo/crm/entidadesJPA/prospecto/Pessoa;)V+59
j  br.org.carameloCode.erp.crm.paginas.crmAtendimento.PgProspecto.executarAcao(Lcom/super_bits/modulosSB/SBCore/modulos/objetos/entidade/basico/ComoEntidadeSimples;)V+5
j  com.super_bits.modulosSB.webPaginas.JSFManagedBeans.formularios.MB_paginaCadastroEntidades.executarAcaoSelecionada()V+5
j  br.org.carameloCode.erp.crm.paginas.crmAtendimento.PgProspecto.executarAcaoSelecionada()V+1
j  com.super_bits.modulosSB.webPaginas.JSFManagedBeans.formularios.B_Pagina.executaAcaoSelecionadaPorEnum(Lcom/super_bits/modulosSB/SBCore/modulos/fabrica/ComoFabricaAcoes;)V+15
j  br.org.carameloCode.erp.crm.paginas.crmAtendimento.PgProspecto.executarAcao(Lbr/org/carameloCode/erp/modulo/crm/entidadesJPA/prospecto/Pessoa;)V+59
j  br.org.carameloCode.erp.crm.paginas.crmAtendimento.PgProspecto.executarAcao(Lcom/super_bits/modulosSB/SBCore/modulos/objetos/entidade/basico/ComoEntidadeSimples;)V+5
j  com.super_bits.modulosSB.webPaginas.JSFManagedBeans.formularios.MB_paginaCadastroEntidades.executarAcaoSelecionada()V+5
j  br.org.carameloCode.erp.crm.paginas.crmAtendimento.PgProspecto.executarAcaoSelecionada()V+1
j  com.super_bits.modulosSB.webPaginas.JSFManagedBeans.formularios.B_Pagina.executaAcaoSelecionadaPorEnum(Lcom/super_bits/modulosSB/SBCore/modulos/fabrica/ComoFabricaAcoes;)V+15
j  br.org.carameloCode.erp.crm.paginas.crmAtendimento.PgProspecto.executarAcao(Lbr/org/carameloCode/erp/modulo/crm/entidadesJPA/prospecto/Pessoa;)V+59
j  br.org.carameloCode.erp.crm.paginas.crmAtendimento.PgProspecto.executarAcao(Lcom/super_bits/modulosSB/SBCore/modulos/objetos/entidade/basico/ComoEntidadeSimples;)V+5
j  com.super_bits.modulosSB.webPaginas.JSFManagedBeans.formularios.MB_paginaCadastroEntidades.executarAcaoSelecionada()V+5
j  br.org.carameloCode.erp.crm.paginas.crmAtendimento.PgProspecto.executarAcaoSelecionada()V+1
j  com.super_bits.modulosSB.webPaginas.JSFManagedBeans.formularios.B_Pagina.executaAcaoSelecionadaPorEnum(Lcom/super_bits/modulosSB/SBCore/modulos/fabrica/ComoFabricaAcoes;)V+15
j  br.org.carameloCode.erp.crm.paginas.crmAtendimento.PgProspecto.executarAcao(Lbr/org/carameloCode/erp/modulo/crm/entidadesJPA/prospecto/Pessoa;)V+59
j  br.org.carameloCode.erp.crm.paginas.crmAtendimento.PgProspecto.executarAcao(Lcom/super_bits/modulosSB/SBCore/modulos/objetos/entidade/basico/ComoEntidadeSimples;)V+5
j  com.super_bits.modulosSB.webPaginas.JSFManagedBeans.formularios.MB_paginaCadastroEntidades.executarAcaoSelecionada()V+5
j  br.org.carameloCode.erp.crm.paginas.crmAtendimento.PgProspecto.executarAcaoSelecionada()V+1
j  com.super_bits.modulosSB.webPaginas.JSFManagedBeans.formularios.B_Pagina.executaAcaoSelecionadaPorEnum(Lcom/super_bits/modulosSB/SBCore/modulos/fabrica/ComoFabricaAcoes;)V+15
j  br.org.carameloCode.erp.crm.paginas.crmAtendimento.PgProspecto.executarAcao(Lbr/org/carameloCode/erp/modulo/crm/entidadesJPA/prospecto/Pessoa;)V+59
j  br.org.carameloCode.erp.crm.paginas.crmAtendimento.PgProspecto.executarAcao(Lcom/super_bits/modulosSB/SBCore/modulos/objetos/entidade/basico/ComoEntidadeSimples;)V+5
j  com.super_bits.modulosSB.webPaginas.JSFManagedBeans.formularios.MB_paginaCadastroEntidades.executarAcaoSelecionada()V+5
j  br.org.carameloCode.erp.crm.paginas.crmAtendimento.PgProspecto.executarAcaoSelecionada()V+1
j  com.super_bits.modulosSB.webPaginas.JSFManagedBeans.formularios.B_Pagina.executaAcaoSelecionadaPorEnum(Lcom/super_bits/modulosSB/SBCore/modulos/fabrica/ComoFabricaAcoes;)V+15
j  br.org.carameloCode.erp.crm.paginas.crmAtendimento.PgProspecto.executarAcao(Lbr/org/carameloCode/erp/modulo/crm/entidadesJPA/prospecto/Pessoa;)V+59
j  br.org.carameloCode.erp.crm.paginas.crmAtendimento.PgProspecto.executarAcao(Lcom/super_bits/modulosSB/SBCore/modulos/objetos/entidade/basico/ComoEntidadeSimples;)V+5
j  com.super_bits.modulosSB.webPaginas.JSFManagedBeans.formularios.MB_paginaCadastroEntidades.executarAcaoSelecionada()V+5
j  br.org.carameloCode.erp.crm.paginas.crmAtendimento.PgProspecto.executarAcaoSelecionada()V+1
j  com.super_bits.modulosSB.webPaginas.JSFManagedBeans.formularios.B_Pagina.executaAcaoSelecionadaPorEnum(Lcom/super_bits/modulosSB/SBCore/modulos/fabrica/ComoFabricaAcoes;)V+15
j  br.org.carameloCode.erp.crm.paginas.crmAtendimento.PgProspecto.executarAcao(Lbr/org/carameloCode/erp/modulo/crm/entidadesJPA/prospecto/Pessoa;)V+59
j  br.org.carameloCode.erp.crm.paginas.crmAtendimento.PgProspecto.executarAcao(Lcom/super_bits/modulosSB/SBCore/modulos/objetos/entidade/basico/ComoEntidadeSimples;)V+5
j  com.super_bits.modulosSB.webPaginas.JSFManagedBeans.formularios.MB_paginaCadastroEntidades.executarAcaoSelecionada()V+5
j  br.org.carameloCode.erp.crm.paginas.crmAtendimento.PgProspecto.executarAcaoSelecionada()V+1
j  com.super_bits.modulosSB.webPaginas.JSFManagedBeans.formularios.B_Pagina.executaAcaoSelecionadaPorEnum(Lcom/super_bits/modulosSB/SBCore/modulos/fabrica/ComoFabricaAcoes;)V+15
j  br.org.carameloCode.erp.crm.paginas.crmAtendimento.PgProspecto.executarAcao(Lbr/org/carameloCode/erp/modulo/crm/entidadesJPA/prospecto/Pessoa;)V+59
j  br.org.carameloCode.erp.crm.paginas.crmAtendimento.PgProspecto.executarAcao(Lcom/super_bits/modulosSB/SBCore/modulos/objetos/entidade/basico/ComoEntidadeSimples;)V+5
j  com.super_bits.modulosSB.webPaginas.JSFManagedBeans.formularios.MB_paginaCadastroEntidades.executarAcaoSelecionada()V+5
j  br.org.carameloCode.erp.crm.paginas.crmAtendimento.PgProspecto.executarAcaoSelecionada()V+1
j  com.super_bits.modulosSB.webPaginas.JSFManagedBeans.formularios.B_Pagina.executaAcaoSelecionadaPorEnum(Lcom/super_bits/modulosSB/SBCore/modulos/fabrica/ComoFabricaAcoes;)V+15
j  br.org.carameloCode.erp.crm.paginas.crmAtendimento.PgProspecto.executarAcao(Lbr/org/carameloCode/erp/modulo/crm/entidadesJPA/prospecto/Pessoa;)V+59
j  br.org.carameloCode.erp.crm.paginas.crmAtendimento.PgProspecto.executarAcao(Lcom/super_bits/modulosSB/SBCore/modulos/objetos/entidade/basico/ComoEntidadeSimples;)V+5
j  com.super_bits.modulosSB.webPaginas.JSFManagedBeans.formularios.MB_paginaCadastroEntidades.executarAcaoSelecionada()V+5
j  br.org.carameloCode.erp.crm.paginas.crmAtendimento.PgProspecto.executarAcaoSelecionada()V+1
j  com.super_bits.modulosSB.webPaginas.JSFManagedBeans.formularios.B_Pagina.executaAcaoSelecionadaPorEnum(Lcom/super_bits/modulosSB/SBCore/modulos/fabrica/ComoFabricaAcoes;)V+15
j  br.org.carameloCode.erp.crm.paginas.crmAtendimento.PgProspecto.executarAcao(Lbr/org/carameloCode/erp/modulo/crm/entidadesJPA/prospecto/Pessoa;)V+59
j  br.org.carameloCode.erp.crm.paginas.crmAtendimento.PgProspecto.executarAcao(Lcom/super_bits/modulosSB/SBCore/modulos/objetos/entidade/basico/ComoEntidadeSimples;)V+5
j  com.super_bits.modulosSB.webPaginas.JSFManagedBeans.formularios.MB_paginaCadastroEntidades.executarAcaoSelecionada()V+5
j  br.org.carameloCode.erp.crm.paginas.crmAtendimento.PgProspecto.executarAcaoSelecionada()V+1
j  com.super_bits.modulosSB.webPaginas.JSFManagedBeans.formularios.B_Pagina.executaAcaoSelecionadaPorEnum(Lcom/super_bits/modulosSB/SBCore/modulos/fabrica/ComoFabricaAcoes;)V+15
j  br.org.carameloCode.erp.crm.paginas.crmAtendimento.PgProspecto.executarAcao(Lbr/org/carameloCode/erp/modulo/crm/entidadesJPA/prospecto/Pessoa;)V+59
j  br.org.carameloCode.erp.crm.paginas.crmAtendimento.PgProspecto.executarAcao(Lcom/super_bits/modulosSB/SBCore/modulos/objetos/entidade/basico/ComoEntidadeSimples;)V+5
j  com.super_bits.modulosSB.webPaginas.JSFManagedBeans.formularios.MB_paginaCadastroEntidades.executarAcaoSelecionada()V+5
j  br.org.carameloCode.erp.crm.paginas.crmAtendimento.PgProspecto.executarAcaoSelecionada()V+1
j  com.super_bits.modulosSB.webPaginas.JSFManagedBeans.formularios.B_Pagina.executaAcaoSelecionadaPorEnum(Lcom/super_bits/modulosSB/SBCore/modulos/fabrica/ComoFabricaAcoes;)V+15
j  br.org.carameloCode.erp.crm.paginas.crmAtendimento.PgProspecto.executarAcao(Lbr/org/carameloCode/erp/modulo/crm/entidadesJPA/prospecto/Pessoa;)V+59
j  br.org.carameloCode.erp.crm.paginas.crmAtendimento.PgProspecto.executarAcao(Lcom/super_bits/modulosSB/SBCore/modulos/objetos/entidade/basico/ComoEntidadeSimples;)V+5
j  com.super_bits.modulosSB.webPaginas.JSFManagedBeans.formularios.MB_paginaCadastroEntidades.executarAcaoSelecionada()V+5
j  br.org.carameloCode.erp.crm.paginas.crmAtendimento.PgProspecto.executarAcaoSelecionada()V+1
j  com.super_bits.modulosSB.webPaginas.JSFManagedBeans.formularios.B_Pagina.executaAcaoSelecionadaPorEnum(Lcom/super_bits/modulosSB/SBCore/modulos/fabrica/ComoFabricaAcoes;)V+15
j  br.org.carameloCode.erp.crm.paginas.crmAtendimento.PgProspecto.executarAcao(Lbr/org/carameloCode/erp/modulo/crm/entidadesJPA/prospecto/Pessoa;)V+59
j  br.org.carameloCode.erp.crm.paginas.crmAtendimento.PgProspecto.executarAcao(Lcom/super_bits/modulosSB/SBCore/modulos/objetos/entidade/basico/ComoEntidadeSimples;)V+5
j  com.super_bits.modulosSB.webPaginas.JSFManagedBeans.formularios.MB_paginaCadastroEntidades.executarAcaoSelecionada()V+5
j  br.org.carameloCode.erp.crm.paginas.crmAtendimento.PgProspecto.executarAcaoSelecionada()V+1
j  com.super_bits.modulosSB.webPaginas.JSFManagedBeans.formularios.B_Pagina.executaAcaoSelecionadaPorEnum(Lcom/super_bits/modulosSB/SBCore/modulos/fabrica/ComoFabricaAcoes;)V+15
j  br.org.carameloCode.erp.crm.paginas.crmAtendimento.PgProspecto.executarAcao(Lbr/org/carameloCode/erp/modulo/crm/entidadesJPA/prospecto/Pessoa;)V+59
j  br.org.carameloCode.erp.crm.paginas.crmAtendimento.PgProspecto.executarAcao(Lcom/super_bits/modulosSB/SBCore/modulos/objetos/entidade/basico/ComoEntidadeSimples;)V+5
j  com.super_bits.modulosSB.webPaginas.JSFManagedBeans.formularios.MB_paginaCadastroEntidades.executarAcaoSelecionada()V+5
j  br.org.carameloCode.erp.crm.paginas.crmAtendimento.PgProspecto.executarAcaoSelecionada()V+1
j  com.super_bits.modulosSB.webPaginas.JSFManagedBeans.formularios.B_Pagina.executaAcaoSelecionadaPorEnum(Lcom/super_bits/modulosSB/SBCore/modulos/fabrica/ComoFabricaAcoes;)V+15
j  br.org.carameloCode.erp.crm.paginas.crmAtendimento.PgProspecto.executarAcao(Lbr/org/carameloCode/erp/modulo/crm/entidadesJPA/prospecto/Pessoa;)V+59
j  br.org.carameloCode.erp.crm.paginas.crmAtendimento.PgProspecto.executarAcao(Lcom/super_bits/modulosSB/SBCore/modulos/objetos/entidade/basico/ComoEntidadeSimples;)V+5
j  com.super_bits.modulosSB.webPaginas.JSFManagedBeans.formularios.MB_paginaCadastroEntidades.executarAcaoSelecionada()V+5
j  br.org.carameloCode.erp.crm.paginas.crmAtendimento.PgProspecto.executarAcaoSelecionada()V+1
j  com.super_bits.modulosSB.webPaginas.JSFManagedBeans.formularios.B_Pagina.executaAcaoSelecionadaPorEnum(Lcom/super_bits/modulosSB/SBCore/modulos/fabrica/ComoFabricaAcoes;)V+15
j  br.org.carameloCode.erp.crm.paginas.crmAtendimento.PgProspecto.executarAcao(Lbr/org/carameloCode/erp/modulo/crm/entidadesJPA/prospecto/Pessoa;)V+59
j  br.org.carameloCode.erp.crm.paginas.crmAtendimento.PgProspecto.executarAcao(Lcom/super_bits/modulosSB/SBCore/modulos/objetos/entidade/basico/ComoEntidadeSimples;)V+5
j  com.super_bits.modulosSB.webPaginas.JSFManagedBeans.formularios.MB_paginaCadastroEntidades.executarAcaoSelecionada()V+5
j  br.org.carameloCode.erp.crm.paginas.crmAtendimento.PgProspecto.executarAcaoSelecionada()V+1
j  com.super_bits.modulosSB.webPaginas.JSFManagedBeans.formularios.B_Pagina.executaAcaoSelecionadaPorEnum(Lcom/super_bits/modulosSB/SBCore/modulos/fabrica/ComoFabricaAcoes;)V+15
j  br.org.carameloCode.erp.crm.paginas.crmAtendimento.PgProspecto.executarAcao(Lbr/org/carameloCode/erp/modulo/crm/entidadesJPA/prospecto/Pessoa;)V+59
j  br.org.carameloCode.erp.crm.paginas.crmAtendimento.PgProspecto.executarAcao(Lcom/super_bits/modulosSB/SBCore/modulos/objetos/entidade/basico/ComoEntidadeSimples;)V+5
j  com.super_bits.modulosSB.webPaginas.JSFManagedBeans.formularios.MB_paginaCadastroEntidades.executarAcaoSelecionada()V+5
j  br.org.carameloCode.erp.crm.paginas.crmAtendimento.PgProspecto.executarAcaoSelecionada()V+1
j  com.super_bits.modulosSB.webPaginas.JSFManagedBeans.formularios.B_Pagina.executaAcaoSelecionadaPorEnum(Lcom/super_bits/modulosSB/SBCore/modulos/fabrica/ComoFabricaAcoes;)V+15
j  br.org.carameloCode.erp.crm.paginas.crmAtendimento.PgProspecto.executarAcao(Lbr/org/carameloCode/erp/modulo/crm/entidadesJPA/prospecto/Pessoa;)V+59
j  br.org.carameloCode.erp.crm.paginas.crmAtendimento.PgProspecto.executarAcao(Lcom/super_bits/modulosSB/SBCore/modulos/objetos/entidade/basico/ComoEntidadeSimples;)V+5
j  com.super_bits.modulosSB.webPaginas.JSFManagedBeans.formularios.MB_paginaCadastroEntidades.executarAcaoSelecionada()V+5
j  br.org.carameloCode.erp.crm.paginas.crmAtendimento.PgProspecto.executarAcaoSelecionada()V+1
j  com.super_bits.modulosSB.webPaginas.JSFManagedBeans.formularios.B_Pagina.executaAcaoSelecionadaPorEnum(Lcom/super_bits/modulosSB/SBCore/modulos/fabrica/ComoFabricaAcoes;)V+15
j  br.org.carameloCode.erp.crm.paginas.crmAtendimento.PgProspecto.executarAcao(Lbr/org/carameloCode/erp/modulo/crm/entidadesJPA/prospecto/Pessoa;)V+59
j  br.org.carameloCode.erp.crm.paginas.crmAtendimento.PgProspecto.executarAcao(Lcom/super_bits/modulosSB/SBCore/modulos/objetos/entidade/basico/ComoEntidadeSimples;)V+5
j  com.super_bits.modulosSB.webPaginas.JSFManagedBeans.formularios.MB_paginaCadastroEntidades.executarAcaoSelecionada()V+5
j  br.org.carameloCode.erp.crm.paginas.crmAtendimento.PgProspecto.executarAcaoSelecionada()V+1
j  com.super_bits.modulosSB.webPaginas.JSFManagedBeans.formularios.B_Pagina.executaAcaoSelecionadaPorEnum(Lcom/super_bits/modulosSB/SBCore/modulos/fabrica/ComoFabricaAcoes;)V+15
j  br.org.carameloCode.erp.crm.paginas.crmAtendimento.PgProspecto.executarAcao(Lbr/org/carameloCode/erp/modulo/crm/entidadesJPA/prospecto/Pessoa;)V+59
j  br.org.carameloCode.erp.crm.paginas.crmAtendimento.PgProspecto.executarAcao(Lcom/super_bits/modulosSB/SBCore/modulos/objetos/entidade/basico/ComoEntidadeSimples;)V+5
j  com.super_bits.modulosSB.webPaginas.JSFManagedBeans.formularios.MB_paginaCadastroEntidades.executarAcaoSelecionada()V+5
j  br.org.carameloCode.erp.crm.paginas.crmAtendimento.PgProspecto.executarAcaoSelecionada()V+1
j  com.super_bits.modulosSB.webPaginas.JSFManagedBeans.formularios.B_Pagina.executaAcaoSelecionadaPorEnum(Lcom/super_bits/modulosSB/SBCore/modulos/fabrica/ComoFabricaAcoes;)V+15
j  br.org.carameloCode.erp.crm.paginas.crmAtendimento.PgProspecto.executarAcao(Lbr/org/carameloCode/erp/modulo/crm/entidadesJPA/prospecto/Pessoa;)V+59
j  br.org.carameloCode.erp.crm.paginas.crmAtendimento.PgProspecto.executarAcao(Lcom/super_bits/modulosSB/SBCore/modulos/objetos/entidade/basico/ComoEntidadeSimples;)V+5
j  com.super_bits.modulosSB.webPaginas.JSFManagedBeans.formularios.MB_paginaCadastroEntidades.executarAcaoSelecionada()V+5
j  br.org.carameloCode.erp.crm.paginas.crmAtendimento.PgProspecto.executarAcaoSelecionada()V+1
j  com.super_bits.modulosSB.webPaginas.JSFManagedBeans.formularios.B_Pagina.executaAcaoSelecionadaPorEnum(Lcom/super_bits/modulosSB/SBCore/modulos/fabrica/ComoFabricaAcoes;)V+15
j  br.org.carameloCode.erp.crm.paginas.crmAtendimento.PgProspecto.executarAcao(Lbr/org/carameloCode/erp/modulo/crm/entidadesJPA/prospecto/Pessoa;)V+59
j  br.org.carameloCode.erp.crm.paginas.crmAtendimento.PgProspecto.executarAcao(Lcom/super_bits/modulosSB/SBCore/modulos/objetos/entidade/basico/ComoEntidadeSimples;)V+5
j  com.super_bits.modulosSB.webPaginas.JSFManagedBeans.formularios.MB_paginaCadastroEntidades.executarAcaoSelecionada()V+5
j  br.org.carameloCode.erp.crm.paginas.crmAtendimento.PgProspecto.executarAcaoSelecionada()V+1
j  com.super_bits.modulosSB.webPaginas.JSFManagedBeans.formularios.B_Pagina.executaAcaoSelecionadaPorEnum(Lcom/super_bits/modulosSB/SBCore/modulos/fabrica/ComoFabricaAcoes;)V+15
j  br.org.carameloCode.erp.crm.paginas.crmAtendimento.PgProspecto.executarAcao(Lbr/org/carameloCode/erp/modulo/crm/entidadesJPA/prospecto/Pessoa;)V+59
j  br.org.carameloCode.erp.crm.paginas.crmAtendimento.PgProspecto.executarAcao(Lcom/super_bits/modulosSB/SBCore/modulos/objetos/entidade/basico/ComoEntidadeSimples;)V+5
j  com.super_bits.modulosSB.webPaginas.JSFManagedBeans.formularios.MB_paginaCadastroEntidades.executarAcaoSelecionada()V+5
j  br.org.carameloCode.erp.crm.paginas.crmAtendimento.PgProspecto.executarAcaoSelecionada()V+1
j  com.super_bits.modulosSB.webPaginas.JSFManagedBeans.formularios.B_Pagina.executaAcaoSelecionadaPorEnum(Lcom/super_bits/modulosSB/SBCore/modulos/fabrica/ComoFabricaAcoes;)V+15
j  br.org.carameloCode.erp.crm.paginas.crmAtendimento.PgProspecto.executarAcao(Lbr/org/carameloCode/erp/modulo/crm/entidadesJPA/prospecto/Pessoa;)V+59
j  br.org.carameloCode.erp.crm.paginas.crmAtendimento.PgProspecto.executarAcao(Lcom/super_bits/modulosSB/SBCore/modulos/objetos/entidade/basico/ComoEntidadeSimples;)V+5
j  com.super_bits.modulosSB.webPaginas.JSFManagedBeans.formularios.MB_paginaCadastroEntidades.executarAcaoSelecionada()V+5
j  br.org.carameloCode.erp.crm.paginas.crmAtendimento.PgProspecto.executarAcaoSelecionada()V+1
j  com.super_bits.modulosSB.webPaginas.JSFManagedBeans.formularios.B_Pagina.executaAcaoSelecionadaPorEnum(Lcom/super_bits/modulosSB/SBCore/modulos/fabrica/ComoFabricaAcoes;)V+15
j  br.org.carameloCode.erp.crm.paginas.crmAtendimento.PgProspecto.executarAcao(Lbr/org/carameloCode/erp/modulo/crm/entidadesJPA/prospecto/Pessoa;)V+59
j  br.org.carameloCode.erp.crm.paginas.crmAtendimento.PgProspecto.executarAcao(Lcom/super_bits/modulosSB/SBCore/modulos/objetos/entidade/basico/ComoEntidadeSimples;)V+5
j  com.super_bits.modulosSB.webPaginas.JSFManagedBeans.formularios.MB_paginaCadastroEntidades.executarAcaoSelecionada()V+5
j  br.org.carameloCode.erp.crm.paginas.crmAtendimento.PgProspecto.executarAcaoSelecionada()V+1
j  com.super_bits.modulosSB.webPaginas.JSFManagedBeans.formularios.B_Pagina.executaAcaoSelecionadaPorEnum(Lcom/super_bits/modulosSB/SBCore/modulos/fabrica/ComoFabricaAcoes;)V+15
j  br.org.carameloCode.erp.crm.paginas.crmAtendimento.PgProspecto.executarAcao(Lbr/org/carameloCode/erp/modulo/crm/entidadesJPA/prospecto/Pessoa;)V+59
j  br.org.carameloCode.erp.crm.paginas.crmAtendimento.PgProspecto.executarAcao(Lcom/super_bits/modulosSB/SBCore/modulos/objetos/entidade/basico/ComoEntidadeSimples;)V+5
j  com.super_bits.modulosSB.webPaginas.JSFManagedBeans.formularios.MB_paginaCadastroEntidades.executarAcaoSelecionada()V+5
j  br.org.carameloCode.erp.crm.paginas.crmAtendimento.PgProspecto.executarAcaoSelecionada()V+1
j  com.super_bits.modulosSB.webPaginas.JSFManagedBeans.formularios.B_Pagina.executaAcaoSelecionadaPorEnum(Lcom/super_bits/modulosSB/SBCore/modulos/fabrica/ComoFabricaAcoes;)V+15
j  br.org.carameloCode.erp.crm.paginas.crmAtendimento.PgProspecto.executarAcao(Lbr/org/carameloCode/erp/modulo/crm/entidadesJPA/prospecto/Pessoa;)V+59
j  br.org.carameloCode.erp.crm.paginas.crmAtendimento.PgProspecto.executarAcao(Lcom/super_bits/modulosSB/SBCore/modulos/objetos/entidade/basico/ComoEntidadeSimples;)V+5
j  com.super_bits.modulosSB.webPaginas.JSFManagedBeans.formularios.MB_paginaCadastroEntidades.executarAcaoSelecionada()V+5
j  br.org.carameloCode.erp.crm.paginas.crmAtendimento.PgProspecto.executarAcaoSelecionada()V+1
j  com.super_bits.modulosSB.webPaginas.JSFManagedBeans.formularios.B_Pagina.executaAcaoSelecionadaPorEnum(Lcom/super_bits/modulosSB/SBCore/modulos/fabrica/ComoFabricaAcoes;)V+15
j  br.org.carameloCode.erp.crm.paginas.crmAtendimento.PgProspecto.executarAcao(Lbr/org/carameloCode/erp/modulo/crm/entidadesJPA/prospecto/Pessoa;)V+59
j  br.org.carameloCode.erp.crm.paginas.crmAtendimento.PgProspecto.executarAcao(Lcom/super_bits/modulosSB/SBCore/modulos/objetos/entidade/basico/ComoEntidadeSimples;)V+5
j  com.super_bits.modulosSB.webPaginas.JSFManagedBeans.formularios.MB_paginaCadastroEntidades.executarAcaoSelecionada()V+5
j  br.org.carameloCode.erp.crm.paginas.crmAtendimento.PgProspecto.executarAcaoSelecionada()V+1
j  com.super_bits.modulosSB.webPaginas.JSFManagedBeans.formularios.B_Pagina.executaAcaoSelecionadaPorEnum(Lcom/super_bits/modulosSB/SBCore/modulos/fabrica/ComoFabricaAcoes;)V+15
j  br.org.carameloCode.erp.crm.paginas.crmAtendimento.PgProspecto.executarAcao(Lbr/org/carameloCode/erp/modulo/crm/entidadesJPA/prospecto/Pessoa;)V+59
j  br.org.carameloCode.erp.crm.paginas.crmAtendimento.PgProspecto.executarAcao(Lcom/super_bits/modulosSB/SBCore/modulos/objetos/entidade/basico/ComoEntidadeSimples;)V+5
j  com.super_bits.modulosSB.webPaginas.JSFManagedBeans.formularios.MB_paginaCadastroEntidades.executarAcaoSelecionada()V+5
j  br.org.carameloCode.erp.crm.paginas.crmAtendimento.PgProspecto.executarAcaoSelecionada()V+1
j  com.super_bits.modulosSB.webPaginas.JSFManagedBeans.formularios.B_Pagina.executaAcaoSelecionadaPorEnum(Lcom/super_bits/modulosSB/SBCore/modulos/fabrica/ComoFabricaAcoes;)V+15
j  br.org.carameloCode.erp.crm.paginas.crmAtendimento.PgProspecto.executarAcao(Lbr/org/carameloCode/erp/modulo/crm/entidadesJPA/prospecto/Pessoa;)V+59
j  br.org.carameloCode.erp.crm.paginas.crmAtendimento.PgProspecto.executarAcao(Lcom/super_bits/modulosSB/SBCore/modulos/objetos/entidade/basico/ComoEntidadeSimples;)V+5
j  com.super_bits.modulosSB.webPaginas.JSFManagedBeans.formularios.MB_paginaCadastroEntidades.executarAcaoSelecionada()V+5
j  br.org.carameloCode.erp.crm.paginas.crmAtendimento.PgProspecto.executarAcaoSelecionada()V+1
j  com.super_bits.modulosSB.webPaginas.JSFManagedBeans.formularios.B_Pagina.executaAcaoSelecionadaPorEnum(Lcom/super_bits/modulosSB/SBCore/modulos/fabrica/ComoFabricaAcoes;)V+15
j  br.org.carameloCode.erp.crm.paginas.crmAtendimento.PgProspecto.executarAcao(Lbr/org/carameloCode/erp/modulo/crm/entidadesJPA/prospecto/Pessoa;)V+59
j  br.org.carameloCode.erp.crm.paginas.crmAtendimento.PgProspecto.executarAcao(Lcom/super_bits/modulosSB/SBCore/modulos/objetos/entidade/basico/ComoEntidadeSimples;)V+5
j  com.super_bits.modulosSB.webPaginas.JSFManagedBeans.formularios.MB_paginaCadastroEntidades.executarAcaoSelecionada()V+5
j  br.org.carameloCode.erp.crm.paginas.crmAtendimento.PgProspecto.executarAcaoSelecionada()V+1
j  com.super_bits.modulosSB.webPaginas.JSFManagedBeans.formularios.B_Pagina.executaAcaoSelecionadaPorEnum(Lcom/super_bits/modulosSB/SBCore/modulos/fabrica/ComoFabricaAcoes;)V+15
j  br.org.carameloCode.erp.crm.paginas.crmAtendimento.PgProspecto.executarAcao(Lbr/org/carameloCode/erp/modulo/crm/entidadesJPA/prospecto/Pessoa;)V+59
j  br.org.carameloCode.erp.crm.paginas.crmAtendimento.PgProspecto.executarAcao(Lcom/super_bits/modulosSB/SBCore/modulos/objetos/entidade/basico/ComoEntidadeSimples;)V+5
j  com.super_bits.modulosSB.webPaginas.JSFManagedBeans.formularios.MB_paginaCadastroEntidades.executarAcaoSelecionada()V+5
j  br.org.carameloCode.erp.crm.paginas.crmAtendimento.PgProspecto.executarAcaoSelecionada()V+1
j  com.super_bits.modulosSB.webPaginas.JSFManagedBeans.formularios.B_Pagina.executaAcaoSelecionadaPorEnum(Lcom/super_bits/modulosSB/SBCore/modulos/fabrica/ComoFabricaAcoes;)V+15
j  br.org.carameloCode.erp.crm.paginas.crmAtendimento.PgProspecto.executarAcao(Lbr/org/carameloCode/erp/modulo/crm/entidadesJPA/prospecto/Pessoa;)V+59
j  br.org.carameloCode.erp.crm.paginas.crmAtendimento.PgProspecto.executarAcao(Lcom/super_bits/modulosSB/SBCore/modulos/objetos/entidade/basico/ComoEntidadeSimples;)V+5
j  com.super_bits.modulosSB.webPaginas.JSFManagedBeans.formularios.MB_paginaCadastroEntidades.executarAcaoSelecionada()V+5
j  br.org.carameloCode.erp.crm.paginas.crmAtendimento.PgProspecto.executarAcaoSelecionada()V+1
j  com.super_bits.modulosSB.webPaginas.JSFManagedBeans.formularios.B_Pagina.executaAcaoSelecionadaPorEnum(Lcom/super_bits/modulosSB/SBCore/modulos/fabrica/ComoFabricaAcoes;)V+15
j  br.org.carameloCode.erp.crm.paginas.crmAtendimento.PgProspecto.executarAcao(Lbr/org/carameloCode/erp/modulo/crm/entidadesJPA/prospecto/Pessoa;)V+59
j  br.org.carameloCode.erp.crm.paginas.crmAtendimento.PgProspecto.executarAcao(Lcom/super_bits/modulosSB/SBCore/modulos/objetos/entidade/basico/ComoEntidadeSimples;)V+5
j  com.super_bits.modulosSB.webPaginas.JSFManagedBeans.formularios.MB_paginaCadastroEntidades.executarAcaoSelecionada()V+5
j  br.org.carameloCode.erp.crm.paginas.crmAtendimento.PgProspecto.executarAcaoSelecionada()V+1
j  com.super_bits.modulosSB.webPaginas.JSFManagedBeans.formularios.B_Pagina.executaAcaoSelecionadaPorEnum(Lcom/super_bits/modulosSB/SBCore/modulos/fabrica/ComoFabricaAcoes;)V+15
j  br.org.carameloCode.erp.crm.paginas.crmAtendimento.PgProspecto.executarAcao(Lbr/org/carameloCode/erp/modulo/crm/entidadesJPA/prospecto/Pessoa;)V+59
j  br.org.carameloCode.erp.crm.paginas.crmAtendimento.PgProspecto.executarAcao(Lcom/super_bits/modulosSB/SBCore/modulos/objetos/entidade/basico/ComoEntidadeSimples;)V+5
j  com.super_bits.modulosSB.webPaginas.JSFManagedBeans.formularios.MB_paginaCadastroEntidades.executarAcaoSelecionada()V+5
j  br.org.carameloCode.erp.crm.paginas.crmAtendimento.PgProspecto.executarAcaoSelecionada()V+1
j  com.super_bits.modulosSB.webPaginas.JSFManagedBeans.formularios.B_Pagina.executaAcaoSelecionadaPorEnum(Lcom/super_bits/modulosSB/SBCore/modulos/fabrica/ComoFabricaAcoes;)V+15
j  br.org.carameloCode.erp.crm.paginas.crmAtendimento.PgProspecto.executarAcao(Lbr/org/carameloCode/erp/modulo/crm/entidadesJPA/prospecto/Pessoa;)V+59
j  br.org.carameloCode.erp.crm.paginas.crmAtendimento.PgProspecto.executarAcao(Lcom/super_bits/modulosSB/SBCore/modulos/objetos/entidade/basico/ComoEntidadeSimples;)V+5
j  com.super_bits.modulosSB.webPaginas.JSFManagedBeans.formularios.MB_paginaCadastroEntidades.executarAcaoSelecionada()V+5
j  br.org.carameloCode.erp.crm.paginas.crmAtendimento.PgProspecto.executarAcaoSelecionada()V+1
j  com.super_bits.modulosSB.webPaginas.JSFManagedBeans.formularios.B_Pagina.executaAcaoSelecionadaPorEnum(Lcom/super_bits/modulosSB/SBCore/modulos/fabrica/ComoFabricaAcoes;)V+15
j  br.org.carameloCode.erp.crm.paginas.crmAtendimento.PgProspecto.executarAcao(Lbr/org/carameloCode/erp/modulo/crm/entidadesJPA/prospecto/Pessoa;)V+59
j  br.org.carameloCode.erp.crm.paginas.crmAtendimento.PgProspecto.executarAcao(Lcom/super_bits/modulosSB/SBCore/modulos/objetos/entidade/basico/ComoEntidadeSimples;)V+5
j  com.super_bits.modulosSB.webPaginas.JSFManagedBeans.formularios.MB_paginaCadastroEntidades.executarAcaoSelecionada()V+5
j  br.org.carameloCode.erp.crm.paginas.crmAtendimento.PgProspecto.executarAcaoSelecionada()V+1
j  com.super_bits.modulosSB.webPaginas.JSFManagedBeans.formularios.B_Pagina.executaAcaoSelecionadaPorEnum(Lcom/super_bits/modulosSB/SBCore/modulos/fabrica/ComoFabricaAcoes;)V+15
j  br.org.carameloCode.erp.crm.paginas.crmAtendimento.PgProspecto.executarAcao(Lbr/org/carameloCode/erp/modulo/crm/entidadesJPA/prospecto/Pessoa;)V+59
j  br.org.carameloCode.erp.crm.paginas.crmAtendimento.PgProspecto.executarAcao(Lcom/super_bits/modulosSB/SBCore/modulos/objetos/entidade/basico/ComoEntidadeSimples;)V+5
j  com.super_bits.modulosSB.webPaginas.JSFManagedBeans.formularios.MB_paginaCadastroEntidades.executarAcaoSelecionada()V+5
j  br.org.carameloCode.erp.crm.paginas.crmAtendimento.PgProspecto.executarAcaoSelecionada()V+1
j  com.super_bits.modulosSB.webPaginas.JSFManagedBeans.formularios.B_Pagina.executaAcaoSelecionadaPorEnum(Lcom/super_bits/modulosSB/SBCore/modulos/fabrica/ComoFabricaAcoes;)V+15
j  br.org.carameloCode.erp.crm.paginas.crmAtendimento.PgProspecto.executarAcao(Lbr/org/carameloCode/erp/modulo/crm/entidadesJPA/prospecto/Pessoa;)V+59
j  br.org.carameloCode.erp.crm.paginas.crmAtendimento.PgProspecto.executarAcao(Lcom/super_bits/modulosSB/SBCore/modulos/objetos/entidade/basico/ComoEntidadeSimples;)V+5
j  com.super_bits.modulosSB.webPaginas.JSFManagedBeans.formularios.MB_paginaCadastroEntidades.executarAcaoSelecionada()V+5
j  br.org.carameloCode.erp.crm.paginas.crmAtendimento.PgProspecto.executarAcaoSelecionada()V+1
j  com.super_bits.modulosSB.webPaginas.JSFManagedBeans.formularios.B_Pagina.executaAcaoSelecionadaPorEnum(Lcom/super_bits/modulosSB/SBCore/modulos/fabrica/ComoFabricaAcoes;)V+15
j  br.org.carameloCode.erp.crm.paginas.crmAtendimento.PgProspecto.executarAcao(Lbr/org/carameloCode/erp/modulo/crm/entidadesJPA/prospecto/Pessoa;)V+59
j  br.org.carameloCode.erp.crm.paginas.crmAtendimento.PgProspecto.executarAcao(Lcom/super_bits/modulosSB/SBCore/modulos/objetos/entidade/basico/ComoEntidadeSimples;)V+5
j  com.super_bits.modulosSB.webPaginas.JSFManagedBeans.formularios.MB_paginaCadastroEntidades.executarAcaoSelecionada()V+5
j  br.org.carameloCode.erp.crm.paginas.crmAtendimento.PgProspecto.executarAcaoSelecionada()V+1
j  com.super_bits.modulosSB.webPaginas.JSFManagedBeans.formularios.B_Pagina.executaAcaoSelecionadaPorEnum(Lcom/super_bits/modulosSB/SBCore/modulos/fabrica/ComoFabricaAcoes;)V+15
j  br.org.carameloCode.erp.crm.paginas.crmAtendimento.PgProspecto.executarAcao(Lbr/org/carameloCode/erp/modulo/crm/entidadesJPA/prospecto/Pessoa;)V+59
j  br.org.carameloCode.erp.crm.paginas.crmAtendimento.PgProspecto.executarAcao(Lcom/super_bits/modulosSB/SBCore/modulos/objetos/entidade/basico/ComoEntidadeSimples;)V+5
j  com.super_bits.modulosSB.webPaginas.JSFManagedBeans.formularios.MB_paginaCadastroEntidades.executarAcaoSelecionada()V+5
j  br.org.carameloCode.erp.crm.paginas.crmAtendimento.PgProspecto.executarAcaoSelecionada()V+1
j  com.super_bits.modulosSB.webPaginas.JSFManagedBeans.formularios.B_Pagina.executaAcaoSelecionadaPorEnum(Lcom/super_bits/modulosSB/SBCore/modulos/fabrica/ComoFabricaAcoes;)V+15
j  br.org.carameloCode.erp.crm.paginas.crmAtendimento.PgProspecto.executarAcao(Lbr/org/carameloCode/erp/modulo/crm/entidadesJPA/prospecto/Pessoa;)V+59
j  br.org.carameloCode.erp.crm.paginas.crmAtendimento.PgProspecto.executarAcao(Lcom/super_bits/modulosSB/SBCore/modulos/objetos/entidade/basico/ComoEntidadeSimples;)V+5
j  com.super_bits.modulosSB.webPaginas.JSFManagedBeans.formularios.MB_paginaCadastroEntidades.executarAcaoSelecionada()V+5
j  br.org.carameloCode.erp.crm.paginas.crmAtendimento.PgProspecto.executarAcaoSelecionada()V+1
j  com.super_bits.modulosSB.webPaginas.JSFManagedBeans.formularios.B_Pagina.executaAcaoSelecionadaPorEnum(Lcom/super_bits/modulosSB/SBCore/modulos/fabrica/ComoFabricaAcoes;)V+15
j  br.org.carameloCode.erp.crm.paginas.crmAtendimento.PgProspecto.executarAcao(Lbr/org/carameloCode/erp/modulo/crm/entidadesJPA/prospecto/Pessoa;)V+59
j  br.org.carameloCode.erp.crm.paginas.crmAtendimento.PgProspecto.executarAcao(Lcom/super_bits/modulosSB/SBCore/modulos/objetos/entidade/basico/ComoEntidadeSimples;)V+5
j  com.super_bits.modulosSB.webPaginas.JSFManagedBeans.formularios.MB_paginaCadastroEntidades.executarAcaoSelecionada()V+5
j  br.org.carameloCode.erp.crm.paginas.crmAtendimento.PgProspecto.executarAcaoSelecionada()V+1
j  com.super_bits.modulosSB.webPaginas.JSFManagedBeans.formularios.B_Pagina.executaAcaoSelecionadaPorEnum(Lcom/super_bits/modulosSB/SBCore/modulos/fabrica/ComoFabricaAcoes;)V+15
j  br.org.carameloCode.erp.crm.paginas.crmAtendimento.PgProspecto.executarAcao(Lbr/org/carameloCode/erp/modulo/crm/entidadesJPA/prospecto/Pessoa;)V+59
j  br.org.carameloCode.erp.crm.paginas.crmAtendimento.PgProspecto.executarAcao(Lcom/super_bits/modulosSB/SBCore/modulos/objetos/entidade/basico/ComoEntidadeSimples;)V+5
j  com.super_bits.modulosSB.webPaginas.JSFManagedBeans.formularios.MB_paginaCadastroEntidades.executarAcaoSelecionada()V+5
j  br.org.carameloCode.erp.crm.paginas.crmAtendimento.PgProspecto.executarAcaoSelecionada()V+1
j  com.super_bits.modulosSB.webPaginas.JSFManagedBeans.formularios.B_Pagina.executaAcaoSelecionadaPorEnum(Lcom/super_bits/modulosSB/SBCore/modulos/fabrica/ComoFabricaAcoes;)V+15
j  br.org.carameloCode.erp.crm.paginas.crmAtendimento.PgProspecto.executarAcao(Lbr/org/carameloCode/erp/modulo/crm/entidadesJPA/prospecto/Pessoa;)V+59
j  br.org.carameloCode.erp.crm.paginas.crmAtendimento.PgProspecto.executarAcao(Lcom/super_bits/modulosSB/SBCore/modulos/objetos/entidade/basico/ComoEntidadeSimples;)V+5
j  com.super_bits.modulosSB.webPaginas.JSFManagedBeans.formularios.MB_paginaCadastroEntidades.executarAcaoSelecionada()V+5
j  br.org.carameloCode.erp.crm.paginas.crmAtendimento.PgProspecto.executarAcaoSelecionada()V+1
j  com.super_bits.modulosSB.webPaginas.JSFManagedBeans.formularios.B_Pagina.executaAcaoSelecionadaPorEnum(Lcom/super_bits/modulosSB/SBCore/modulos/fabrica/ComoFabricaAcoes;)V+15
j  br.org.carameloCode.erp.crm.paginas.crmAtendimento.PgProspecto.executarAcao(Lbr/org/carameloCode/erp/modulo/crm/entidadesJPA/prospecto/Pessoa;)V+59
j  br.org.carameloCode.erp.crm.paginas.crmAtendimento.PgProspecto.executarAcao(Lcom/super_bits/modulosSB/SBCore/modulos/objetos/entidade/basico/ComoEntidadeSimples;)V+5
j  com.super_bits.modulosSB.webPaginas.JSFManagedBeans.formularios.MB_paginaCadastroEntidades.executarAcaoSelecionada()V+5
j  br.org.carameloCode.erp.crm.paginas.crmAtendimento.PgProspecto.executarAcaoSelecionada()V+1
j  com.super_bits.modulosSB.webPaginas.JSFManagedBeans.formularios.B_Pagina.executaAcaoSelecionadaPorEnum(Lcom/super_bits/modulosSB/SBCore/modulos/fabrica/ComoFabricaAcoes;)V+15
j  br.org.carameloCode.erp.crm.paginas.crmAtendimento.PgProspecto.executarAcao(Lbr/org/carameloCode/erp/modulo/crm/entidadesJPA/prospecto/Pessoa;)V+59
j  br.org.carameloCode.erp.crm.paginas.crmAtendimento.PgProspecto.executarAcao(Lcom/super_bits/modulosSB/SBCore/modulos/objetos/entidade/basico/ComoEntidadeSimples;)V+5
j  com.super_bits.modulosSB.webPaginas.JSFManagedBeans.formularios.MB_paginaCadastroEntidades.executarAcaoSelecionada()V+5
j  br.org.carameloCode.erp.crm.paginas.crmAtendimento.PgProspecto.executarAcaoSelecionada()V+1
j  com.super_bits.modulosSB.webPaginas.JSFManagedBeans.formularios.B_Pagina.executaAcaoSelecionadaPorEnum(Lcom/super_bits/modulosSB/SBCore/modulos/fabrica/ComoFabricaAcoes;)V+15
j  br.org.carameloCode.erp.crm.paginas.crmAtendimento.PgProspecto.executarAcao(Lbr/org/carameloCode/erp/modulo/crm/entidadesJPA/prospecto/Pessoa;)V+59
j  br.org.carameloCode.erp.crm.paginas.crmAtendimento.PgProspecto.executarAcao(Lcom/super_bits/modulosSB/SBCore/modulos/objetos/entidade/basico/ComoEntidadeSimples;)V+5
j  com.super_bits.modulosSB.webPaginas.JSFManagedBeans.formularios.MB_paginaCadastroEntidades.executarAcaoSelecionada()V+5
j  br.org.carameloCode.erp.crm.paginas.crmAtendimento.PgProspecto.executarAcaoSelecionada()V+1
j  com.super_bits.modulosSB.webPaginas.JSFManagedBeans.formularios.B_Pagina.executaAcaoSelecionadaPorEnum(Lcom/super_bits/modulosSB/SBCore/modulos/fabrica/ComoFabricaAcoes;)V+15
j  br.org.carameloCode.erp.crm.paginas.crmAtendimento.PgProspecto.executarAcao(Lbr/org/carameloCode/erp/modulo/crm/entidadesJPA/prospecto/Pessoa;)V+59
j  br.org.carameloCode.erp.crm.paginas.crmAtendimento.PgProspecto.executarAcao(Lcom/super_bits/modulosSB/SBCore/modulos/objetos/entidade/basico/ComoEntidadeSimples;)V+5
j  com.super_bits.modulosSB.webPaginas.JSFManagedBeans.formularios.MB_paginaCadastroEntidades.executarAcaoSelecionada()V+5
j  br.org.carameloCode.erp.crm.paginas.crmAtendimento.PgProspecto.executarAcaoSelecionada()V+1
j  com.super_bits.modulosSB.webPaginas.JSFManagedBeans.formularios.B_Pagina.executaAcaoSelecionadaPorEnum(Lcom/super_bits/modulosSB/SBCore/modulos/fabrica/ComoFabricaAcoes;)V+15
j  br.org.carameloCode.erp.crm.paginas.crmAtendimento.PgProspecto.executarAcao(Lbr/org/carameloCode/erp/modulo/crm/entidadesJPA/prospecto/Pessoa;)V+59
j  br.org.carameloCode.erp.crm.paginas.crmAtendimento.PgProspecto.executarAcao(Lcom/super_bits/modulosSB/SBCore/modulos/objetos/entidade/basico/ComoEntidadeSimples;)V+5
j  com.super_bits.modulosSB.webPaginas.JSFManagedBeans.formularios.MB_paginaCadastroEntidades.executarAcaoSelecionada()V+5
j  br.org.carameloCode.erp.crm.paginas.crmAtendimento.PgProspecto.executarAcaoSelecionada()V+1
j  com.super_bits.modulosSB.webPaginas.JSFManagedBeans.formularios.B_Pagina.executaAcaoSelecionadaPorEnum(Lcom/super_bits/modulosSB/SBCore/modulos/fabrica/ComoFabricaAcoes;)V+15
j  br.org.carameloCode.erp.crm.paginas.crmAtendimento.PgProspecto.executarAcao(Lbr/org/carameloCode/erp/modulo/crm/entidadesJPA/prospecto/Pessoa;)V+59
j  br.org.carameloCode.erp.crm.paginas.crmAtendimento.PgProspecto.executarAcao(Lcom/super_bits/modulosSB/SBCore/modulos/objetos/entidade/basico/ComoEntidadeSimples;)V+5
j  com.super_bits.modulosSB.webPaginas.JSFManagedBeans.formularios.MB_paginaCadastroEntidades.executarAcaoSelecionada()V+5
j  br.org.carameloCode.erp.crm.paginas.crmAtendimento.PgProspecto.executarAcaoSelecionada()V+1
j  com.super_bits.modulosSB.webPaginas.JSFManagedBeans.formularios.B_Pagina.executaAcaoSelecionadaPorEnum(Lcom/super_bits/modulosSB/SBCore/modulos/fabrica/ComoFabricaAcoes;)V+15
j  br.org.carameloCode.erp.crm.paginas.crmAtendimento.PgProspecto.executarAcao(Lbr/org/carameloCode/erp/modulo/crm/entidadesJPA/prospecto/Pessoa;)V+59
j  br.org.carameloCode.erp.crm.paginas.crmAtendimento.PgProspecto.executarAcao(Lcom/super_bits/modulosSB/SBCore/modulos/objetos/entidade/basico/ComoEntidadeSimples;)V+5
j  com.super_bits.modulosSB.webPaginas.JSFManagedBeans.formularios.MB_paginaCadastroEntidades.executarAcaoSelecionada()V+5
j  br.org.carameloCode.erp.crm.paginas.crmAtendimento.PgProspecto.executarAcaoSelecionada()V+1
j  com.super_bits.modulosSB.webPaginas.JSFManagedBeans.formularios.B_Pagina.executaAcaoSelecionadaPorEnum(Lcom/super_bits/modulosSB/SBCore/modulos/fabrica/ComoFabricaAcoes;)V+15
j  br.org.carameloCode.erp.crm.paginas.crmAtendimento.PgProspecto.executarAcao(Lbr/org/carameloCode/erp/modulo/crm/entidadesJPA/prospecto/Pessoa;)V+59
j  br.org.carameloCode.erp.crm.paginas.crmAtendimento.PgProspecto.executarAcao(Lcom/super_bits/modulosSB/SBCore/modulos/objetos/entidade/basico/ComoEntidadeSimples;)V+5
j  com.super_bits.modulosSB.webPaginas.JSFManagedBeans.formularios.MB_paginaCadastroEntidades.executarAcaoSelecionada()V+5
j  br.org.carameloCode.erp.crm.paginas.crmAtendimento.PgProspecto.executarAcaoSelecionada()V+1
j  com.super_bits.modulosSB.webPaginas.JSFManagedBeans.formularios.B_Pagina.executaAcaoSelecionadaPorEnum(Lcom/super_bits/modulosSB/SBCore/modulos/fabrica/ComoFabricaAcoes;)V+15
j  br.org.carameloCode.erp.crm.paginas.crmAtendimento.PgProspecto.executarAcao(Lbr/org/carameloCode/erp/modulo/crm/entidadesJPA/prospecto/Pessoa;)V+59
j  br.org.carameloCode.erp.crm.paginas.crmAtendimento.PgProspecto.executarAcao(Lcom/super_bits/modulosSB/SBCore/modulos/objetos/entidade/basico/ComoEntidadeSimples;)V+5
j  com.super_bits.modulosSB.webPaginas.JSFManagedBeans.formularios.MB_paginaCadastroEntidades.executarAcaoSelecionada()V+5
j  br.org.carameloCode.erp.crm.paginas.crmAtendimento.PgProspecto.executarAcaoSelecionada()V+1
j  com.super_bits.modulosSB.webPaginas.JSFManagedBeans.formularios.B_Pagina.executaAcaoSelecionadaPorEnum(Lcom/super_bits/modulosSB/SBCore/modulos/fabrica/ComoFabricaAcoes;)V+15
j  br.org.carameloCode.erp.crm.paginas.crmAtendimento.PgProspecto.executarAcao(Lbr/org/carameloCode/erp/modulo/crm/entidadesJPA/prospecto/Pessoa;)V+59
j  br.org.carameloCode.erp.crm.paginas.crmAtendimento.PgProspecto.executarAcao(Lcom/super_bits/modulosSB/SBCore/modulos/objetos/entidade/basico/ComoEntidadeSimples;)V+5
j  com.super_bits.modulosSB.webPaginas.JSFManagedBeans.formularios.MB_paginaCadastroEntidades.executarAcaoSelecionada()V+5
j  br.org.carameloCode.erp.crm.paginas.crmAtendimento.PgProspecto.executarAcaoSelecionada()V+1
j  com.super_bits.modulosSB.webPaginas.JSFManagedBeans.formularios.B_Pagina.executaAcaoSelecionadaPorEnum(Lcom/super_bits/modulosSB/SBCore/modulos/fabrica/ComoFabricaAcoes;)V+15
j  br.org.carameloCode.erp.crm.paginas.crmAtendimento.PgProspecto.executarAcao(Lbr/org/carameloCode/erp/modulo/crm/entidadesJPA/prospecto/Pessoa;)V+59
j  br.org.carameloCode.erp.crm.paginas.crmAtendimento.PgProspecto.executarAcao(Lcom/super_bits/modulosSB/SBCore/modulos/objetos/entidade/basico/ComoEntidadeSimples;)V+5
j  com.super_bits.modulosSB.webPaginas.JSFManagedBeans.formularios.MB_paginaCadastroEntidades.executarAcaoSelecionada()V+5
j  br.org.carameloCode.erp.crm.paginas.crmAtendimento.PgProspecto.executarAcaoSelecionada()V+1
j  com.super_bits.modulosSB.webPaginas.JSFManagedBeans.formularios.B_Pagina.executaAcaoSelecionadaPorEnum(Lcom/super_bits/modulosSB/SBCore/modulos/fabrica/ComoFabricaAcoes;)V+15
j  br.org.carameloCode.erp.crm.paginas.crmAtendimento.PgProspecto.executarAcao(Lbr/org/carameloCode/erp/modulo/crm/entidadesJPA/prospecto/Pessoa;)V+59
j  br.org.carameloCode.erp.crm.paginas.crmAtendimento.PgProspecto.executarAcao(Lcom/super_bits/modulosSB/SBCore/modulos/objetos/entidade/basico/ComoEntidadeSimples;)V+5
j  com.super_bits.modulosSB.webPaginas.JSFManagedBeans.formularios.MB_paginaCadastroEntidades.executarAcaoSelecionada()V+5
j  br.org.carameloCode.erp.crm.paginas.crmAtendimento.PgProspecto.executarAcaoSelecionada()V+1
j  com.super_bits.modulosSB.webPaginas.JSFManagedBeans.formularios.B_Pagina.executaAcaoSelecionadaPorEnum(Lcom/super_bits/modulosSB/SBCore/modulos/fabrica/ComoFabricaAcoes;)V+15
j  br.org.carameloCode.erp.crm.paginas.crmAtendimento.PgProspecto.executarAcao(Lbr/org/carameloCode/erp/modulo/crm/entidadesJPA/prospecto/Pessoa;)V+59
j  br.org.carameloCode.erp.crm.paginas.crmAtendimento.PgProspecto.executarAcao(Lcom/super_bits/modulosSB/SBCore/modulos/objetos/entidade/basico/ComoEntidadeSimples;)V+5
j  com.super_bits.modulosSB.webPaginas.JSFManagedBeans.formularios.MB_paginaCadastroEntidades.executarAcaoSelecionada()V+5
j  br.org.carameloCode.erp.crm.paginas.crmAtendimento.PgProspecto.executarAcaoSelecionada()V+1
j  com.super_bits.modulosSB.webPaginas.JSFManagedBeans.formularios.B_Pagina.executaAcaoSelecionadaPorEnum(Lcom/super_bits/modulosSB/SBCore/modulos/fabrica/ComoFabricaAcoes;)V+15
j  br.org.carameloCode.erp.crm.paginas.crmAtendimento.PgProspecto.executarAcao(Lbr/org/carameloCode/erp/modulo/crm/entidadesJPA/prospecto/Pessoa;)V+59
j  br.org.carameloCode.erp.crm.paginas.crmAtendimento.PgProspecto.executarAcao(Lcom/super_bits/modulosSB/SBCore/modulos/objetos/entidade/basico/ComoEntidadeSimples;)V+5
j  com.super_bits.modulosSB.webPaginas.JSFManagedBeans.formularios.MB_paginaCadastroEntidades.executarAcaoSelecionada()V+5
j  br.org.carameloCode.erp.crm.paginas.crmAtendimento.PgProspecto.executarAcaoSelecionada()V+1
j  com.super_bits.modulosSB.webPaginas.JSFManagedBeans.formularios.B_Pagina.executaAcaoSelecionadaPorEnum(Lcom/super_bits/modulosSB/SBCore/modulos/fabrica/ComoFabricaAcoes;)V+15
j  br.org.carameloCode.erp.crm.paginas.crmAtendimento.PgProspecto.executarAcao(Lbr/org/carameloCode/erp/modulo/crm/entidadesJPA/prospecto/Pessoa;)V+59
j  br.org.carameloCode.erp.crm.paginas.crmAtendimento.PgProspecto.executarAcao(Lcom/super_bits/modulosSB/SBCore/modulos/objetos/entidade/basico/ComoEntidadeSimples;)V+5
j  com.super_bits.modulosSB.webPaginas.JSFManagedBeans.formularios.MB_paginaCadastroEntidades.executarAcaoSelecionada()V+5
j  br.org.carameloCode.erp.crm.paginas.crmAtendimento.PgProspecto.executarAcaoSelecionada()V+1
j  com.super_bits.modulosSB.webPaginas.JSFManagedBeans.formularios.B_Pagina.executaAcaoSelecionadaPorEnum(Lcom/super_bits/modulosSB/SBCore/modulos/fabrica/ComoFabricaAcoes;)V+15
j  br.org.carameloCode.erp.crm.paginas.crmAtendimento.PgProspecto.executarAcao(Lbr/org/carameloCode/erp/modulo/crm/entidadesJPA/prospecto/Pessoa;)V+59
j  br.org.carameloCode.erp.crm.paginas.crmAtendimento.PgProspecto.executarAcao(Lcom/super_bits/modulosSB/SBCore/modulos/objetos/entidade/basico/ComoEntidadeSimples;)V+5
j  com.super_bits.modulosSB.webPaginas.JSFManagedBeans.formularios.MB_paginaCadastroEntidades.executarAcaoSelecionada()V+5
j  br.org.carameloCode.erp.crm.paginas.crmAtendimento.PgProspecto.executarAcaoSelecionada()V+1
j  com.super_bits.modulosSB.webPaginas.JSFManagedBeans.formularios.B_Pagina.executaAcaoSelecionadaPorEnum(Lcom/super_bits/modulosSB/SBCore/modulos/fabrica/ComoFabricaAcoes;)V+15
j  br.org.carameloCode.erp.crm.paginas.crmAtendimento.PgProspecto.executarAcao(Lbr/org/carameloCode/erp/modulo/crm/entidadesJPA/prospecto/Pessoa;)V+59
j  br.org.carameloCode.erp.crm.paginas.crmAtendimento.PgProspecto.executarAcao(Lcom/super_bits/modulosSB/SBCore/modulos/objetos/entidade/basico/ComoEntidadeSimples;)V+5
j  com.super_bits.modulosSB.webPaginas.JSFManagedBeans.formularios.MB_paginaCadastroEntidades.executarAcaoSelecionada()V+5
j  br.org.carameloCode.erp.crm.paginas.crmAtendimento.PgProspecto.executarAcaoSelecionada()V+1
j  com.super_bits.modulosSB.webPaginas.JSFManagedBeans.formularios.B_Pagina.executaAcaoSelecionadaPorEnum(Lcom/super_bits/modulosSB/SBCore/modulos/fabrica/ComoFabricaAcoes;)V+15
j  br.org.carameloCode.erp.crm.paginas.crmAtendimento.PgProspecto.executarAcao(Lbr/org/carameloCode/erp/modulo/crm/entidadesJPA/prospecto/Pessoa;)V+59
j  br.org.carameloCode.erp.crm.paginas.crmAtendimento.PgProspecto.executarAcao(Lcom/super_bits/modulosSB/SBCore/modulos/objetos/entidade/basico/ComoEntidadeSimples;)V+5
j  com.super_bits.modulosSB.webPaginas.JSFManagedBeans.formularios.MB_paginaCadastroEntidades.executarAcaoSelecionada()V+5
j  br.org.carameloCode.erp.crm.paginas.crmAtendimento.PgProspecto.executarAcaoSelecionada()V+1
j  com.super_bits.modulosSB.webPaginas.JSFManagedBeans.formularios.B_Pagina.executaAcaoSelecionadaPorEnum(Lcom/super_bits/modulosSB/SBCore/modulos/fabrica/ComoFabricaAcoes;)V+15
j  br.org.carameloCode.erp.crm.paginas.crmAtendimento.PgProspecto.executarAcao(Lbr/org/carameloCode/erp/modulo/crm/entidadesJPA/prospecto/Pessoa;)V+59
j  br.org.carameloCode.erp.crm.paginas.crmAtendimento.PgProspecto.executarAcao(Lcom/super_bits/modulosSB/SBCore/modulos/objetos/entidade/basico/ComoEntidadeSimples;)V+5
j  com.super_bits.modulosSB.webPaginas.JSFManagedBeans.formularios.MB_paginaCadastroEntidades.executarAcaoSelecionada()V+5
j  br.org.carameloCode.erp.crm.paginas.crmAtendimento.PgProspecto.executarAcaoSelecionada()V+1
j  com.super_bits.modulosSB.webPaginas.JSFManagedBeans.formularios.B_Pagina.executaAcaoSelecionadaPorEnum(Lcom/super_bits/modulosSB/SBCore/modulos/fabrica/ComoFabricaAcoes;)V+15
j  br.org.carameloCode.erp.crm.paginas.crmAtendimento.PgProspecto.executarAcao(Lbr/org/carameloCode/erp/modulo/crm/entidadesJPA/prospecto/Pessoa;)V+59
j  br.org.carameloCode.erp.crm.paginas.crmAtendimento.PgProspecto.executarAcao(Lcom/super_bits/modulosSB/SBCore/modulos/objetos/entidade/basico/ComoEntidadeSimples;)V+5
j  com.super_bits.modulosSB.webPaginas.JSFManagedBeans.formularios.MB_paginaCadastroEntidades.executarAcaoSelecionada()V+5
j  br.org.carameloCode.erp.crm.paginas.crmAtendimento.PgProspecto.executarAcaoSelecionada()V+1
j  com.super_bits.modulosSB.webPaginas.JSFManagedBeans.formularios.B_Pagina.executaAcaoSelecionadaPorEnum(Lcom/super_bits/modulosSB/SBCore/modulos/fabrica/ComoFabricaAcoes;)V+15
j  br.org.carameloCode.erp.crm.paginas.crmAtendimento.PgProspecto.executarAcao(Lbr/org/carameloCode/erp/modulo/crm/entidadesJPA/prospecto/Pessoa;)V+59
j  br.org.carameloCode.erp.crm.paginas.crmAtendimento.PgProspecto.executarAcao(Lcom/super_bits/modulosSB/SBCore/modulos/objetos/entidade/basico/ComoEntidadeSimples;)V+5
j  com.super_bits.modulosSB.webPaginas.JSFManagedBeans.formularios.MB_paginaCadastroEntidades.executarAcaoSelecionada()V+5
j  br.org.carameloCode.erp.crm.paginas.crmAtendimento.PgProspecto.executarAcaoSelecionada()V+1
j  com.super_bits.modulosSB.webPaginas.JSFManagedBeans.formularios.B_Pagina.executaAcaoSelecionadaPorEnum(Lcom/super_bits/modulosSB/SBCore/modulos/fabrica/ComoFabricaAcoes;)V+15
j  br.org.carameloCode.erp.crm.paginas.crmAtendimento.PgProspecto.executarAcao(Lbr/org/carameloCode/erp/modulo/crm/entidadesJPA/prospecto/Pessoa;)V+59
j  br.org.carameloCode.erp.crm.paginas.crmAtendimento.PgProspecto.executarAcao(Lcom/super_bits/modulosSB/SBCore/modulos/objetos/entidade/basico/ComoEntidadeSimples;)V+5
j  com.super_bits.modulosSB.webPaginas.JSFManagedBeans.formularios.MB_paginaCadastroEntidades.executarAcaoSelecionada()V+5
j  br.org.carameloCode.erp.crm.paginas.crmAtendimento.PgProspecto.executarAcaoSelecionada()V+1
j  com.super_bits.modulosSB.webPaginas.JSFManagedBeans.formularios.B_Pagina.executaAcaoSelecionadaPorEnum(Lcom/super_bits/modulosSB/SBCore/modulos/fabrica/ComoFabricaAcoes;)V+15
j  br.org.carameloCode.erp.crm.paginas.crmAtendimento.PgProspecto.executarAcao(Lbr/org/carameloCode/erp/modulo/crm/entidadesJPA/prospecto/Pessoa;)V+59
j  br.org.carameloCode.erp.crm.paginas.crmAtendimento.PgProspecto.executarAcao(Lcom/super_bits/modulosSB/SBCore/modulos/objetos/entidade/basico/ComoEntidadeSimples;)V+5
j  com.super_bits.modulosSB.webPaginas.JSFManagedBeans.formularios.MB_paginaCadastroEntidades.executarAcaoSelecionada()V+5
j  br.org.carameloCode.erp.crm.paginas.crmAtendimento.PgProspecto.executarAcaoSelecionada()V+1
j  com.super_bits.modulosSB.webPaginas.JSFManagedBeans.formularios.B_Pagina.executaAcaoSelecionadaPorEnum(Lcom/super_bits/modulosSB/SBCore/modulos/fabrica/ComoFabricaAcoes;)V+15
j  br.org.carameloCode.erp.crm.paginas.crmAtendimento.PgProspecto.executarAcao(Lbr/org/carameloCode/erp/modulo/crm/entidadesJPA/prospecto/Pessoa;)V+59
j  br.org.carameloCode.erp.crm.paginas.crmAtendimento.PgProspecto.executarAcao(Lcom/super_bits/modulosSB/SBCore/modulos/objetos/entidade/basico/ComoEntidadeSimples;)V+5
j  com.super_bits.modulosSB.webPaginas.JSFManagedBeans.formularios.MB_paginaCadastroEntidades.executarAcaoSelecionada()V+5
j  br.org.carameloCode.erp.crm.paginas.crmAtendimento.PgProspecto.executarAcaoSelecionada()V+1
j  com.super_bits.modulosSB.webPaginas.JSFManagedBeans.formularios.B_Pagina.executaAcaoSelecionadaPorEnum(Lcom/super_bits/modulosSB/SBCore/modulos/fabrica/ComoFabricaAcoes;)V+15
j  br.org.carameloCode.erp.crm.paginas.crmAtendimento.PgProspecto.executarAcao(Lbr/org/carameloCode/erp/modulo/crm/entidadesJPA/prospecto/Pessoa;)V+59
j  br.org.carameloCode.erp.crm.paginas.crmAtendimento.PgProspecto.executarAcao(Lcom/super_bits/modulosSB/SBCore/modulos/objetos/entidade/basico/ComoEntidadeSimples;)V+5
j  com.super_bits.modulosSB.webPaginas.JSFManagedBeans.formularios.MB_paginaCadastroEntidades.executarAcaoSelecionada()V+5
j  br.org.carameloCode.erp.crm.paginas.crmAtendimento.PgProspecto.executarAcaoSelecionada()V+1
j  com.super_bits.modulosSB.webPaginas.JSFManagedBeans.formularios.B_Pagina.executaAcaoSelecionadaPorEnum(Lcom/super_bits/modulosSB/SBCore/modulos/fabrica/ComoFabricaAcoes;)V+15
j  br.org.carameloCode.erp.crm.paginas.crmAtendimento.PgProspecto.executarAcao(Lbr/org/carameloCode/erp/modulo/crm/entidadesJPA/prospecto/Pessoa;)V+59
j  br.org.carameloCode.erp.crm.paginas.crmAtendimento.PgProspecto.executarAcao(Lcom/super_bits/modulosSB/SBCore/modulos/objetos/entidade/basico/ComoEntidadeSimples;)V+5
j  com.super_bits.modulosSB.webPaginas.JSFManagedBeans.formularios.MB_paginaCadastroEntidades.executarAcaoSelecionada()V+5
j  br.org.carameloCode.erp.crm.paginas.crmAtendimento.PgProspecto.executarAcaoSelecionada()V+1
j  com.super_bits.modulosSB.webPaginas.JSFManagedBeans.formularios.B_Pagina.executaAcaoSelecionadaPorEnum(Lcom/super_bits/modulosSB/SBCore/modulos/fabrica/ComoFabricaAcoes;)V+15
j  br.org.carameloCode.erp.crm.paginas.crmAtendimento.PgProspecto.executarAcao(Lbr/org/carameloCode/erp/modulo/crm/entidadesJPA/prospecto/Pessoa;)V+59
j  br.org.carameloCode.erp.crm.paginas.crmAtendimento.PgProspecto.executarAcao(Lcom/super_bits/modulosSB/SBCore/modulos/objetos/entidade/basico/ComoEntidadeSimples;)V+5
j  com.super_bits.modulosSB.webPaginas.JSFManagedBeans.formularios.MB_paginaCadastroEntidades.executarAcaoSelecionada()V+5
j  br.org.carameloCode.erp.crm.paginas.crmAtendimento.PgProspecto.executarAcaoSelecionada()V+1
j  com.super_bits.modulosSB.webPaginas.JSFManagedBeans.formularios.B_Pagina.executaAcaoSelecionadaPorEnum(Lcom/super_bits/modulosSB/SBCore/modulos/fabrica/ComoFabricaAcoes;)V+15
j  br.org.carameloCode.erp.crm.paginas.crmAtendimento.PgProspecto.executarAcao(Lbr/org/carameloCode/erp/modulo/crm/entidadesJPA/prospecto/Pessoa;)V+59
j  br.org.carameloCode.erp.crm.paginas.crmAtendimento.PgProspecto.executarAcao(Lcom/super_bits/modulosSB/SBCore/modulos/objetos/entidade/basico/ComoEntidadeSimples;)V+5
j  com.super_bits.modulosSB.webPaginas.JSFManagedBeans.formularios.MB_paginaCadastroEntidades.executarAcaoSelecionada()V+5
j  br.org.carameloCode.erp.crm.paginas.crmAtendimento.PgProspecto.executarAcaoSelecionada()V+1
j  com.super_bits.modulosSB.webPaginas.JSFManagedBeans.formularios.B_Pagina.executaAcaoSelecionadaPorEnum(Lcom/super_bits/modulosSB/SBCore/modulos/fabrica/ComoFabricaAcoes;)V+15
j  br.org.carameloCode.erp.crm.paginas.crmAtendimento.PgProspecto.executarAcao(Lbr/org/carameloCode/erp/modulo/crm/entidadesJPA/prospecto/Pessoa;)V+59
j  br.org.carameloCode.erp.crm.paginas.crmAtendimento.PgProspecto.executarAcao(Lcom/super_bits/modulosSB/SBCore/modulos/objetos/entidade/basico/ComoEntidadeSimples;)V+5
j  com.super_bits.modulosSB.webPaginas.JSFManagedBeans.formularios.MB_paginaCadastroEntidades.executarAcaoSelecionada()V+5
j  br.org.carameloCode.erp.crm.paginas.crmAtendimento.PgProspecto.executarAcaoSelecionada()V+1
j  com.super_bits.modulosSB.webPaginas.JSFManagedBeans.formularios.B_Pagina.executaAcaoSelecionadaPorEnum(Lcom/super_bits/modulosSB/SBCore/modulos/fabrica/ComoFabricaAcoes;)V+15
j  br.org.carameloCode.erp.crm.paginas.crmAtendimento.PgProspecto.executarAcao(Lbr/org/carameloCode/erp/modulo/crm/entidadesJPA/prospecto/Pessoa;)V+59
j  br.org.carameloCode.erp.crm.paginas.crmAtendimento.PgProspecto.executarAcao(Lcom/super_bits/modulosSB/SBCore/modulos/objetos/entidade/basico/ComoEntidadeSimples;)V+5
j  com.super_bits.modulosSB.webPaginas.JSFManagedBeans.formularios.MB_paginaCadastroEntidades.executarAcaoSelecionada()V+5
j  br.org.carameloCode.erp.crm.paginas.crmAtendimento.PgProspecto.executarAcaoSelecionada()V+1
j  com.super_bits.modulosSB.webPaginas.JSFManagedBeans.formularios.B_Pagina.executaAcaoSelecionadaPorEnum(Lcom/super_bits/modulosSB/SBCore/modulos/fabrica/ComoFabricaAcoes;)V+15
j  br.org.carameloCode.erp.crm.paginas.crmAtendimento.PgProspecto.executarAcao(Lbr/org/carameloCode/erp/modulo/crm/entidadesJPA/prospecto/Pessoa;)V+59
j  br.org.carameloCode.erp.crm.paginas.crmAtendimento.PgProspecto.executarAcao(Lcom/super_bits/modulosSB/SBCore/modulos/objetos/entidade/basico/ComoEntidadeSimples;)V+5
j  com.super_bits.modulosSB.webPaginas.JSFManagedBeans.formularios.MB_paginaCadastroEntidades.executarAcaoSelecionada()V+5
j  br.org.carameloCode.erp.crm.paginas.crmAtendimento.PgProspecto.executarAcaoSelecionada()V+1
j  com.super_bits.modulosSB.webPaginas.JSFManagedBeans.formularios.B_Pagina.executaAcaoSelecionadaPorEnum(Lcom/super_bits/modulosSB/SBCore/modulos/fabrica/ComoFabricaAcoes;)V+15
j  br.org.carameloCode.erp.crm.paginas.crmAtendimento.PgProspecto.executarAcao(Lbr/org/carameloCode/erp/modulo/crm/entidadesJPA/prospecto/Pessoa;)V+59
j  br.org.carameloCode.erp.crm.paginas.crmAtendimento.PgProspecto.executarAcao(Lcom/super_bits/modulosSB/SBCore/modulos/objetos/entidade/basico/ComoEntidadeSimples;)V+5
j  com.super_bits.modulosSB.webPaginas.JSFManagedBeans.formularios.MB_paginaCadastroEntidades.executarAcaoSelecionada()V+5
j  br.org.carameloCode.erp.crm.paginas.crmAtendimento.PgProspecto.executarAcaoSelecionada()V+1
j  com.super_bits.modulosSB.webPaginas.JSFManagedBeans.formularios.B_Pagina.executaAcaoSelecionadaPorEnum(Lcom/super_bits/modulosSB/SBCore/modulos/fabrica/ComoFabricaAcoes;)V+15
j  br.org.carameloCode.erp.crm.paginas.crmAtendimento.PgProspecto.executarAcao(Lbr/org/carameloCode/erp/modulo/crm/entidadesJPA/prospecto/Pessoa;)V+59
j  br.org.carameloCode.erp.crm.paginas.crmAtendimento.PgProspecto.executarAcao(Lcom/super_bits/modulosSB/SBCore/modulos/objetos/entidade/basico/ComoEntidadeSimples;)V+5
j  com.super_bits.modulosSB.webPaginas.JSFManagedBeans.formularios.MB_paginaCadastroEntidades.executarAcaoSelecionada()V+5
j  br.org.carameloCode.erp.crm.paginas.crmAtendimento.PgProspecto.executarAcaoSelecionada()V+1
j  com.super_bits.modulosSB.webPaginas.JSFManagedBeans.formularios.B_Pagina.executaAcaoSelecionadaPorEnum(Lcom/super_bits/modulosSB/SBCore/modulos/fabrica/ComoFabricaAcoes;)V+15
j  br.org.carameloCode.erp.crm.paginas.crmAtendimento.PgProspecto.executarAcao(Lbr/org/carameloCode/erp/modulo/crm/entidadesJPA/prospecto/Pessoa;)V+59
j  br.org.carameloCode.erp.crm.paginas.crmAtendimento.PgProspecto.executarAcao(Lcom/super_bits/modulosSB/SBCore/modulos/objetos/entidade/basico/ComoEntidadeSimples;)V+5
j  com.super_bits.modulosSB.webPaginas.JSFManagedBeans.formularios.MB_paginaCadastroEntidades.executarAcaoSelecionada()V+5
j  br.org.carameloCode.erp.crm.paginas.crmAtendimento.PgProspecto.executarAcaoSelecionada()V+1
j  com.super_bits.modulosSB.webPaginas.JSFManagedBeans.formularios.B_Pagina.executaAcaoSelecionadaPorEnum(Lcom/super_bits/modulosSB/SBCore/modulos/fabrica/ComoFabricaAcoes;)V+15
j  br.org.carameloCode.erp.crm.paginas.crmAtendimento.PgProspecto.executarAcao(Lbr/org/carameloCode/erp/modulo/crm/entidadesJPA/prospecto/Pessoa;)V+59
j  br.org.carameloCode.erp.crm.paginas.crmAtendimento.PgProspecto.executarAcao(Lcom/super_bits/modulosSB/SBCore/modulos/objetos/entidade/basico/ComoEntidadeSimples;)V+5
j  com.super_bits.modulosSB.webPaginas.JSFManagedBeans.formularios.MB_paginaCadastroEntidades.executarAcaoSelecionada()V+5
j  br.org.carameloCode.erp.crm.paginas.crmAtendimento.PgProspecto.executarAcaoSelecionada()V+1
j  com.super_bits.modulosSB.webPaginas.JSFManagedBeans.formularios.B_Pagina.executaAcaoSelecionadaPorEnum(Lcom/super_bits/modulosSB/SBCore/modulos/fabrica/ComoFabricaAcoes;)V+15
j  br.org.carameloCode.erp.crm.paginas.crmAtendimento.PgProspecto.executarAcao(Lbr/org/carameloCode/erp/modulo/crm/entidadesJPA/prospecto/Pessoa;)V+59
j  br.org.carameloCode.erp.crm.paginas.crmAtendimento.PgProspecto.executarAcao(Lcom/super_bits/modulosSB/SBCore/modulos/objetos/entidade/basico/ComoEntidadeSimples;)V+5
j  com.super_bits.modulosSB.webPaginas.JSFManagedBeans.formularios.MB_paginaCadastroEntidades.executarAcaoSelecionada()V+5
j  br.org.carameloCode.erp.crm.paginas.crmAtendimento.PgProspecto.executarAcaoSelecionada()V+1
j  com.super_bits.modulosSB.webPaginas.JSFManagedBeans.formularios.B_Pagina.executaAcaoSelecionadaPorEnum(Lcom/super_bits/modulosSB/SBCore/modulos/fabrica/ComoFabricaAcoes;)V+15
j  br.org.carameloCode.erp.crm.paginas.crmAtendimento.PgProspecto.executarAcao(Lbr/org/carameloCode/erp/modulo/crm/entidadesJPA/prospecto/Pessoa;)V+59
j  br.org.carameloCode.erp.crm.paginas.crmAtendimento.PgProspecto.executarAcao(Lcom/super_bits/modulosSB/SBCore/modulos/objetos/entidade/basico/ComoEntidadeSimples;)V+5
j  com.super_bits.modulosSB.webPaginas.JSFManagedBeans.formularios.MB_paginaCadastroEntidades.executarAcaoSelecionada()V+5
j  br.org.carameloCode.erp.crm.paginas.crmAtendimento.PgProspecto.executarAcaoSelecionada()V+1
j  com.super_bits.modulosSB.webPaginas.JSFManagedBeans.formularios.B_Pagina.executaAcaoSelecionadaPorEnum(Lcom/super_bits/modulosSB/SBCore/modulos/fabrica/ComoFabricaAcoes;)V+15
j  br.org.carameloCode.erp.crm.paginas.crmAtendimento.PgProspecto.executarAcao(Lbr/org/carameloCode/erp/modulo/crm/entidadesJPA/prospecto/Pessoa;)V+59
j  br.org.carameloCode.erp.crm.paginas.crmAtendimento.PgProspecto.executarAcao(Lcom/super_bits/modulosSB/SBCore/modulos/objetos/entidade/basico/ComoEntidadeSimples;)V+5
j  com.super_bits.modulosSB.webPaginas.JSFManagedBeans.formularios.MB_paginaCadastroEntidades.executarAcaoSelecionada()V+5
j  br.org.carameloCode.erp.crm.paginas.crmAtendimento.PgProspecto.executarAcaoSelecionada()V+1
j  com.super_bits.modulosSB.webPaginas.JSFManagedBeans.formularios.B_Pagina.executaAcaoSelecionadaPorEnum(Lcom/super_bits/modulosSB/SBCore/modulos/fabrica/ComoFabricaAcoes;)V+15
j  br.org.carameloCode.erp.crm.paginas.crmAtendimento.PgProspecto.executarAcao(Lbr/org/carameloCode/erp/modulo/crm/entidadesJPA/prospecto/Pessoa;)V+59
j  br.org.carameloCode.erp.crm.paginas.crmAtendimento.PgProspecto.executarAcao(Lcom/super_bits/modulosSB/SBCore/modulos/objetos/entidade/basico/ComoEntidadeSimples;)V+5
j  com.super_bits.modulosSB.webPaginas.JSFManagedBeans.formularios.MB_paginaCadastroEntidades.executarAcaoSelecionada()V+5
j  br.org.carameloCode.erp.crm.paginas.crmAtendimento.PgProspecto.executarAcaoSelecionada()V+1
j  com.super_bits.modulosSB.webPaginas.JSFManagedBeans.formularios.B_Pagina.executaAcaoSelecionadaPorEnum(Lcom/super_bits/modulosSB/SBCore/modulos/fabrica/ComoFabricaAcoes;)V+15
j  br.org.carameloCode.erp.crm.paginas.crmAtendimento.PgProspecto.executarAcao(Lbr/org/carameloCode/erp/modulo/crm/entidadesJPA/prospecto/Pessoa;)V+59
j  br.org.carameloCode.erp.crm.paginas.crmAtendimento.PgProspecto.executarAcao(Lcom/super_bits/modulosSB/SBCore/modulos/objetos/entidade/basico/ComoEntidadeSimples;)V+5
j  com.super_bits.modulosSB.webPaginas.JSFManagedBeans.formularios.MB_paginaCadastroEntidades.executarAcaoSelecionada()V+5
j  br.org.carameloCode.erp.crm.paginas.crmAtendimento.PgProspecto.executarAcaoSelecionada()V+1
j  com.super_bits.modulosSB.webPaginas.JSFManagedBeans.formularios.B_Pagina.executaAcaoSelecionadaPorEnum(Lcom/super_bits/modulosSB/SBCore/modulos/fabrica/ComoFabricaAcoes;)V+15
j  br.org.carameloCode.erp.crm.paginas.crmAtendimento.PgProspecto.executarAcao(Lbr/org/carameloCode/erp/modulo/crm/entidadesJPA/prospecto/Pessoa;)V+59
j  br.org.carameloCode.erp.crm.paginas.crmAtendimento.PgProspecto.executarAcao(Lcom/super_bits/modulosSB/SBCore/modulos/objetos/entidade/basico/ComoEntidadeSimples;)V+5
j  com.super_bits.modulosSB.webPaginas.JSFManagedBeans.formularios.MB_paginaCadastroEntidades.executarAcaoSelecionada()V+5
j  br.org.carameloCode.erp.crm.paginas.crmAtendimento.PgProspecto.executarAcaoSelecionada()V+1
j  com.super_bits.modulosSB.webPaginas.JSFManagedBeans.formularios.B_Pagina.executaAcaoSelecionadaPorEnum(Lcom/super_bits/modulosSB/SBCore/modulos/fabrica/ComoFabricaAcoes;)V+15
j  br.org.carameloCode.erp.crm.paginas.crmAtendimento.PgProspecto.executarAcao(Lbr/org/carameloCode/erp/modulo/crm/entidadesJPA/prospecto/Pessoa;)V+59
j  br.org.carameloCode.erp.crm.paginas.crmAtendimento.PgProspecto.executarAcao(Lcom/super_bits/modulosSB/SBCore/modulos/objetos/entidade/basico/ComoEntidadeSimples;)V+5
j  com.super_bits.modulosSB.webPaginas.JSFManagedBeans.formularios.MB_paginaCadastroEntidades.executarAcaoSelecionada()V+5
j  br.org.carameloCode.erp.crm.paginas.crmAtendimento.PgProspecto.executarAcaoSelecionada()V+1
j  com.super_bits.modulosSB.webPaginas.JSFManagedBeans.formularios.B_Pagina.executaAcaoSelecionadaPorEnum(Lcom/super_bits/modulosSB/SBCore/modulos/fabrica/ComoFabricaAcoes;)V+15
j  br.org.carameloCode.erp.crm.paginas.crmAtendimento.PgProspecto.executarAcao(Lbr/org/carameloCode/erp/modulo/crm/entidadesJPA/prospecto/Pessoa;)V+59
j  br.org.carameloCode.erp.crm.paginas.crmAtendimento.PgProspecto.executarAcao(Lcom/super_bits/modulosSB/SBCore/modulos/objetos/entidade/basico/ComoEntidadeSimples;)V+5
j  com.super_bits.modulosSB.webPaginas.JSFManagedBeans.formularios.MB_paginaCadastroEntidades.executarAcaoSelecionada()V+5
j  br.org.carameloCode.erp.crm.paginas.crmAtendimento.PgProspecto.executarAcaoSelecionada()V+1
j  com.super_bits.modulosSB.webPaginas.JSFManagedBeans.formularios.B_Pagina.executaAcaoSelecionadaPorEnum(Lcom/super_bits/modulosSB/SBCore/modulos/fabrica/ComoFabricaAcoes;)V+15
j  br.org.carameloCode.erp.crm.paginas.crmAtendimento.PgProspecto.executarAcao(Lbr/org/carameloCode/erp/modulo/crm/entidadesJPA/prospecto/Pessoa;)V+59
j  br.org.carameloCode.erp.crm.paginas.crmAtendimento.PgProspecto.executarAcao(Lcom/super_bits/modulosSB/SBCore/modulos/objetos/entidade/basico/ComoEntidadeSimples;)V+5
j  com.super_bits.modulosSB.webPaginas.JSFManagedBeans.formularios.MB_paginaCadastroEntidades.executarAcaoSelecionada()V+5
j  br.org.carameloCode.erp.crm.paginas.crmAtendimento.PgProspecto.executarAcaoSelecionada()V+1
j  com.super_bits.modulosSB.webPaginas.JSFManagedBeans.formularios.B_Pagina.executaAcaoSelecionadaPorEnum(Lcom/super_bits/modulosSB/SBCore/modulos/fabrica/ComoFabricaAcoes;)V+15
j  br.org.carameloCode.erp.crm.paginas.crmAtendimento.PgProspecto.executarAcao(Lbr/org/carameloCode/erp/modulo/crm/entidadesJPA/prospecto/Pessoa;)V+59
j  br.org.carameloCode.erp.crm.paginas.crmAtendimento.PgProspecto.executarAcao(Lcom/super_bits/modulosSB/SBCore/modulos/objetos/entidade/basico/ComoEntidadeSimples;)V+5
j  com.super_bits.modulosSB.webPaginas.JSFManagedBeans.formularios.MB_paginaCadastroEntidades.executarAcaoSelecionada()V+5
j  br.org.carameloCode.erp.crm.paginas.crmAtendimento.PgProspecto.executarAcaoSelecionada()V+1
j  com.super_bits.modulosSB.webPaginas.JSFManagedBeans.formularios.B_Pagina.executaAcaoSelecionadaPorEnum(Lcom/super_bits/modulosSB/SBCore/modulos/fabrica/ComoFabricaAcoes;)V+15
j  br.org.carameloCode.erp.crm.paginas.crmAtendimento.PgProspecto.executarAcao(Lbr/org/carameloCode/erp/modulo/crm/entidadesJPA/prospecto/Pessoa;)V+59
j  br.org.carameloCode.erp.crm.paginas.crmAtendimento.PgProspecto.executarAcao(Lcom/super_bits/modulosSB/SBCore/modulos/objetos/entidade/basico/ComoEntidadeSimples;)V+5
j  com.super_bits.modulosSB.webPaginas.JSFManagedBeans.formularios.MB_paginaCadastroEntidades.executarAcaoSelecionada()V+5
j  br.org.carameloCode.erp.crm.paginas.crmAtendimento.PgProspecto.executarAcaoSelecionada()V+1
j  com.super_bits.modulosSB.webPaginas.JSFManagedBeans.formularios.B_Pagina.executaAcaoSelecionadaPorEnum(Lcom/super_bits/modulosSB/SBCore/modulos/fabrica/ComoFabricaAcoes;)V+15
j  br.org.carameloCode.erp.crm.paginas.crmAtendimento.PgProspecto.executarAcao(Lbr/org/carameloCode/erp/modulo/crm/entidadesJPA/prospecto/Pessoa;)V+59
j  br.org.carameloCode.erp.crm.paginas.crmAtendimento.PgProspecto.executarAcao(Lcom/super_bits/modulosSB/SBCore/modulos/objetos/entidade/basico/ComoEntidadeSimples;)V+5
j  com.super_bits.modulosSB.webPaginas.JSFManagedBeans.formularios.MB_paginaCadastroEntidades.executarAcaoSelecionada()V+5
j  br.org.carameloCode.erp.crm.paginas.crmAtendimento.PgProspecto.executarAcaoSelecionada()V+1
j  com.super_bits.modulosSB.webPaginas.JSFManagedBeans.formularios.B_Pagina.executaAcaoSelecionadaPorEnum(Lcom/super_bits/modulosSB/SBCore/modulos/fabrica/ComoFabricaAcoes;)V+15
j  br.org.carameloCode.erp.crm.paginas.crmAtendimento.PgProspecto.executarAcao(Lbr/org/carameloCode/erp/modulo/crm/entidadesJPA/prospecto/Pessoa;)V+59
j  br.org.carameloCode.erp.crm.paginas.crmAtendimento.PgProspecto.executarAcao(Lcom/super_bits/modulosSB/SBCore/modulos/objetos/entidade/basico/ComoEntidadeSimples;)V+5
j  com.super_bits.modulosSB.webPaginas.JSFManagedBeans.formularios.MB_paginaCadastroEntidades.executarAcaoSelecionada()V+5
j  br.org.carameloCode.erp.crm.paginas.crmAtendimento.PgProspecto.executarAcaoSelecionada()V+1
j  com.super_bits.modulosSB.webPaginas.JSFManagedBeans.formularios.B_Pagina.executaAcaoSelecionadaPorEnum(Lcom/super_bits/modulosSB/SBCore/modulos/fabrica/ComoFabricaAcoes;)V+15
j  br.org.carameloCode.erp.crm.paginas.crmAtendimento.PgProspecto.executarAcao(Lbr/org/carameloCode/erp/modulo/crm/entidadesJPA/prospecto/Pessoa;)V+59
j  br.org.carameloCode.erp.crm.paginas.crmAtendimento.PgProspecto.executarAcao(Lcom/super_bits/modulosSB/SBCore/modulos/objetos/entidade/basico/ComoEntidadeSimples;)V+5
j  com.super_bits.modulosSB.webPaginas.JSFManagedBeans.formularios.MB_paginaCadastroEntidades.executarAcaoSelecionada()V+5
j  br.org.carameloCode.erp.crm.paginas.crmAtendimento.PgProspecto.executarAcaoSelecionada()V+1
j  com.super_bits.modulosSB.webPaginas.JSFManagedBeans.formularios.B_Pagina.executaAcaoSelecionadaPorEnum(Lcom/super_bits/modulosSB/SBCore/modulos/fabrica/ComoFabricaAcoes;)V+15
j  br.org.carameloCode.erp.crm.paginas.crmAtendimento.PgProspecto.executarAcao(Lbr/org/carameloCode/erp/modulo/crm/entidadesJPA/prospecto/Pessoa;)V+59
j  br.org.carameloCode.erp.crm.paginas.crmAtendimento.PgProspecto.executarAcao(Lcom/super_bits/modulosSB/SBCore/modulos/objetos/entidade/basico/ComoEntidadeSimples;)V+5
j  com.super_bits.modulosSB.webPaginas.JSFManagedBeans.formularios.MB_paginaCadastroEntidades.executarAcaoSelecionada()V+5
j  br.org.carameloCode.erp.crm.paginas.crmAtendimento.PgProspecto.executarAcaoSelecionada()V+1
j  com.super_bits.modulosSB.webPaginas.JSFManagedBeans.formularios.B_Pagina.executaAcaoSelecionadaPorEnum(Lcom/super_bits/modulosSB/SBCore/modulos/fabrica/ComoFabricaAcoes;)V+15
j  br.org.carameloCode.erp.crm.paginas.crmAtendimento.PgProspecto.executarAcao(Lbr/org/carameloCode/erp/modulo/crm/entidadesJPA/prospecto/Pessoa;)V+59
j  br.org.carameloCode.erp.crm.paginas.crmAtendimento.PgProspecto.executarAcao(Lcom/super_bits/modulosSB/SBCore/modulos/objetos/entidade/basico/ComoEntidadeSimples;)V+5
j  com.super_bits.modulosSB.webPaginas.JSFManagedBeans.formularios.MB_paginaCadastroEntidades.executarAcaoSelecionada()V+5
j  br.org.carameloCode.erp.crm.paginas.crmAtendimento.PgProspecto.executarAcaoSelecionada()V+1
j  com.super_bits.modulosSB.webPaginas.JSFManagedBeans.formularios.B_Pagina.executaAcaoSelecionadaPorEnum(Lcom/super_bits/modulosSB/SBCore/modulos/fabrica/ComoFabricaAcoes;)V+15
j  br.org.carameloCode.erp.crm.paginas.crmAtendimento.PgProspecto.executarAcao(Lbr/org/carameloCode/erp/modulo/crm/entidadesJPA/prospecto/Pessoa;)V+59
j  br.org.carameloCode.erp.crm.paginas.crmAtendimento.PgProspecto.executarAcao(Lcom/super_bits/modulosSB/SBCore/modulos/objetos/entidade/basico/ComoEntidadeSimples;)V+5
j  com.super_bits.modulosSB.webPaginas.JSFManagedBeans.formularios.MB_paginaCadastroEntidades.executarAcaoSelecionada()V+5
j  br.org.carameloCode.erp.crm.paginas.crmAtendimento.PgProspecto.executarAcaoSelecionada()V+1
j  com.super_bits.modulosSB.webPaginas.JSFManagedBeans.formularios.B_Pagina.executaAcaoSelecionadaPorEnum(Lcom/super_bits/modulosSB/SBCore/modulos/fabrica/ComoFabricaAcoes;)V+15
j  br.org.carameloCode.erp.crm.paginas.crmAtendimento.PgProspecto.executarAcao(Lbr/org/carameloCode/erp/modulo/crm/entidadesJPA/prospecto/Pessoa;)V+59
j  br.org.carameloCode.erp.crm.paginas.crmAtendimento.PgProspecto.executarAcao(Lcom/super_bits/modulosSB/SBCore/modulos/objetos/entidade/basico/ComoEntidadeSimples;)V+5
j  com.super_bits.modulosSB.webPaginas.JSFManagedBeans.formularios.MB_paginaCadastroEntidades.executarAcaoSelecionada()V+5
j  br.org.carameloCode.erp.crm.paginas.crmAtendimento.PgProspecto.executarAcaoSelecionada()V+1
j  com.super_bits.modulosSB.webPaginas.JSFManagedBeans.formularios.B_Pagina.executaAcaoSelecionadaPorEnum(Lcom/super_bits/modulosSB/SBCore/modulos/fabrica/ComoFabricaAcoes;)V+15
j  br.org.carameloCode.erp.crm.paginas.crmAtendimento.PgProspecto.executarAcao(Lbr/org/carameloCode/erp/modulo/crm/entidadesJPA/prospecto/Pessoa;)V+59
j  br.org.carameloCode.erp.crm.paginas.crmAtendimento.PgProspecto.executarAcao(Lcom/super_bits/modulosSB/SBCore/modulos/objetos/entidade/basico/ComoEntidadeSimples;)V+5
j  com.super_bits.modulosSB.webPaginas.JSFManagedBeans.formularios.MB_paginaCadastroEntidades.executarAcaoSelecionada()V+5
j  br.org.carameloCode.erp.crm.paginas.crmAtendimento.PgProspecto.executarAcaoSelecionada()V+1
j  com.super_bits.modulosSB.webPaginas.JSFManagedBeans.formularios.B_Pagina.executaAcaoSelecionadaPorEnum(Lcom/super_bits/modulosSB/SBCore/modulos/fabrica/ComoFabricaAcoes;)V+15
j  br.org.carameloCode.erp.crm.paginas.crmAtendimento.PgProspecto.executarAcao(Lbr/org/carameloCode/erp/modulo/crm/entidadesJPA/prospecto/Pessoa;)V+59
j  br.org.carameloCode.erp.crm.paginas.crmAtendimento.PgProspecto.executarAcao(Lcom/super_bits/modulosSB/SBCore/modulos/objetos/entidade/basico/ComoEntidadeSimples;)V+5
j  com.super_bits.modulosSB.webPaginas.JSFManagedBeans.formularios.MB_paginaCadastroEntidades.executarAcaoSelecionada()V+5
j  br.org.carameloCode.erp.crm.paginas.crmAtendimento.PgProspecto.executarAcaoSelecionada()V+1
j  com.super_bits.modulosSB.webPaginas.JSFManagedBeans.formularios.B_Pagina.executaAcaoSelecionadaPorEnum(Lcom/super_bits/modulosSB/SBCore/modulos/fabrica/ComoFabricaAcoes;)V+15
j  br.org.carameloCode.erp.crm.paginas.crmAtendimento.PgProspecto.executarAcao(Lbr/org/carameloCode/erp/modulo/crm/entidadesJPA/prospecto/Pessoa;)V+59
j  br.org.carameloCode.erp.crm.paginas.crmAtendimento.PgProspecto.executarAcao(Lcom/super_bits/modulosSB/SBCore/modulos/objetos/entidade/basico/ComoEntidadeSimples;)V+5
j  com.super_bits.modulosSB.webPaginas.JSFManagedBeans.formularios.MB_paginaCadastroEntidades.executarAcaoSelecionada()V+5
j  br.org.carameloCode.erp.crm.paginas.crmAtendimento.PgProspecto.executarAcaoSelecionada()V+1
j  com.super_bits.modulosSB.webPaginas.JSFManagedBeans.formularios.B_Pagina.executaAcaoSelecionadaPorEnum(Lcom/super_bits/modulosSB/SBCore/modulos/fabrica/ComoFabricaAcoes;)V+15
j  br.org.carameloCode.erp.crm.paginas.crmAtendimento.PgProspecto.executarAcao(Lbr/org/carameloCode/erp/modulo/crm/entidadesJPA/prospecto/Pessoa;)V+59
j  br.org.carameloCode.erp.crm.paginas.crmAtendimento.PgProspecto.executarAcao(Lcom/super_bits/modulosSB/SBCore/modulos/objetos/entidade/basico/ComoEntidadeSimples;)V+5
j  com.super_bits.modulosSB.webPaginas.JSFManagedBeans.formularios.MB_paginaCadastroEntidades.executarAcaoSelecionada()V+5
j  br.org.carameloCode.erp.crm.paginas.crmAtendimento.PgProspecto.executarAcaoSelecionada()V+1
j  com.super_bits.modulosSB.webPaginas.JSFManagedBeans.formularios.B_Pagina.executaAcaoSelecionadaPorEnum(Lcom/super_bits/modulosSB/SBCore/modulos/fabrica/ComoFabricaAcoes;)V+15
j  br.org.carameloCode.erp.crm.paginas.crmAtendimento.PgProspecto.executarAcao(Lbr/org/carameloCode/erp/modulo/crm/entidadesJPA/prospecto/Pessoa;)V+59
j  br.org.carameloCode.erp.crm.paginas.crmAtendimento.PgProspecto.executarAcao(Lcom/super_bits/modulosSB/SBCore/modulos/objetos/entidade/basico/ComoEntidadeSimples;)V+5
j  com.super_bits.modulosSB.webPaginas.JSFManagedBeans.formularios.MB_paginaCadastroEntidades.executarAcaoSelecionada()V+5
j  br.org.carameloCode.erp.crm.paginas.crmAtendimento.PgProspecto.executarAcaoSelecionada()V+1
j  com.super_bits.modulosSB.webPaginas.JSFManagedBeans.formularios.B_Pagina.executaAcaoSelecionadaPorEnum(Lcom/super_bits/modulosSB/SBCore/modulos/fabrica/ComoFabricaAcoes;)V+15
j  br.org.carameloCode.erp.crm.paginas.crmAtendimento.PgProspecto.executarAcao(Lbr/org/carameloCode/erp/modulo/crm/entidadesJPA/prospecto/Pessoa;)V+59
j  br.org.carameloCode.erp.crm.paginas.crmAtendimento.PgProspecto.executarAcao(Lcom/super_bits/modulosSB/SBCore/modulos/objetos/entidade/basico/ComoEntidadeSimples;)V+5
j  com.super_bits.modulosSB.webPaginas.JSFManagedBeans.formularios.MB_paginaCadastroEntidades.executarAcaoSelecionada()V+5
j  br.org.carameloCode.erp.crm.paginas.crmAtendimento.PgProspecto.executarAcaoSelecionada()V+1
j  com.super_bits.modulosSB.webPaginas.JSFManagedBeans.formularios.B_Pagina.executaAcaoSelecionadaPorEnum(Lcom/super_bits/modulosSB/SBCore/modulos/fabrica/ComoFabricaAcoes;)V+15
j  br.org.carameloCode.erp.crm.paginas.crmAtendimento.PgProspecto.executarAcao(Lbr/org/carameloCode/erp/modulo/crm/entidadesJPA/prospecto/Pessoa;)V+59
j  br.org.carameloCode.erp.crm.paginas.crmAtendimento.PgProspecto.executarAcao(Lcom/super_bits/modulosSB/SBCore/modulos/objetos/entidade/basico/ComoEntidadeSimples;)V+5
j  com.super_bits.modulosSB.webPaginas.JSFManagedBeans.formularios.MB_paginaCadastroEntidades.executarAcaoSelecionada()V+5
j  br.org.carameloCode.erp.crm.paginas.crmAtendimento.PgProspecto.executarAcaoSelecionada()V+1
j  com.super_bits.modulosSB.webPaginas.JSFManagedBeans.formularios.B_Pagina.executaAcaoSelecionadaPorEnum(Lcom/super_bits/modulosSB/SBCore/modulos/fabrica/ComoFabricaAcoes;)V+15
j  br.org.carameloCode.erp.crm.paginas.crmAtendimento.PgProspecto.executarAcao(Lbr/org/carameloCode/erp/modulo/crm/entidadesJPA/prospecto/Pessoa;)V+59
j  br.org.carameloCode.erp.crm.paginas.crmAtendimento.PgProspecto.executarAcao(Lcom/super_bits/modulosSB/SBCore/modulos/objetos/entidade/basico/ComoEntidadeSimples;)V+5
j  com.super_bits.modulosSB.webPaginas.JSFManagedBeans.formularios.MB_paginaCadastroEntidades.executarAcaoSelecionada()V+5
j  br.org.carameloCode.erp.crm.paginas.crmAtendimento.PgProspecto.executarAcaoSelecionada()V+1
j  com.super_bits.modulosSB.webPaginas.JSFManagedBeans.formularios.B_Pagina.executaAcaoSelecionadaPorEnum(Lcom/super_bits/modulosSB/SBCore/modulos/fabrica/ComoFabricaAcoes;)V+15
j  br.org.carameloCode.erp.crm.paginas.crmAtendimento.PgProspecto.executarAcao(Lbr/org/carameloCode/erp/modulo/crm/entidadesJPA/prospecto/Pessoa;)V+59
j  br.org.carameloCode.erp.crm.paginas.crmAtendimento.PgProspecto.executarAcao(Lcom/super_bits/modulosSB/SBCore/modulos/objetos/entidade/basico/ComoEntidadeSimples;)V+5
j  com.super_bits.modulosSB.webPaginas.JSFManagedBeans.formularios.MB_paginaCadastroEntidades.executarAcaoSelecionada()V+5
j  br.org.carameloCode.erp.crm.paginas.crmAtendimento.PgProspecto.executarAcaoSelecionada()V+1
j  com.super_bits.modulosSB.webPaginas.JSFManagedBeans.formularios.B_Pagina.executaAcaoSelecionadaPorEnum(Lcom/super_bits/modulosSB/SBCore/modulos/fabrica/ComoFabricaAcoes;)V+15
j  br.org.carameloCode.erp.crm.paginas.crmAtendimento.PgProspecto.executarAcao(Lbr/org/carameloCode/erp/modulo/crm/entidadesJPA/prospecto/Pessoa;)V+59
j  br.org.carameloCode.erp.crm.paginas.crmAtendimento.PgProspecto.executarAcao(Lcom/super_bits/modulosSB/SBCore/modulos/objetos/entidade/basico/ComoEntidadeSimples;)V+5
j  com.super_bits.modulosSB.webPaginas.JSFManagedBeans.formularios.MB_paginaCadastroEntidades.executarAcaoSelecionada()V+5
j  br.org.carameloCode.erp.crm.paginas.crmAtendimento.PgProspecto.executarAcaoSelecionada()V+1
j  com.super_bits.modulosSB.webPaginas.JSFManagedBeans.formularios.B_Pagina.executaAcaoSelecionadaPorEnum(Lcom/super_bits/modulosSB/SBCore/modulos/fabrica/ComoFabricaAcoes;)V+15
j  br.org.carameloCode.erp.crm.paginas.crmAtendimento.PgProspecto.executarAcao(Lbr/org/carameloCode/erp/modulo/crm/entidadesJPA/prospecto/Pessoa;)V+59
j  br.org.carameloCode.erp.crm.paginas.crmAtendimento.PgProspecto.executarAcao(Lcom/super_bits/modulosSB/SBCore/modulos/objetos/entidade/basico/ComoEntidadeSimples;)V+5
j  com.super_bits.modulosSB.webPaginas.JSFManagedBeans.formularios.MB_paginaCadastroEntidades.executarAcaoSelecionada()V+5
j  br.org.carameloCode.erp.crm.paginas.crmAtendimento.PgProspecto.executarAcaoSelecionada()V+1
j  com.super_bits.modulosSB.webPaginas.JSFManagedBeans.formularios.B_Pagina.executaAcaoSelecionadaPorEnum(Lcom/super_bits/modulosSB/SBCore/modulos/fabrica/ComoFabricaAcoes;)V+15
j  br.org.carameloCode.erp.crm.paginas.crmAtendimento.PgProspecto.executarAcao(Lbr/org/carameloCode/erp/modulo/crm/entidadesJPA/prospecto/Pessoa;)V+59
j  br.org.carameloCode.erp.crm.paginas.crmAtendimento.PgProspecto.executarAcao(Lcom/super_bits/modulosSB/SBCore/modulos/objetos/entidade/basico/ComoEntidadeSimples;)V+5
j  com.super_bits.modulosSB.webPaginas.JSFManagedBeans.formularios.MB_paginaCadastroEntidades.executarAcaoSelecionada()V+5
j  br.org.carameloCode.erp.crm.paginas.crmAtendimento.PgProspecto.executarAcaoSelecionada()V+1
j  com.super_bits.modulosSB.webPaginas.JSFManagedBeans.formularios.B_Pagina.executaAcaoSelecionadaPorEnum(Lcom/super_bits/modulosSB/SBCore/modulos/fabrica/ComoFabricaAcoes;)V+15
j  br.org.carameloCode.erp.crm.paginas.crmAtendimento.PgProspecto.executarAcao(Lbr/org/carameloCode/erp/modulo/crm/entidadesJPA/prospecto/Pessoa;)V+59
j  br.org.carameloCode.erp.crm.paginas.crmAtendimento.PgProspecto.executarAcao(Lcom/super_bits/modulosSB/SBCore/modulos/objetos/entidade/basico/ComoEntidadeSimples;)V+5
j  com.super_bits.modulosSB.webPaginas.JSFManagedBeans.formularios.MB_paginaCadastroEntidades.executarAcaoSelecionada()V+5
j  br.org.carameloCode.erp.crm.paginas.crmAtendimento.PgProspecto.executarAcaoSelecionada()V+1
j  com.super_bits.modulosSB.webPaginas.JSFManagedBeans.formularios.B_Pagina.executaAcaoSelecionadaPorEnum(Lcom/super_bits/modulosSB/SBCore/modulos/fabrica/ComoFabricaAcoes;)V+15
j  br.org.carameloCode.erp.crm.paginas.crmAtendimento.PgProspecto.executarAcao(Lbr/org/carameloCode/erp/modulo/crm/entidadesJPA/prospecto/Pessoa;)V+59
j  br.org.carameloCode.erp.crm.paginas.crmAtendimento.PgProspecto.executarAcao(Lcom/super_bits/modulosSB/SBCore/modulos/objetos/entidade/basico/ComoEntidadeSimples;)V+5
j  com.super_bits.modulosSB.webPaginas.JSFManagedBeans.formularios.MB_paginaCadastroEntidades.executarAcaoSelecionada()V+5
j  br.org.carameloCode.erp.crm.paginas.crmAtendimento.PgProspecto.executarAcaoSelecionada()V+1
j  com.super_bits.modulosSB.webPaginas.JSFManagedBeans.formularios.B_Pagina.executaAcaoSelecionadaPorEnum(Lcom/super_bits/modulosSB/SBCore/modulos/fabrica/ComoFabricaAcoes;)V+15
j  br.org.carameloCode.erp.crm.paginas.crmAtendimento.PgProspecto.executarAcao(Lbr/org/carameloCode/erp/modulo/crm/entidadesJPA/prospecto/Pessoa;)V+59
j  br.org.carameloCode.erp.crm.paginas.crmAtendimento.PgProspecto.executarAcao(Lcom/super_bits/modulosSB/SBCore/modulos/objetos/entidade/basico/ComoEntidadeSimples;)V+5
j  com.super_bits.modulosSB.webPaginas.JSFManagedBeans.formularios.MB_paginaCadastroEntidades.executarAcaoSelecionada()V+5
j  br.org.carameloCode.erp.crm.paginas.crmAtendimento.PgProspecto.executarAcaoSelecionada()V+1
j  com.super_bits.modulosSB.webPaginas.JSFManagedBeans.formularios.B_Pagina.executaAcaoSelecionadaPorEnum(Lcom/super_bits/modulosSB/SBCore/modulos/fabrica/ComoFabricaAcoes;)V+15
j  br.org.carameloCode.erp.crm.paginas.crmAtendimento.PgProspecto.executarAcao(Lbr/org/carameloCode/erp/modulo/crm/entidadesJPA/prospecto/Pessoa;)V+59
j  br.org.carameloCode.erp.crm.paginas.crmAtendimento.PgProspecto.executarAcao(Lcom/super_bits/modulosSB/SBCore/modulos/objetos/entidade/basico/ComoEntidadeSimples;)V+5
j  com.super_bits.modulosSB.webPaginas.JSFManagedBeans.formularios.MB_paginaCadastroEntidades.executarAcaoSelecionada()V+5
j  br.org.carameloCode.erp.crm.paginas.crmAtendimento.PgProspecto.executarAcaoSelecionada()V+1
j  com.super_bits.modulosSB.webPaginas.JSFManagedBeans.formularios.B_Pagina.executaAcaoSelecionadaPorEnum(Lcom/super_bits/modulosSB/SBCore/modulos/fabrica/ComoFabricaAcoes;)V+15
j  br.org.carameloCode.erp.crm.paginas.crmAtendimento.PgProspecto.executarAcao(Lbr/org/carameloCode/erp/modulo/crm/entidadesJPA/prospecto/Pessoa;)V+59
j  br.org.carameloCode.erp.crm.paginas.crmAtendimento.PgProspecto.executarAcao(Lcom/super_bits/modulosSB/SBCore/modulos/objetos/entidade/basico/ComoEntidadeSimples;)V+5
j  com.super_bits.modulosSB.webPaginas.JSFManagedBeans.formularios.MB_paginaCadastroEntidades.executarAcaoSelecionada()V+5
j  br.org.carameloCode.erp.crm.paginas.crmAtendimento.PgProspecto.executarAcaoSelecionada()V+1
j  com.super_bits.modulosSB.webPaginas.JSFManagedBeans.formularios.B_Pagina.executaAcaoSelecionadaPorEnum(Lcom/super_bits/modulosSB/SBCore/modulos/fabrica/ComoFabricaAcoes;)V+15
j  br.org.carameloCode.erp.crm.paginas.crmAtendimento.PgProspecto.executarAcao(Lbr/org/carameloCode/erp/modulo/crm/entidadesJPA/prospecto/Pessoa;)V+59
j  br.org.carameloCode.erp.crm.paginas.crmAtendimento.PgProspecto.executarAcao(Lcom/super_bits/modulosSB/SBCore/modulos/objetos/entidade/basico/ComoEntidadeSimples;)V+5
j  com.super_bits.modulosSB.webPaginas.JSFManagedBeans.formularios.MB_paginaCadastroEntidades.executarAcaoSelecionada()V+5
j  br.org.carameloCode.erp.crm.paginas.crmAtendimento.PgProspecto.executarAcaoSelecionada()V+1
j  com.super_bits.modulosSB.webPaginas.JSFManagedBeans.formularios.B_Pagina.executaAcaoSelecionadaPorEnum(Lcom/super_bits/modulosSB/SBCore/modulos/fabrica/ComoFabricaAcoes;)V+15
j  br.org.carameloCode.erp.crm.paginas.crmAtendimento.PgProspecto.executarAcao(Lbr/org/carameloCode/erp/modulo/crm/entidadesJPA/prospecto/Pessoa;)V+59
j  br.org.carameloCode.erp.crm.paginas.crmAtendimento.PgProspecto.executarAcao(Lcom/super_bits/modulosSB/SBCore/modulos/objetos/entidade/basico/ComoEntidadeSimples;)V+5
j  com.super_bits.modulosSB.webPaginas.JSFManagedBeans.formularios.MB_paginaCadastroEntidades.executarAcaoSelecionada()V+5
j  br.org.carameloCode.erp.crm.paginas.crmAtendimento.PgProspecto.executarAcaoSelecionada()V+1
j  com.super_bits.modulosSB.webPaginas.JSFManagedBeans.formularios.B_Pagina.executaAcaoSelecionadaPorEnum(Lcom/super_bits/modulosSB/SBCore/modulos/fabrica/ComoFabricaAcoes;)V+15
j  br.org.carameloCode.erp.crm.paginas.crmAtendimento.PgProspecto.executarAcao(Lbr/org/carameloCode/erp/modulo/crm/entidadesJPA/prospecto/Pessoa;)V+59
j  br.org.carameloCode.erp.crm.paginas.crmAtendimento.PgProspecto.executarAcao(Lcom/super_bits/modulosSB/SBCore/modulos/objetos/entidade/basico/ComoEntidadeSimples;)V+5
j  com.super_bits.modulosSB.webPaginas.JSFManagedBeans.formularios.MB_paginaCadastroEntidades.executarAcaoSelecionada()V+5
j  br.org.carameloCode.erp.crm.paginas.crmAtendimento.PgProspecto.executarAcaoSelecionada()V+1
j  com.super_bits.modulosSB.webPaginas.JSFManagedBeans.formularios.B_Pagina.executaAcaoSelecionadaPorEnum(Lcom/super_bits/modulosSB/SBCore/modulos/fabrica/ComoFabricaAcoes;)V+15
j  br.org.carameloCode.erp.crm.paginas.crmAtendimento.PgProspecto.executarAcao(Lbr/org/carameloCode/erp/modulo/crm/entidadesJPA/prospecto/Pessoa;)V+59
j  br.org.carameloCode.erp.crm.paginas.crmAtendimento.PgProspecto.executarAcao(Lcom/super_bits/modulosSB/SBCore/modulos/objetos/entidade/basico/ComoEntidadeSimples;)V+5
j  com.super_bits.modulosSB.webPaginas.JSFManagedBeans.formularios.MB_paginaCadastroEntidades.executarAcaoSelecionada()V+5
j  br.org.carameloCode.erp.crm.paginas.crmAtendimento.PgProspecto.executarAcaoSelecionada()V+1
j  com.super_bits.modulosSB.webPaginas.JSFManagedBeans.formularios.B_Pagina.executaAcaoSelecionadaPorEnum(Lcom/super_bits/modulosSB/SBCore/modulos/fabrica/ComoFabricaAcoes;)V+15
j  br.org.carameloCode.erp.crm.paginas.crmAtendimento.PgProspecto.executarAcao(Lbr/org/carameloCode/erp/modulo/crm/entidadesJPA/prospecto/Pessoa;)V+59
j  br.org.carameloCode.erp.crm.paginas.crmAtendimento.PgProspecto.executarAcao(Lcom/super_bits/modulosSB/SBCore/modulos/objetos/entidade/basico/ComoEntidadeSimples;)V+5
j  com.super_bits.modulosSB.webPaginas.JSFManagedBeans.formularios.MB_paginaCadastroEntidades.executarAcaoSelecionada()V+5
j  br.org.carameloCode.erp.crm.paginas.crmAtendimento.PgProspecto.executarAcaoSelecionada()V+1
j  com.super_bits.modulosSB.webPaginas.JSFManagedBeans.formularios.B_Pagina.executaAcaoSelecionadaPorEnum(Lcom/super_bits/modulosSB/SBCore/modulos/fabrica/ComoFabricaAcoes;)V+15
j  br.org.carameloCode.erp.crm.paginas.crmAtendimento.PgProspecto.executarAcao(Lbr/org/carameloCode/erp/modulo/crm/entidadesJPA/prospecto/Pessoa;)V+59
j  br.org.carameloCode.erp.crm.paginas.crmAtendimento.PgProspecto.executarAcao(Lcom/super_bits/modulosSB/SBCore/modulos/objetos/entidade/basico/ComoEntidadeSimples;)V+5
j  com.super_bits.modulosSB.webPaginas.JSFManagedBeans.formularios.MB_paginaCadastroEntidades.executarAcaoSelecionada()V+5
j  br.org.carameloCode.erp.crm.paginas.crmAtendimento.PgProspecto.executarAcaoSelecionada()V+1
j  com.super_bits.modulosSB.webPaginas.JSFManagedBeans.formularios.B_Pagina.executaAcaoSelecionadaPorEnum(Lcom/super_bits/modulosSB/SBCore/modulos/fabrica/ComoFabricaAcoes;)V+15
j  br.org.carameloCode.erp.crm.paginas.crmAtendimento.PgProspecto.executarAcao(Lbr/org/carameloCode/erp/modulo/crm/entidadesJPA/prospecto/Pessoa;)V+59
j  br.org.carameloCode.erp.crm.paginas.crmAtendimento.PgProspecto.executarAcao(Lcom/super_bits/modulosSB/SBCore/modulos/objetos/entidade/basico/ComoEntidadeSimples;)V+5
j  com.super_bits.modulosSB.webPaginas.JSFManagedBeans.formularios.MB_paginaCadastroEntidades.executarAcaoSelecionada()V+5
j  br.org.carameloCode.erp.crm.paginas.crmAtendimento.PgProspecto.executarAcaoSelecionada()V+1
j  com.super_bits.modulosSB.webPaginas.JSFManagedBeans.formularios.B_Pagina.executaAcaoSelecionadaPorEnum(Lcom/super_bits/modulosSB/SBCore/modulos/fabrica/ComoFabricaAcoes;)V+15
j  br.org.carameloCode.erp.crm.paginas.crmAtendimento.PgProspecto.executarAcao(Lbr/org/carameloCode/erp/modulo/crm/entidadesJPA/prospecto/Pessoa;)V+59
j  br.org.carameloCode.erp.crm.paginas.crmAtendimento.PgProspecto.executarAcao(Lcom/super_bits/modulosSB/SBCore/modulos/objetos/entidade/basico/ComoEntidadeSimples;)V+5
j  com.super_bits.modulosSB.webPaginas.JSFManagedBeans.formularios.MB_paginaCadastroEntidades.executarAcaoSelecionada()V+5
j  br.org.carameloCode.erp.crm.paginas.crmAtendimento.PgProspecto.executarAcaoSelecionada()V+1
j  com.super_bits.modulosSB.webPaginas.JSFManagedBeans.formularios.B_Pagina.executaAcaoSelecionadaPorEnum(Lcom/super_bits/modulosSB/SBCore/modulos/fabrica/ComoFabricaAcoes;)V+15
j  br.org.carameloCode.erp.crm.paginas.crmAtendimento.PgProspecto.executarAcao(Lbr/org/carameloCode/erp/modulo/crm/entidadesJPA/prospecto/Pessoa;)V+59
j  br.org.carameloCode.erp.crm.paginas.crmAtendimento.PgProspecto.executarAcao(Lcom/super_bits/modulosSB/SBCore/modulos/objetos/entidade/basico/ComoEntidadeSimples;)V+5
j  com.super_bits.modulosSB.webPaginas.JSFManagedBeans.formularios.MB_paginaCadastroEntidades.executarAcaoSelecionada()V+5
j  br.org.carameloCode.erp.crm.paginas.crmAtendimento.PgProspecto.executarAcaoSelecionada()V+1
j  com.super_bits.modulosSB.webPaginas.JSFManagedBeans.formularios.B_Pagina.executaAcaoSelecionadaPorEnum(Lcom/super_bits/modulosSB/SBCore/modulos/fabrica/ComoFabricaAcoes;)V+15
j  br.org.carameloCode.erp.crm.paginas.crmAtendimento.PgProspecto.executarAcao(Lbr/org/carameloCode/erp/modulo/crm/entidadesJPA/prospecto/Pessoa;)V+59
j  br.org.carameloCode.erp.crm.paginas.crmAtendimento.PgProspecto.executarAcao(Lcom/super_bits/modulosSB/SBCore/modulos/objetos/entidade/basico/ComoEntidadeSimples;)V+5
j  com.super_bits.modulosSB.webPaginas.JSFManagedBeans.formularios.MB_paginaCadastroEntidades.executarAcaoSelecionada()V+5
j  br.org.carameloCode.erp.crm.paginas.crmAtendimento.PgProspecto.executarAcaoSelecionada()V+1
j  com.super_bits.modulosSB.webPaginas.JSFManagedBeans.formularios.B_Pagina.executaAcaoSelecionadaPorEnum(Lcom/super_bits/modulosSB/SBCore/modulos/fabrica/ComoFabricaAcoes;)V+15
j  br.org.carameloCode.erp.crm.paginas.crmAtendimento.PgProspecto.executarAcao(Lbr/org/carameloCode/erp/modulo/crm/entidadesJPA/prospecto/Pessoa;)V+59
j  br.org.carameloCode.erp.crm.paginas.crmAtendimento.PgProspecto.executarAcao(Lcom/super_bits/modulosSB/SBCore/modulos/objetos/entidade/basico/ComoEntidadeSimples;)V+5
j  com.super_bits.modulosSB.webPaginas.JSFManagedBeans.formularios.MB_paginaCadastroEntidades.executarAcaoSelecionada()V+5
j  br.org.carameloCode.erp.crm.paginas.crmAtendimento.PgProspecto.executarAcaoSelecionada()V+1
j  com.super_bits.modulosSB.webPaginas.JSFManagedBeans.formularios.B_Pagina.executaAcaoSelecionadaPorEnum(Lcom/super_bits/modulosSB/SBCore/modulos/fabrica/ComoFabricaAcoes;)V+15
j  br.org.carameloCode.erp.crm.paginas.crmAtendimento.PgProspecto.executarAcao(Lbr/org/carameloCode/erp/modulo/crm/entidadesJPA/prospecto/Pessoa;)V+59
j  br.org.carameloCode.erp.crm.paginas.crmAtendimento.PgProspecto.executarAcao(Lcom/super_bits/modulosSB/SBCore/modulos/objetos/entidade/basico/ComoEntidadeSimples;)V+5
j  com.super_bits.modulosSB.webPaginas.JSFManagedBeans.formularios.MB_paginaCadastroEntidades.executarAcaoSelecionada()V+5
j  br.org.carameloCode.erp.crm.paginas.crmAtendimento.PgProspecto.executarAcaoSelecionada()V+1
j  com.super_bits.modulosSB.webPaginas.JSFManagedBeans.formularios.B_Pagina.executaAcaoSelecionadaPorEnum(Lcom/super_bits/modulosSB/SBCore/modulos/fabrica/ComoFabricaAcoes;)V+15
j  br.org.carameloCode.erp.crm.paginas.crmAtendimento.PgProspecto.executarAcao(Lbr/org/carameloCode/erp/modulo/crm/entidadesJPA/prospecto/Pessoa;)V+59
j  br.org.carameloCode.erp.crm.paginas.crmAtendimento.PgProspecto.executarAcao(Lcom/super_bits/modulosSB/SBCore/modulos/objetos/entidade/basico/ComoEntidadeSimples;)V+5
j  com.super_bits.modulosSB.webPaginas.JSFManagedBeans.formularios.MB_paginaCadastroEntidades.executarAcaoSelecionada()V+5
j  br.org.carameloCode.erp.crm.paginas.crmAtendimento.PgProspecto.executarAcaoSelecionada()V+1
j  com.super_bits.modulosSB.webPaginas.JSFManagedBeans.formularios.B_Pagina.executaAcaoSelecionadaPorEnum(Lcom/super_bits/modulosSB/SBCore/modulos/fabrica/ComoFabricaAcoes;)V+15
j  br.org.carameloCode.erp.crm.paginas.crmAtendimento.PgProspecto.executarAcao(Lbr/org/carameloCode/erp/modulo/crm/entidadesJPA/prospecto/Pessoa;)V+59
j  br.org.carameloCode.erp.crm.paginas.crmAtendimento.PgProspecto.executarAcao(Lcom/super_bits/modulosSB/SBCore/modulos/objetos/entidade/basico/ComoEntidadeSimples;)V+5
j  com.super_bits.modulosSB.webPaginas.JSFManagedBeans.formularios.MB_paginaCadastroEntidades.executarAcaoSelecionada()V+5
j  br.org.carameloCode.erp.crm.paginas.crmAtendimento.PgProspecto.executarAcaoSelecionada()V+1
j  com.super_bits.modulosSB.webPaginas.JSFManagedBeans.formularios.B_Pagina.executaAcaoSelecionadaPorEnum(Lcom/super_bits/modulosSB/SBCore/modulos/fabrica/ComoFabricaAcoes;)V+15
j  br.org.carameloCode.erp.crm.paginas.crmAtendimento.PgProspecto.executarAcao(Lbr/org/carameloCode/erp/modulo/crm/entidadesJPA/prospecto/Pessoa;)V+59
j  br.org.carameloCode.erp.crm.paginas.crmAtendimento.PgProspecto.executarAcao(Lcom/super_bits/modulosSB/SBCore/modulos/objetos/entidade/basico/ComoEntidadeSimples;)V+5
j  com.super_bits.modulosSB.webPaginas.JSFManagedBeans.formularios.MB_paginaCadastroEntidades.executarAcaoSelecionada()V+5
j  br.org.carameloCode.erp.crm.paginas.crmAtendimento.PgProspecto.executarAcaoSelecionada()V+1
j  com.super_bits.modulosSB.webPaginas.JSFManagedBeans.formularios.B_Pagina.executaAcaoSelecionadaPorEnum(Lcom/super_bits/modulosSB/SBCore/modulos/fabrica/ComoFabricaAcoes;)V+15
j  br.org.carameloCode.erp.crm.paginas.crmAtendimento.PgProspecto.executarAcao(Lbr/org/carameloCode/erp/modulo/crm/entidadesJPA/prospecto/Pessoa;)V+59
j  br.org.carameloCode.erp.crm.paginas.crmAtendimento.PgProspecto.executarAcao(Lcom/super_bits/modulosSB/SBCore/modulos/objetos/entidade/basico/ComoEntidadeSimples;)V+5
j  com.super_bits.modulosSB.webPaginas.JSFManagedBeans.formularios.MB_paginaCadastroEntidades.executarAcaoSelecionada()V+5
j  br.org.carameloCode.erp.crm.paginas.crmAtendimento.PgProspecto.executarAcaoSelecionada()V+1
j  com.super_bits.modulosSB.webPaginas.JSFManagedBeans.formularios.B_Pagina.executaAcaoSelecionadaPorEnum(Lcom/super_bits/modulosSB/SBCore/modulos/fabrica/ComoFabricaAcoes;)V+15
j  br.org.carameloCode.erp.crm.paginas.crmAtendimento.PgProspecto.executarAcao(Lbr/org/carameloCode/erp/modulo/crm/entidadesJPA/prospecto/Pessoa;)V+59
j  br.org.carameloCode.erp.crm.paginas.crmAtendimento.PgProspecto.executarAcao(Lcom/super_bits/modulosSB/SBCore/modulos/objetos/entidade/basico/ComoEntidadeSimples;)V+5
j  com.super_bits.modulosSB.webPaginas.JSFManagedBeans.formularios.MB_paginaCadastroEntidades.executarAcaoSelecionada()V+5
j  br.org.carameloCode.erp.crm.paginas.crmAtendimento.PgProspecto.executarAcaoSelecionada()V+1
j  com.super_bits.modulosSB.webPaginas.JSFManagedBeans.formularios.B_Pagina.executaAcaoSelecionadaPorEnum(Lcom/super_bits/modulosSB/SBCore/modulos/fabrica/ComoFabricaAcoes;)V+15
j  br.org.carameloCode.erp.crm.paginas.crmAtendimento.PgProspecto.executarAcao(Lbr/org/carameloCode/erp/modulo/crm/entidadesJPA/prospecto/Pessoa;)V+59
j  br.org.carameloCode.erp.crm.paginas.crmAtendimento.PgProspecto.executarAcao(Lcom/super_bits/modulosSB/SBCore/modulos/objetos/entidade/basico/ComoEntidadeSimples;)V+5
j  com.super_bits.modulosSB.webPaginas.JSFManagedBeans.formularios.MB_paginaCadastroEntidades.executarAcaoSelecionada()V+5
j  br.org.carameloCode.erp.crm.paginas.crmAtendimento.PgProspecto.executarAcaoSelecionada()V+1
j  com.super_bits.modulosSB.webPaginas.JSFManagedBeans.formularios.B_Pagina.executaAcaoSelecionadaPorEnum(Lcom/super_bits/modulosSB/SBCore/modulos/fabrica/ComoFabricaAcoes;)V+15
j  br.org.carameloCode.erp.crm.paginas.crmAtendimento.PgProspecto.executarAcao(Lbr/org/carameloCode/erp/modulo/crm/entidadesJPA/prospecto/Pessoa;)V+59
j  br.org.carameloCode.erp.crm.paginas.crmAtendimento.PgProspecto.executarAcao(Lcom/super_bits/modulosSB/SBCore/modulos/objetos/entidade/basico/ComoEntidadeSimples;)V+5
j  com.super_bits.modulosSB.webPaginas.JSFManagedBeans.formularios.MB_paginaCadastroEntidades.executarAcaoSelecionada()V+5
j  br.org.carameloCode.erp.crm.paginas.crmAtendimento.PgProspecto.executarAcaoSelecionada()V+1
j  com.super_bits.modulosSB.webPaginas.JSFManagedBeans.formularios.B_Pagina.executaAcaoSelecionadaPorEnum(Lcom/super_bits/modulosSB/SBCore/modulos/fabrica/ComoFabricaAcoes;)V+15
j  br.org.carameloCode.erp.crm.paginas.crmAtendimento.PgProspecto.executarAcao(Lbr/org/carameloCode/erp/modulo/crm/entidadesJPA/prospecto/Pessoa;)V+59
j  br.org.carameloCode.erp.crm.paginas.crmAtendimento.PgProspecto.executarAcao(Lcom/super_bits/modulosSB/SBCore/modulos/objetos/entidade/basico/ComoEntidadeSimples;)V+5
j  com.super_bits.modulosSB.webPaginas.JSFManagedBeans.formularios.MB_paginaCadastroEntidades.executarAcaoSelecionada()V+5
j  br.org.carameloCode.erp.crm.paginas.crmAtendimento.PgProspecto.executarAcaoSelecionada()V+1
j  com.super_bits.modulosSB.webPaginas.JSFManagedBeans.formularios.B_Pagina.executaAcaoSelecionadaPorEnum(Lcom/super_bits/modulosSB/SBCore/modulos/fabrica/ComoFabricaAcoes;)V+15
j  br.org.carameloCode.erp.crm.paginas.crmAtendimento.PgProspecto.executarAcao(Lbr/org/carameloCode/erp/modulo/crm/entidadesJPA/prospecto/Pessoa;)V+59
j  br.org.carameloCode.erp.crm.paginas.crmAtendimento.PgProspecto.executarAcao(Lcom/super_bits/modulosSB/SBCore/modulos/objetos/entidade/basico/ComoEntidadeSimples;)V+5
j  com.super_bits.modulosSB.webPaginas.JSFManagedBeans.formularios.MB_paginaCadastroEntidades.executarAcaoSelecionada()V+5
j  br.org.carameloCode.erp.crm.paginas.crmAtendimento.PgProspecto.executarAcaoSelecionada()V+1
j  com.super_bits.modulosSB.webPaginas.JSFManagedBeans.formularios.B_Pagina.executaAcaoSelecionadaPorEnum(Lcom/super_bits/modulosSB/SBCore/modulos/fabrica/ComoFabricaAcoes;)V+15
j  br.org.carameloCode.erp.crm.paginas.crmAtendimento.PgProspecto.executarAcao(Lbr/org/carameloCode/erp/modulo/crm/entidadesJPA/prospecto/Pessoa;)V+59
j  br.org.carameloCode.erp.crm.paginas.crmAtendimento.PgProspecto.executarAcao(Lcom/super_bits/modulosSB/SBCore/modulos/objetos/entidade/basico/ComoEntidadeSimples;)V+5
j  com.super_bits.modulosSB.webPaginas.JSFManagedBeans.formularios.MB_paginaCadastroEntidades.executarAcaoSelecionada()V+5
j  br.org.carameloCode.erp.crm.paginas.crmAtendimento.PgProspecto.executarAcaoSelecionada()V+1
j  com.super_bits.modulosSB.webPaginas.JSFManagedBeans.formularios.B_Pagina.executaAcaoSelecionadaPorEnum(Lcom/super_bits/modulosSB/SBCore/modulos/fabrica/ComoFabricaAcoes;)V+15
j  br.org.carameloCode.erp.crm.paginas.crmAtendimento.PgProspecto.executarAcao(Lbr/org/carameloCode/erp/modulo/crm/entidadesJPA/prospecto/Pessoa;)V+59
j  br.org.carameloCode.erp.crm.paginas.crmAtendimento.PgProspecto.executarAcao(Lcom/super_bits/modulosSB/SBCore/modulos/objetos/entidade/basico/ComoEntidadeSimples;)V+5
j  com.super_bits.modulosSB.webPaginas.JSFManagedBeans.formularios.MB_paginaCadastroEntidades.executarAcaoSelecionada()V+5
j  br.org.carameloCode.erp.crm.paginas.crmAtendimento.PgProspecto.executarAcaoSelecionada()V+1
j  com.super_bits.modulosSB.webPaginas.JSFManagedBeans.formularios.B_Pagina.executaAcaoSelecionadaPorEnum(Lcom/super_bits/modulosSB/SBCore/modulos/fabrica/ComoFabricaAcoes;)V+15
j  br.org.carameloCode.erp.crm.paginas.crmAtendimento.PgProspecto.executarAcao(Lbr/org/carameloCode/erp/modulo/crm/entidadesJPA/prospecto/Pessoa;)V+59
j  br.org.carameloCode.erp.crm.paginas.crmAtendimento.PgProspecto.executarAcao(Lcom/super_bits/modulosSB/SBCore/modulos/objetos/entidade/basico/ComoEntidadeSimples;)V+5
j  com.super_bits.modulosSB.webPaginas.JSFManagedBeans.formularios.MB_paginaCadastroEntidades.executarAcaoSelecionada()V+5
j  br.org.carameloCode.erp.crm.paginas.crmAtendimento.PgProspecto.executarAcaoSelecionada()V+1
j  com.super_bits.modulosSB.webPaginas.JSFManagedBeans.formularios.B_Pagina.executaAcaoSelecionadaPorEnum(Lcom/super_bits/modulosSB/SBCore/modulos/fabrica/ComoFabricaAcoes;)V+15
j  br.org.carameloCode.erp.crm.paginas.crmAtendimento.PgProspecto.executarAcao(Lbr/org/carameloCode/erp/modulo/crm/entidadesJPA/prospecto/Pessoa;)V+59
j  br.org.carameloCode.erp.crm.paginas.crmAtendimento.PgProspecto.executarAcao(Lcom/super_bits/modulosSB/SBCore/modulos/objetos/entidade/basico/ComoEntidadeSimples;)V+5
j  com.super_bits.modulosSB.webPaginas.JSFManagedBeans.formularios.MB_paginaCadastroEntidades.executarAcaoSelecionada()V+5
j  br.org.carameloCode.erp.crm.paginas.crmAtendimento.PgProspecto.executarAcaoSelecionada()V+1
j  com.super_bits.modulosSB.webPaginas.JSFManagedBeans.formularios.B_Pagina.executaAcaoSelecionadaPorEnum(Lcom/super_bits/modulosSB/SBCore/modulos/fabrica/ComoFabricaAcoes;)V+15
j  br.org.carameloCode.erp.crm.paginas.crmAtendimento.PgProspecto.executarAcao(Lbr/org/carameloCode/erp/modulo/crm/entidadesJPA/prospecto/Pessoa;)V+59
j  br.org.carameloCode.erp.crm.paginas.crmAtendimento.PgProspecto.executarAcao(Lcom/super_bits/modulosSB/SBCore/modulos/objetos/entidade/basico/ComoEntidadeSimples;)V+5
j  com.super_bits.modulosSB.webPaginas.JSFManagedBeans.formularios.MB_paginaCadastroEntidades.executarAcaoSelecionada()V+5
j  br.org.carameloCode.erp.crm.paginas.crmAtendimento.PgProspecto.executarAcaoSelecionada()V+1
j  com.super_bits.modulosSB.webPaginas.JSFManagedBeans.formularios.B_Pagina.executaAcaoSelecionadaPorEnum(Lcom/super_bits/modulosSB/SBCore/modulos/fabrica/ComoFabricaAcoes;)V+15
j  br.org.carameloCode.erp.crm.paginas.crmAtendimento.PgProspecto.executarAcao(Lbr/org/carameloCode/erp/modulo/crm/entidadesJPA/prospecto/Pessoa;)V+59
j  br.org.carameloCode.erp.crm.paginas.crmAtendimento.PgProspecto.executarAcao(Lcom/super_bits/modulosSB/SBCore/modulos/objetos/entidade/basico/ComoEntidadeSimples;)V+5
j  com.super_bits.modulosSB.webPaginas.JSFManagedBeans.formularios.MB_paginaCadastroEntidades.executarAcaoSelecionada()V+5
j  br.org.carameloCode.erp.crm.paginas.crmAtendimento.PgProspecto.executarAcaoSelecionada()V+1
j  com.super_bits.modulosSB.webPaginas.JSFManagedBeans.formularios.B_Pagina.executaAcaoSelecionadaPorEnum(Lcom/super_bits/modulosSB/SBCore/modulos/fabrica/ComoFabricaAcoes;)V+15
j  br.org.carameloCode.erp.crm.paginas.crmAtendimento.PgProspecto.executarAcao(Lbr/org/carameloCode/erp/modulo/crm/entidadesJPA/prospecto/Pessoa;)V+59
j  br.org.carameloCode.erp.crm.paginas.crmAtendimento.PgProspecto.executarAcao(Lcom/super_bits/modulosSB/SBCore/modulos/objetos/entidade/basico/ComoEntidadeSimples;)V+5
j  com.super_bits.modulosSB.webPaginas.JSFManagedBeans.formularios.MB_paginaCadastroEntidades.executarAcaoSelecionada()V+5
j  br.org.carameloCode.erp.crm.paginas.crmAtendimento.PgProspecto.executarAcaoSelecionada()V+1
j  com.super_bits.modulosSB.webPaginas.JSFManagedBeans.formularios.B_Pagina.executaAcaoSelecionadaPorEnum(Lcom/super_bits/modulosSB/SBCore/modulos/fabrica/ComoFabricaAcoes;)V+15
j  br.org.carameloCode.erp.crm.paginas.crmAtendimento.PgProspecto.executarAcao(Lbr/org/carameloCode/erp/modulo/crm/entidadesJPA/prospecto/Pessoa;)V+59
j  br.org.carameloCode.erp.crm.paginas.crmAtendimento.PgProspecto.executarAcao(Lcom/super_bits/modulosSB/SBCore/modulos/objetos/entidade/basico/ComoEntidadeSimples;)V+5
j  com.super_bits.modulosSB.webPaginas.JSFManagedBeans.formularios.MB_paginaCadastroEntidades.executarAcaoSelecionada()V+5
j  br.org.carameloCode.erp.crm.paginas.crmAtendimento.PgProspecto.executarAcaoSelecionada()V+1
j  com.super_bits.modulosSB.webPaginas.JSFManagedBeans.formularios.B_Pagina.executaAcaoSelecionadaPorEnum(Lcom/super_bits/modulosSB/SBCore/modulos/fabrica/ComoFabricaAcoes;)V+15
j  br.org.carameloCode.erp.crm.paginas.crmAtendimento.PgProspecto.executarAcao(Lbr/org/carameloCode/erp/modulo/crm/entidadesJPA/prospecto/Pessoa;)V+59
j  br.org.carameloCode.erp.crm.paginas.crmAtendimento.PgProspecto.executarAcao(Lcom/super_bits/modulosSB/SBCore/modulos/objetos/entidade/basico/ComoEntidadeSimples;)V+5
j  com.super_bits.modulosSB.webPaginas.JSFManagedBeans.formularios.MB_paginaCadastroEntidades.executarAcaoSelecionada()V+5
j  br.org.carameloCode.erp.crm.paginas.crmAtendimento.PgProspecto.executarAcaoSelecionada()V+1
j  com.super_bits.modulosSB.webPaginas.JSFManagedBeans.formularios.B_Pagina.executaAcaoSelecionadaPorEnum(Lcom/super_bits/modulosSB/SBCore/modulos/fabrica/ComoFabricaAcoes;)V+15
j  br.org.carameloCode.erp.crm.paginas.crmAtendimento.PgProspecto.executarAcao(Lbr/org/carameloCode/erp/modulo/crm/entidadesJPA/prospecto/Pessoa;)V+59
j  br.org.carameloCode.erp.crm.paginas.crmAtendimento.PgProspecto.executarAcao(Lcom/super_bits/modulosSB/SBCore/modulos/objetos/entidade/basico/ComoEntidadeSimples;)V+5
j  com.super_bits.modulosSB.webPaginas.JSFManagedBeans.formularios.MB_paginaCadastroEntidades.executarAcaoSelecionada()V+5
j  br.org.carameloCode.erp.crm.paginas.crmAtendimento.PgProspecto.executarAcaoSelecionada()V+1
j  com.super_bits.modulosSB.webPaginas.JSFManagedBeans.formularios.B_Pagina.executaAcaoSelecionadaPorEnum(Lcom/super_bits/modulosSB/SBCore/modulos/fabrica/ComoFabricaAcoes;)V+15
j  br.org.carameloCode.erp.crm.paginas.crmAtendimento.PgProspecto.executarAcao(Lbr/org/carameloCode/erp/modulo/crm/entidadesJPA/prospecto/Pessoa;)V+59
j  br.org.carameloCode.erp.crm.paginas.crmAtendimento.PgProspecto.executarAcao(Lcom/super_bits/modulosSB/SBCore/modulos/objetos/entidade/basico/ComoEntidadeSimples;)V+5
j  com.super_bits.modulosSB.webPaginas.JSFManagedBeans.formularios.MB_paginaCadastroEntidades.executarAcaoSelecionada()V+5
j  br.org.carameloCode.erp.crm.paginas.crmAtendimento.PgProspecto.executarAcaoSelecionada()V+1
j  com.super_bits.modulosSB.webPaginas.JSFManagedBeans.formularios.B_Pagina.executaAcaoSelecionadaPorEnum(Lcom/super_bits/modulosSB/SBCore/modulos/fabrica/ComoFabricaAcoes;)V+15
j  br.org.carameloCode.erp.crm.paginas.crmAtendimento.PgProspecto.executarAcao(Lbr/org/carameloCode/erp/modulo/crm/entidadesJPA/prospecto/Pessoa;)V+59
j  br.org.carameloCode.erp.crm.paginas.crmAtendimento.PgProspecto.executarAcao(Lcom/super_bits/modulosSB/SBCore/modulos/objetos/entidade/basico/ComoEntidadeSimples;)V+5
j  com.super_bits.modulosSB.webPaginas.JSFManagedBeans.formularios.MB_paginaCadastroEntidades.executarAcaoSelecionada()V+5
j  br.org.carameloCode.erp.crm.paginas.crmAtendimento.PgProspecto.executarAcaoSelecionada()V+1
j  com.super_bits.modulosSB.webPaginas.JSFManagedBeans.formularios.B_Pagina.executaAcaoSelecionadaPorEnum(Lcom/super_bits/modulosSB/SBCore/modulos/fabrica/ComoFabricaAcoes;)V+15
j  br.org.carameloCode.erp.crm.paginas.crmAtendimento.PgProspecto.executarAcao(Lbr/org/carameloCode/erp/modulo/crm/entidadesJPA/prospecto/Pessoa;)V+59
j  br.org.carameloCode.erp.crm.paginas.crmAtendimento.PgProspecto.executarAcao(Lcom/super_bits/modulosSB/SBCore/modulos/objetos/entidade/basico/ComoEntidadeSimples;)V+5
j  com.super_bits.modulosSB.webPaginas.JSFManagedBeans.formularios.MB_paginaCadastroEntidades.executarAcaoSelecionada()V+5
j  br.org.carameloCode.erp.crm.paginas.crmAtendimento.PgProspecto.executarAcaoSelecionada()V+1
j  com.super_bits.modulosSB.webPaginas.JSFManagedBeans.formularios.B_Pagina.executaAcaoSelecionadaPorEnum(Lcom/super_bits/modulosSB/SBCore/modulos/fabrica/ComoFabricaAcoes;)V+15
j  br.org.carameloCode.erp.crm.paginas.crmAtendimento.PgProspecto.executarAcao(Lbr/org/carameloCode/erp/modulo/crm/entidadesJPA/prospecto/Pessoa;)V+59
j  br.org.carameloCode.erp.crm.paginas.crmAtendimento.PgProspecto.executarAcao(Lcom/super_bits/modulosSB/SBCore/modulos/objetos/entidade/basico/ComoEntidadeSimples;)V+5
j  com.super_bits.modulosSB.webPaginas.JSFManagedBeans.formularios.MB_paginaCadastroEntidades.executarAcaoSelecionada()V+5
j  br.org.carameloCode.erp.crm.paginas.crmAtendimento.PgProspecto.executarAcaoSelecionada()V+1
j  com.super_bits.modulosSB.webPaginas.JSFManagedBeans.formularios.B_Pagina.executaAcaoSelecionadaPorEnum(Lcom/super_bits/modulosSB/SBCore/modulos/fabrica/ComoFabricaAcoes;)V+15
j  br.org.carameloCode.erp.crm.paginas.crmAtendimento.PgProspecto.executarAcao(Lbr/org/carameloCode/erp/modulo/crm/entidadesJPA/prospecto/Pessoa;)V+59
j  br.org.carameloCode.erp.crm.paginas.crmAtendimento.PgProspecto.executarAcao(Lcom/super_bits/modulosSB/SBCore/modulos/objetos/entidade/basico/ComoEntidadeSimples;)V+5
j  com.super_bits.modulosSB.webPaginas.JSFManagedBeans.formularios.MB_paginaCadastroEntidades.executarAcaoSelecionada()V+5
j  br.org.carameloCode.erp.crm.paginas.crmAtendimento.PgProspecto.executarAcaoSelecionada()V+1
j  com.super_bits.modulosSB.webPaginas.JSFManagedBeans.formularios.B_Pagina.executaAcaoSelecionadaPorEnum(Lcom/super_bits/modulosSB/SBCore/modulos/fabrica/ComoFabricaAcoes;)V+15
j  br.org.carameloCode.erp.crm.paginas.crmAtendimento.PgProspecto.executarAcao(Lbr/org/carameloCode/erp/modulo/crm/entidadesJPA/prospecto/Pessoa;)V+59
j  br.org.carameloCode.erp.crm.paginas.crmAtendimento.PgProspecto.executarAcao(Lcom/super_bits/modulosSB/SBCore/modulos/objetos/entidade/basico/ComoEntidadeSimples;)V+5
j  com.super_bits.modulosSB.webPaginas.JSFManagedBeans.formularios.MB_paginaCadastroEntidades.executarAcaoSelecionada()V+5
j  br.org.carameloCode.erp.crm.paginas.crmAtendimento.PgProspecto.executarAcaoSelecionada()V+1
j  com.super_bits.modulosSB.webPaginas.JSFManagedBeans.formularios.B_Pagina.executaAcaoSelecionadaPorEnum(Lcom/super_bits/modulosSB/SBCore/modulos/fabrica/ComoFabricaAcoes;)V+15
j  br.org.carameloCode.erp.crm.paginas.crmAtendimento.PgProspecto.executarAcao(Lbr/org/carameloCode/erp/modulo/crm/entidadesJPA/prospecto/Pessoa;)V+59
j  br.org.carameloCode.erp.crm.paginas.crmAtendimento.PgProspecto.executarAcao(Lcom/super_bits/modulosSB/SBCore/modulos/objetos/entidade/basico/ComoEntidadeSimples;)V+5
j  com.super_bits.modulosSB.webPaginas.JSFManagedBeans.formularios.MB_paginaCadastroEntidades.executarAcaoSelecionada()V+5
j  br.org.carameloCode.erp.crm.paginas.crmAtendimento.PgProspecto.executarAcaoSelecionada()V+1
j  com.super_bits.modulosSB.webPaginas.JSFManagedBeans.formularios.B_Pagina.executaAcaoSelecionadaPorEnum(Lcom/super_bits/modulosSB/SBCore/modulos/fabrica/ComoFabricaAcoes;)V+15
j  br.org.carameloCode.erp.crm.paginas.crmAtendimento.PgProspecto.executarAcao(Lbr/org/carameloCode/erp/modulo/crm/entidadesJPA/prospecto/Pessoa;)V+59
j  br.org.carameloCode.erp.crm.paginas.crmAtendimento.PgProspecto.executarAcao(Lcom/super_bits/modulosSB/SBCore/modulos/objetos/entidade/basico/ComoEntidadeSimples;)V+5
j  com.super_bits.modulosSB.webPaginas.JSFManagedBeans.formularios.MB_paginaCadastroEntidades.executarAcaoSelecionada()V+5
j  br.org.carameloCode.erp.crm.paginas.crmAtendimento.PgProspecto.executarAcaoSelecionada()V+1
j  com.super_bits.modulosSB.webPaginas.JSFManagedBeans.formularios.B_Pagina.executaAcaoSelecionadaPorEnum(Lcom/super_bits/modulosSB/SBCore/modulos/fabrica/ComoFabricaAcoes;)V+15
j  br.org.carameloCode.erp.crm.paginas.crmAtendimento.PgProspecto.executarAcao(Lbr/org/carameloCode/erp/modulo/crm/entidadesJPA/prospecto/Pessoa;)V+59
j  br.org.carameloCode.erp.crm.paginas.crmAtendimento.PgProspecto.executarAcao(Lcom/super_bits/modulosSB/SBCore/modulos/objetos/entidade/basico/ComoEntidadeSimples;)V+5
j  com.super_bits.modulosSB.webPaginas.JSFManagedBeans.formularios.MB_paginaCadastroEntidades.executarAcaoSelecionada()V+5
j  br.org.carameloCode.erp.crm.paginas.crmAtendimento.PgProspecto.executarAcaoSelecionada()V+1
j  com.super_bits.modulosSB.webPaginas.JSFManagedBeans.formularios.B_Pagina.executaAcaoSelecionadaPorEnum(Lcom/super_bits/modulosSB/SBCore/modulos/fabrica/ComoFabricaAcoes;)V+15
j  br.org.carameloCode.erp.crm.paginas.crmAtendimento.PgProspecto.executarAcao(Lbr/org/carameloCode/erp/modulo/crm/entidadesJPA/prospecto/Pessoa;)V+59
j  br.org.carameloCode.erp.crm.paginas.crmAtendimento.PgProspecto.executarAcao(Lcom/super_bits/modulosSB/SBCore/modulos/objetos/entidade/basico/ComoEntidadeSimples;)V+5
j  com.super_bits.modulosSB.webPaginas.JSFManagedBeans.formularios.MB_paginaCadastroEntidades.executarAcaoSelecionada()V+5
j  br.org.carameloCode.erp.crm.paginas.crmAtendimento.PgProspecto.executarAcaoSelecionada()V+1
j  com.super_bits.modulosSB.webPaginas.JSFManagedBeans.formularios.B_Pagina.executaAcaoSelecionadaPorEnum(Lcom/super_bits/modulosSB/SBCore/modulos/fabrica/ComoFabricaAcoes;)V+15
j  br.org.carameloCode.erp.crm.paginas.crmAtendimento.PgProspecto.executarAcao(Lbr/org/carameloCode/erp/modulo/crm/entidadesJPA/prospecto/Pessoa;)V+59
j  br.org.carameloCode.erp.crm.paginas.crmAtendimento.PgProspecto.executarAcao(Lcom/super_bits/modulosSB/SBCore/modulos/objetos/entidade/basico/ComoEntidadeSimples;)V+5
j  com.super_bits.modulosSB.webPaginas.JSFManagedBeans.formularios.MB_paginaCadastroEntidades.executarAcaoSelecionada()V+5
j  br.org.carameloCode.erp.crm.paginas.crmAtendimento.PgProspecto.executarAcaoSelecionada()V+1
j  com.super_bits.modulosSB.webPaginas.JSFManagedBeans.formularios.B_Pagina.executaAcaoSelecionadaPorEnum(Lcom/super_bits/modulosSB/SBCore/modulos/fabrica/ComoFabricaAcoes;)V+15
j  br.org.carameloCode.erp.crm.paginas.crmAtendimento.PgProspecto.executarAcao(Lbr/org/carameloCode/erp/modulo/crm/entidadesJPA/prospecto/Pessoa;)V+59
j  br.org.carameloCode.erp.crm.paginas.crmAtendimento.PgProspecto.executarAcao(Lcom/super_bits/modulosSB/SBCore/modulos/objetos/entidade/basico/ComoEntidadeSimples;)V+5
j  com.super_bits.modulosSB.webPaginas.JSFManagedBeans.formularios.MB_paginaCadastroEntidades.executarAcaoSelecionada()V+5
j  br.org.carameloCode.erp.crm.paginas.crmAtendimento.PgProspecto.executarAcaoSelecionada()V+1
j  com.super_bits.modulosSB.webPaginas.JSFManagedBeans.formularios.B_Pagina.executaAcaoSelecionadaPorEnum(Lcom/super_bits/modulosSB/SBCore/modulos/fabrica/ComoFabricaAcoes;)V+15
j  br.org.carameloCode.erp.crm.paginas.crmAtendimento.PgProspecto.executarAcao(Lbr/org/carameloCode/erp/modulo/crm/entidadesJPA/prospecto/Pessoa;)V+59
j  br.org.carameloCode.erp.crm.paginas.crmAtendimento.PgProspecto.executarAcao(Lcom/super_bits/modulosSB/SBCore/modulos/objetos/entidade/basico/ComoEntidadeSimples;)V+5
j  com.super_bits.modulosSB.webPaginas.JSFManagedBeans.formularios.MB_paginaCadastroEntidades.executarAcaoSelecionada()V+5
j  br.org.carameloCode.erp.crm.paginas.crmAtendimento.PgProspecto.executarAcaoSelecionada()V+1
j  com.super_bits.modulosSB.webPaginas.JSFManagedBeans.formularios.B_Pagina.executaAcaoSelecionadaPorEnum(Lcom/super_bits/modulosSB/SBCore/modulos/fabrica/ComoFabricaAcoes;)V+15
j  br.org.carameloCode.erp.crm.paginas.crmAtendimento.PgProspecto.executarAcao(Lbr/org/carameloCode/erp/modulo/crm/entidadesJPA/prospecto/Pessoa;)V+59
j  br.org.carameloCode.erp.crm.paginas.crmAtendimento.PgProspecto.executarAcao(Lcom/super_bits/modulosSB/SBCore/modulos/objetos/entidade/basico/ComoEntidadeSimples;)V+5
j  com.super_bits.modulosSB.webPaginas.JSFManagedBeans.formularios.MB_paginaCadastroEntidades.executarAcaoSelecionada()V+5
j  br.org.carameloCode.erp.crm.paginas.crmAtendimento.PgProspecto.executarAcaoSelecionada()V+1
j  com.super_bits.modulosSB.webPaginas.JSFManagedBeans.formularios.B_Pagina.executaAcaoSelecionadaPorEnum(Lcom/super_bits/modulosSB/SBCore/modulos/fabrica/ComoFabricaAcoes;)V+15
j  br.org.carameloCode.erp.crm.paginas.crmAtendimento.PgProspecto.executarAcao(Lbr/org/carameloCode/erp/modulo/crm/entidadesJPA/prospecto/Pessoa;)V+59
j  br.org.carameloCode.erp.crm.paginas.crmAtendimento.PgProspecto.executarAcao(Lcom/super_bits/modulosSB/SBCore/modulos/objetos/entidade/basico/ComoEntidadeSimples;)V+5
j  com.super_bits.modulosSB.webPaginas.JSFManagedBeans.formularios.MB_paginaCadastroEntidades.executarAcaoSelecionada()V+5
j  br.org.carameloCode.erp.crm.paginas.crmAtendimento.PgProspecto.executarAcaoSelecionada()V+1
j  com.super_bits.modulosSB.webPaginas.JSFManagedBeans.formularios.B_Pagina.executaAcaoSelecionadaPorEnum(Lcom/super_bits/modulosSB/SBCore/modulos/fabrica/ComoFabricaAcoes;)V+15
j  br.org.carameloCode.erp.crm.paginas.crmAtendimento.PgProspecto.executarAcao(Lbr/org/carameloCode/erp/modulo/crm/entidadesJPA/prospecto/Pessoa;)V+59
j  br.org.carameloCode.erp.crm.paginas.crmAtendimento.PgProspecto.executarAcao(Lcom/super_bits/modulosSB/SBCore/modulos/objetos/entidade/basico/ComoEntidadeSimples;)V+5
j  com.super_bits.modulosSB.webPaginas.JSFManagedBeans.formularios.MB_paginaCadastroEntidades.executarAcaoSelecionada()V+5
j  br.org.carameloCode.erp.crm.paginas.crmAtendimento.PgProspecto.executarAcaoSelecionada()V+1
j  com.super_bits.modulosSB.webPaginas.JSFManagedBeans.formularios.B_Pagina.executaAcaoSelecionadaPorEnum(Lcom/super_bits/modulosSB/SBCore/modulos/fabrica/ComoFabricaAcoes;)V+15
j  br.org.carameloCode.erp.crm.paginas.crmAtendimento.PgProspecto.executarAcao(Lbr/org/carameloCode/erp/modulo/crm/entidadesJPA/prospecto/Pessoa;)V+59
j  br.org.carameloCode.erp.crm.paginas.crmAtendimento.PgProspecto.executarAcao(Lcom/super_bits/modulosSB/SBCore/modulos/objetos/entidade/basico/ComoEntidadeSimples;)V+5
j  com.super_bits.modulosSB.webPaginas.JSFManagedBeans.formularios.MB_paginaCadastroEntidades.executarAcaoSelecionada()V+5
j  br.org.carameloCode.erp.crm.paginas.crmAtendimento.PgProspecto.executarAcaoSelecionada()V+1
j  com.super_bits.modulosSB.webPaginas.JSFManagedBeans.formularios.B_Pagina.executaAcaoSelecionadaPorEnum(Lcom/super_bits/modulosSB/SBCore/modulos/fabrica/ComoFabricaAcoes;)V+15
j  br.org.carameloCode.erp.crm.paginas.crmAtendimento.PgProspecto.executarAcao(Lbr/org/carameloCode/erp/modulo/crm/entidadesJPA/prospecto/Pessoa;)V+59
j  br.org.carameloCode.erp.crm.paginas.crmAtendimento.PgProspecto.executarAcao(Lcom/super_bits/modulosSB/SBCore/modulos/objetos/entidade/basico/ComoEntidadeSimples;)V+5
j  com.super_bits.modulosSB.webPaginas.JSFManagedBeans.formularios.MB_paginaCadastroEntidades.executarAcaoSelecionada()V+5
j  br.org.carameloCode.erp.crm.paginas.crmAtendimento.PgProspecto.executarAcaoSelecionada()V+1
j  com.super_bits.modulosSB.webPaginas.JSFManagedBeans.formularios.B_Pagina.executaAcaoSelecionadaPorEnum(Lcom/super_bits/modulosSB/SBCore/modulos/fabrica/ComoFabricaAcoes;)V+15
j  br.org.carameloCode.erp.crm.paginas.crmAtendimento.PgProspecto.executarAcao(Lbr/org/carameloCode/erp/modulo/crm/entidadesJPA/prospecto/Pessoa;)V+59
j  br.org.carameloCode.erp.crm.paginas.crmAtendimento.PgProspecto.executarAcao(Lcom/super_bits/modulosSB/SBCore/modulos/objetos/entidade/basico/ComoEntidadeSimples;)V+5
j  com.super_bits.modulosSB.webPaginas.JSFManagedBeans.formularios.MB_paginaCadastroEntidades.executarAcaoSelecionada()V+5
j  br.org.carameloCode.erp.crm.paginas.crmAtendimento.PgProspecto.executarAcaoSelecionada()V+1
j  com.super_bits.modulosSB.webPaginas.JSFManagedBeans.formularios.B_Pagina.executaAcaoSelecionadaPorEnum(Lcom/super_bits/modulosSB/SBCore/modulos/fabrica/ComoFabricaAcoes;)V+15
j  br.org.carameloCode.erp.crm.paginas.crmAtendimento.PgProspecto.executarAcao(Lbr/org/carameloCode/erp/modulo/crm/entidadesJPA/prospecto/Pessoa;)V+59
j  br.org.carameloCode.erp.crm.paginas.crmAtendimento.PgProspecto.executarAcao(Lcom/super_bits/modulosSB/SBCore/modulos/objetos/entidade/basico/ComoEntidadeSimples;)V+5
j  com.super_bits.modulosSB.webPaginas.JSFManagedBeans.formularios.MB_paginaCadastroEntidades.executarAcaoSelecionada()V+5
j  br.org.carameloCode.erp.crm.paginas.crmAtendimento.PgProspecto.executarAcaoSelecionada()V+1
j  com.super_bits.modulosSB.webPaginas.JSFManagedBeans.formularios.B_Pagina.executaAcaoSelecionadaPorEnum(Lcom/super_bits/modulosSB/SBCore/modulos/fabrica/ComoFabricaAcoes;)V+15
j  br.org.carameloCode.erp.crm.paginas.crmAtendimento.PgProspecto.executarAcao(Lbr/org/carameloCode/erp/modulo/crm/entidadesJPA/prospecto/Pessoa;)V+59
j  br.org.carameloCode.erp.crm.paginas.crmAtendimento.PgProspecto.executarAcao(Lcom/super_bits/modulosSB/SBCore/modulos/objetos/entidade/basico/ComoEntidadeSimples;)V+5
j  com.super_bits.modulosSB.webPaginas.JSFManagedBeans.formularios.MB_paginaCadastroEntidades.executarAcaoSelecionada()V+5
j  br.org.carameloCode.erp.crm.paginas.crmAtendimento.PgProspecto.executarAcaoSelecionada()V+1
j  com.super_bits.modulosSB.webPaginas.JSFManagedBeans.formularios.B_Pagina.executaAcaoSelecionadaPorEnum(Lcom/super_bits/modulosSB/SBCore/modulos/fabrica/ComoFabricaAcoes;)V+15
j  br.org.carameloCode.erp.crm.paginas.crmAtendimento.PgProspecto.executarAcao(Lbr/org/carameloCode/erp/modulo/crm/entidadesJPA/prospecto/Pessoa;)V+59
j  br.org.carameloCode.erp.crm.paginas.crmAtendimento.PgProspecto.executarAcao(Lcom/super_bits/modulosSB/SBCore/modulos/objetos/entidade/basico/ComoEntidadeSimples;)V+5
j  com.super_bits.modulosSB.webPaginas.JSFManagedBeans.formularios.MB_paginaCadastroEntidades.executarAcaoSelecionada()V+5
j  br.org.carameloCode.erp.crm.paginas.crmAtendimento.PgProspecto.executarAcaoSelecionada()V+1
j  com.super_bits.modulosSB.webPaginas.JSFManagedBeans.formularios.B_Pagina.executaAcaoSelecionadaPorEnum(Lcom/super_bits/modulosSB/SBCore/modulos/fabrica/ComoFabricaAcoes;)V+15
j  br.org.carameloCode.erp.crm.paginas.crmAtendimento.PgProspecto.executarAcao(Lbr/org/carameloCode/erp/modulo/crm/entidadesJPA/prospecto/Pessoa;)V+59
j  br.org.carameloCode.erp.crm.paginas.crmAtendimento.PgProspecto.executarAcao(Lcom/super_bits/modulosSB/SBCore/modulos/objetos/entidade/basico/ComoEntidadeSimples;)V+5
j  com.super_bits.modulosSB.webPaginas.JSFManagedBeans.formularios.MB_paginaCadastroEntidades.executarAcaoSelecionada()V+5
j  br.org.carameloCode.erp.crm.paginas.crmAtendimento.PgProspecto.executarAcaoSelecionada()V+1
j  com.super_bits.modulosSB.webPaginas.JSFManagedBeans.formularios.B_Pagina.executaAcaoSelecionadaPorEnum(Lcom/super_bits/modulosSB/SBCore/modulos/fabrica/ComoFabricaAcoes;)V+15
j  br.org.carameloCode.erp.crm.paginas.crmAtendimento.PgProspecto.executarAcao(Lbr/org/carameloCode/erp/modulo/crm/entidadesJPA/prospecto/Pessoa;)V+59
j  br.org.carameloCode.erp.crm.paginas.crmAtendimento.PgProspecto.executarAcao(Lcom/super_bits/modulosSB/SBCore/modulos/objetos/entidade/basico/ComoEntidadeSimples;)V+5
j  com.super_bits.modulosSB.webPaginas.JSFManagedBeans.formularios.MB_paginaCadastroEntidades.executarAcaoSelecionada()V+5
j  br.org.carameloCode.erp.crm.paginas.crmAtendimento.PgProspecto.executarAcaoSelecionada()V+1
j  com.super_bits.modulosSB.webPaginas.JSFManagedBeans.formularios.B_Pagina.executaAcaoSelecionadaPorEnum(Lcom/super_bits/modulosSB/SBCore/modulos/fabrica/ComoFabricaAcoes;)V+15
j  br.org.carameloCode.erp.crm.paginas.crmAtendimento.PgProspecto.executarAcao(Lbr/org/carameloCode/erp/modulo/crm/entidadesJPA/prospecto/Pessoa;)V+59
j  br.org.carameloCode.erp.crm.paginas.crmAtendimento.PgProspecto.executarAcao(Lcom/super_bits/modulosSB/SBCore/modulos/objetos/entidade/basico/ComoEntidadeSimples;)V+5
j  com.super_bits.modulosSB.webPaginas.JSFManagedBeans.formularios.MB_paginaCadastroEntidades.executarAcaoSelecionada()V+5
j  br.org.carameloCode.erp.crm.paginas.crmAtendimento.PgProspecto.executarAcaoSelecionada()V+1
j  com.super_bits.modulosSB.webPaginas.JSFManagedBeans.formularios.B_Pagina.executaAcaoSelecionadaPorEnum(Lcom/super_bits/modulosSB/SBCore/modulos/fabrica/ComoFabricaAcoes;)V+15
j  br.org.carameloCode.erp.crm.paginas.crmAtendimento.PgProspecto.executarAcao(Lbr/org/carameloCode/erp/modulo/crm/entidadesJPA/prospecto/Pessoa;)V+59
j  br.org.carameloCode.erp.crm.paginas.crmAtendimento.PgProspecto.executarAcao(Lcom/super_bits/modulosSB/SBCore/modulos/objetos/entidade/basico/ComoEntidadeSimples;)V+5
j  com.super_bits.modulosSB.webPaginas.JSFManagedBeans.formularios.MB_paginaCadastroEntidades.executarAcaoSelecionada()V+5
j  br.org.carameloCode.erp.crm.paginas.crmAtendimento.PgProspecto.executarAcaoSelecionada()V+1
j  com.super_bits.modulosSB.webPaginas.JSFManagedBeans.formularios.B_Pagina.executaAcaoSelecionadaPorEnum(Lcom/super_bits/modulosSB/SBCore/modulos/fabrica/ComoFabricaAcoes;)V+15
j  br.org.carameloCode.erp.crm.paginas.crmAtendimento.PgProspecto.executarAcao(Lbr/org/carameloCode/erp/modulo/crm/entidadesJPA/prospecto/Pessoa;)V+59
j  br.org.carameloCode.erp.crm.paginas.crmAtendimento.PgProspecto.executarAcao(Lcom/super_bits/modulosSB/SBCore/modulos/objetos/entidade/basico/ComoEntidadeSimples;)V+5
j  com.super_bits.modulosSB.webPaginas.JSFManagedBeans.formularios.MB_paginaCadastroEntidades.executarAcaoSelecionada()V+5
j  br.org.carameloCode.erp.crm.paginas.crmAtendimento.PgProspecto.executarAcaoSelecionada()V+1
j  com.super_bits.modulosSB.webPaginas.JSFManagedBeans.formularios.B_Pagina.executaAcaoSelecionadaPorEnum(Lcom/super_bits/modulosSB/SBCore/modulos/fabrica/ComoFabricaAcoes;)V+15
j  br.org.carameloCode.erp.crm.paginas.crmAtendimento.PgProspecto.executarAcao(Lbr/org/carameloCode/erp/modulo/crm/entidadesJPA/prospecto/Pessoa;)V+59
j  br.org.carameloCode.erp.crm.paginas.crmAtendimento.PgProspecto.executarAcao(Lcom/super_bits/modulosSB/SBCore/modulos/objetos/entidade/basico/ComoEntidadeSimples;)V+5
j  com.super_bits.modulosSB.webPaginas.JSFManagedBeans.formularios.MB_paginaCadastroEntidades.executarAcaoSelecionada()V+5
j  br.org.carameloCode.erp.crm.paginas.crmAtendimento.PgProspecto.executarAcaoSelecionada()V+1
j  com.super_bits.modulosSB.webPaginas.JSFManagedBeans.formularios.B_Pagina.executaAcaoSelecionadaPorEnum(Lcom/super_bits/modulosSB/SBCore/modulos/fabrica/ComoFabricaAcoes;)V+15
j  br.org.carameloCode.erp.crm.paginas.crmAtendimento.PgProspecto.executarAcao(Lbr/org/carameloCode/erp/modulo/crm/entidadesJPA/prospecto/Pessoa;)V+59
j  br.org.carameloCode.erp.crm.paginas.crmAtendimento.PgProspecto.executarAcao(Lcom/super_bits/modulosSB/SBCore/modulos/objetos/entidade/basico/ComoEntidadeSimples;)V+5
j  com.super_bits.modulosSB.webPaginas.JSFManagedBeans.formularios.MB_paginaCadastroEntidades.executarAcaoSelecionada()V+5
j  br.org.carameloCode.erp.crm.paginas.crmAtendimento.PgProspecto.executarAcaoSelecionada()V+1
j  com.super_bits.modulosSB.webPaginas.JSFManagedBeans.formularios.B_Pagina.executaAcaoSelecionadaPorEnum(Lcom/super_bits/modulosSB/SBCore/modulos/fabrica/ComoFabricaAcoes;)V+15
j  br.org.carameloCode.erp.crm.paginas.crmAtendimento.PgProspecto.executarAcao(Lbr/org/carameloCode/erp/modulo/crm/entidadesJPA/prospecto/Pessoa;)V+59
j  br.org.carameloCode.erp.crm.paginas.crmAtendimento.PgProspecto.executarAcao(Lcom/super_bits/modulosSB/SBCore/modulos/objetos/entidade/basico/ComoEntidadeSimples;)V+5
j  com.super_bits.modulosSB.webPaginas.JSFManagedBeans.formularios.MB_paginaCadastroEntidades.executarAcaoSelecionada()V+5
j  br.org.carameloCode.erp.crm.paginas.crmAtendimento.PgProspecto.executarAcaoSelecionada()V+1
j  com.super_bits.modulosSB.webPaginas.JSFManagedBeans.formularios.B_Pagina.executaAcaoSelecionadaPorEnum(Lcom/super_bits/modulosSB/SBCore/modulos/fabrica/ComoFabricaAcoes;)V+15
j  br.org.carameloCode.erp.crm.paginas.crmAtendimento.PgProspecto.executarAcao(Lbr/org/carameloCode/erp/modulo/crm/entidadesJPA/prospecto/Pessoa;)V+59
j  br.org.carameloCode.erp.crm.paginas.crmAtendimento.PgProspecto.executarAcao(Lcom/super_bits/modulosSB/SBCore/modulos/objetos/entidade/basico/ComoEntidadeSimples;)V+5
j  com.super_bits.modulosSB.webPaginas.JSFManagedBeans.formularios.MB_paginaCadastroEntidades.executarAcaoSelecionada()V+5
j  br.org.carameloCode.erp.crm.paginas.crmAtendimento.PgProspecto.executarAcaoSelecionada()V+1
j  com.super_bits.modulosSB.webPaginas.JSFManagedBeans.formularios.B_Pagina.executaAcaoSelecionadaPorEnum(Lcom/super_bits/modulosSB/SBCore/modulos/fabrica/ComoFabricaAcoes;)V+15
j  br.org.carameloCode.erp.crm.paginas.crmAtendimento.PgProspecto.executarAcao(Lbr/org/carameloCode/erp/modulo/crm/entidadesJPA/prospecto/Pessoa;)V+59
j  br.org.carameloCode.erp.crm.paginas.crmAtendimento.PgProspecto.executarAcao(Lcom/super_bits/modulosSB/SBCore/modulos/objetos/entidade/basico/ComoEntidadeSimples;)V+5
j  com.super_bits.modulosSB.webPaginas.JSFManagedBeans.formularios.MB_paginaCadastroEntidades.executarAcaoSelecionada()V+5
j  br.org.carameloCode.erp.crm.paginas.crmAtendimento.PgProspecto.executarAcaoSelecionada()V+1
j  com.super_bits.modulosSB.webPaginas.JSFManagedBeans.formularios.B_Pagina.executaAcaoSelecionadaPorEnum(Lcom/super_bits/modulosSB/SBCore/modulos/fabrica/ComoFabricaAcoes;)V+15
j  br.org.carameloCode.erp.crm.paginas.crmAtendimento.PgProspecto.executarAcao(Lbr/org/carameloCode/erp/modulo/crm/entidadesJPA/prospecto/Pessoa;)V+59
j  br.org.carameloCode.erp.crm.paginas.crmAtendimento.PgProspecto.executarAcao(Lcom/super_bits/modulosSB/SBCore/modulos/objetos/entidade/basico/ComoEntidadeSimples;)V+5
j  com.super_bits.modulosSB.webPaginas.JSFManagedBeans.formularios.MB_paginaCadastroEntidades.executarAcaoSelecionada()V+5
j  br.org.carameloCode.erp.crm.paginas.crmAtendimento.PgProspecto.executarAcaoSelecionada()V+1
j  com.super_bits.modulosSB.webPaginas.JSFManagedBeans.formularios.B_Pagina.executaAcaoSelecionadaPorEnum(Lcom/super_bits/modulosSB/SBCore/modulos/fabrica/ComoFabricaAcoes;)V+15
j  br.org.carameloCode.erp.crm.paginas.crmAtendimento.PgProspecto.executarAcao(Lbr/org/carameloCode/erp/modulo/crm/entidadesJPA/prospecto/Pessoa;)V+59
j  br.org.carameloCode.erp.crm.paginas.crmAtendimento.PgProspecto.executarAcao(Lcom/super_bits/modulosSB/SBCore/modulos/objetos/entidade/basico/ComoEntidadeSimples;)V+5
j  com.super_bits.modulosSB.webPaginas.JSFManagedBeans.formularios.MB_paginaCadastroEntidades.executarAcaoSelecionada()V+5
j  br.org.carameloCode.erp.crm.paginas.crmAtendimento.PgProspecto.executarAcaoSelecionada()V+1
j  com.super_bits.modulosSB.webPaginas.JSFManagedBeans.formularios.B_Pagina.executaAcaoSelecionadaPorEnum(Lcom/super_bits/modulosSB/SBCore/modulos/fabrica/ComoFabricaAcoes;)V+15
j  br.org.carameloCode.erp.crm.paginas.crmAtendimento.PgProspecto.executarAcao(Lbr/org/carameloCode/erp/modulo/crm/entidadesJPA/prospecto/Pessoa;)V+59
j  br.org.carameloCode.erp.crm.paginas.crmAtendimento.PgProspecto.executarAcao(Lcom/super_bits/modulosSB/SBCore/modulos/objetos/entidade/basico/ComoEntidadeSimples;)V+5
j  com.super_bits.modulosSB.webPaginas.JSFManagedBeans.formularios.MB_paginaCadastroEntidades.executarAcaoSelecionada()V+5
j  br.org.carameloCode.erp.crm.paginas.crmAtendimento.PgProspecto.executarAcaoSelecionada()V+1
j  com.super_bits.modulosSB.webPaginas.JSFManagedBeans.formularios.B_Pagina.executaAcaoSelecionadaPorEnum(Lcom/super_bits/modulosSB/SBCore/modulos/fabrica/ComoFabricaAcoes;)V+15
j  br.org.carameloCode.erp.crm.paginas.crmAtendimento.PgProspecto.executarAcao(Lbr/org/carameloCode/erp/modulo/crm/entidadesJPA/prospecto/Pessoa;)V+59
j  br.org.carameloCode.erp.crm.paginas.crmAtendimento.PgProspecto.executarAcao(Lcom/super_bits/modulosSB/SBCore/modulos/objetos/entidade/basico/ComoEntidadeSimples;)V+5
j  com.super_bits.modulosSB.webPaginas.JSFManagedBeans.formularios.MB_paginaCadastroEntidades.executarAcaoSelecionada()V+5
j  br.org.carameloCode.erp.crm.paginas.crmAtendimento.PgProspecto.executarAcaoSelecionada()V+1
j  com.super_bits.modulosSB.webPaginas.JSFManagedBeans.formularios.B_Pagina.executaAcaoSelecionadaPorEnum(Lcom/super_bits/modulosSB/SBCore/modulos/fabrica/ComoFabricaAcoes;)V+15
j  br.org.carameloCode.erp.crm.paginas.crmAtendimento.PgProspecto.executarAcao(Lbr/org/carameloCode/erp/modulo/crm/entidadesJPA/prospecto/Pessoa;)V+59
j  br.org.carameloCode.erp.crm.paginas.crmAtendimento.PgProspecto.executarAcao(Lcom/super_bits/modulosSB/SBCore/modulos/objetos/entidade/basico/ComoEntidadeSimples;)V+5
j  com.super_bits.modulosSB.webPaginas.JSFManagedBeans.formularios.MB_paginaCadastroEntidades.executarAcaoSelecionada()V+5
j  br.org.carameloCode.erp.crm.paginas.crmAtendimento.PgProspecto.executarAcaoSelecionada()V+1
j  com.super_bits.modulosSB.webPaginas.JSFManagedBeans.formularios.B_Pagina.executaAcaoSelecionadaPorEnum(Lcom/super_bits/modulosSB/SBCore/modulos/fabrica/ComoFabricaAcoes;)V+15
j  br.org.carameloCode.erp.crm.paginas.crmAtendimento.PgProspecto.executarAcao(Lbr/org/carameloCode/erp/modulo/crm/entidadesJPA/prospecto/Pessoa;)V+59
j  br.org.carameloCode.erp.crm.paginas.crmAtendimento.PgProspecto.executarAcao(Lcom/super_bits/modulosSB/SBCore/modulos/objetos/entidade/basico/ComoEntidadeSimples;)V+5
j  com.super_bits.modulosSB.webPaginas.JSFManagedBeans.formularios.MB_paginaCadastroEntidades.executarAcaoSelecionada()V+5
j  br.org.carameloCode.erp.crm.paginas.crmAtendimento.PgProspecto.executarAcaoSelecionada()V+1
j  com.super_bits.modulosSB.webPaginas.JSFManagedBeans.formularios.B_Pagina.executaAcaoSelecionadaPorEnum(Lcom/super_bits/modulosSB/SBCore/modulos/fabrica/ComoFabricaAcoes;)V+15
j  br.org.carameloCode.erp.crm.paginas.crmAtendimento.PgProspecto.executarAcao(Lbr/org/carameloCode/erp/modulo/crm/entidadesJPA/prospecto/Pessoa;)V+59
j  br.org.carameloCode.erp.crm.paginas.crmAtendimento.PgProspecto.executarAcao(Lcom/super_bits/modulosSB/SBCore/modulos/objetos/entidade/basico/ComoEntidadeSimples;)V+5
j  com.super_bits.modulosSB.webPaginas.JSFManagedBeans.formularios.MB_paginaCadastroEntidades.executarAcaoSelecionada()V+5
j  br.org.carameloCode.erp.crm.paginas.crmAtendimento.PgProspecto.executarAcaoSelecionada()V+1
j  com.super_bits.modulosSB.webPaginas.JSFManagedBeans.formularios.B_Pagina.executaAcaoSelecionadaPorEnum(Lcom/super_bits/modulosSB/SBCore/modulos/fabrica/ComoFabricaAcoes;)V+15
j  br.org.carameloCode.erp.crm.paginas.crmAtendimento.PgProspecto.executarAcao(Lbr/org/carameloCode/erp/modulo/crm/entidadesJPA/prospecto/Pessoa;)V+59
j  br.org.carameloCode.erp.crm.paginas.crmAtendimento.PgProspecto.executarAcao(Lcom/super_bits/modulosSB/SBCore/modulos/objetos/entidade/basico/ComoEntidadeSimples;)V+5
j  com.super_bits.modulosSB.webPaginas.JSFManagedBeans.formularios.MB_paginaCadastroEntidades.executarAcaoSelecionada()V+5
j  br.org.carameloCode.erp.crm.paginas.crmAtendimento.PgProspecto.executarAcaoSelecionada()V+1
j  com.super_bits.modulosSB.webPaginas.JSFManagedBeans.formularios.B_Pagina.executaAcaoSelecionadaPorEnum(Lcom/super_bits/modulosSB/SBCore/modulos/fabrica/ComoFabricaAcoes;)V+15
j  br.org.carameloCode.erp.crm.paginas.crmAtendimento.PgProspecto.executarAcao(Lbr/org/carameloCode/erp/modulo/crm/entidadesJPA/prospecto/Pessoa;)V+59
j  br.org.carameloCode.erp.crm.paginas.crmAtendimento.PgProspecto.executarAcao(Lcom/super_bits/modulosSB/SBCore/modulos/objetos/entidade/basico/ComoEntidadeSimples;)V+5
j  com.super_bits.modulosSB.webPaginas.JSFManagedBeans.formularios.MB_paginaCadastroEntidades.executarAcaoSelecionada()V+5
j  br.org.carameloCode.erp.crm.paginas.crmAtendimento.PgProspecto.executarAcaoSelecionada()V+1
j  com.super_bits.modulosSB.webPaginas.JSFManagedBeans.formularios.B_Pagina.executaAcaoSelecionadaPorEnum(Lcom/super_bits/modulosSB/SBCore/modulos/fabrica/ComoFabricaAcoes;)V+15
j  br.org.carameloCode.erp.crm.paginas.crmAtendimento.PgProspecto.executarAcao(Lbr/org/carameloCode/erp/modulo/crm/entidadesJPA/prospecto/Pessoa;)V+59
j  br.org.carameloCode.erp.crm.paginas.crmAtendimento.PgProspecto.executarAcao(Lcom/super_bits/modulosSB/SBCore/modulos/objetos/entidade/basico/ComoEntidadeSimples;)V+5
j  com.super_bits.modulosSB.webPaginas.JSFManagedBeans.formularios.MB_paginaCadastroEntidades.executarAcaoSelecionada()V+5
j  br.org.carameloCode.erp.crm.paginas.crmAtendimento.PgProspecto.executarAcaoSelecionada()V+1
j  com.super_bits.modulosSB.webPaginas.JSFManagedBeans.formularios.B_Pagina.executaAcaoSelecionadaPorEnum(Lcom/super_bits/modulosSB/SBCore/modulos/fabrica/ComoFabricaAcoes;)V+15
j  br.org.carameloCode.erp.crm.paginas.crmAtendimento.PgProspecto.executarAcao(Lbr/org/carameloCode/erp/modulo/crm/entidadesJPA/prospecto/Pessoa;)V+59
j  br.org.carameloCode.erp.crm.paginas.crmAtendimento.PgProspecto.executarAcao(Lcom/super_bits/modulosSB/SBCore/modulos/objetos/entidade/basico/ComoEntidadeSimples;)V+5
j  com.super_bits.modulosSB.webPaginas.JSFManagedBeans.formularios.MB_paginaCadastroEntidades.executarAcaoSelecionada()V+5
j  br.org.carameloCode.erp.crm.paginas.crmAtendimento.PgProspecto.executarAcaoSelecionada()V+1
j  com.super_bits.modulosSB.webPaginas.JSFManagedBeans.formularios.B_Pagina.executaAcaoSelecionadaPorEnum(Lcom/super_bits/modulosSB/SBCore/modulos/fabrica/ComoFabricaAcoes;)V+15
j  br.org.carameloCode.erp.crm.paginas.crmAtendimento.PgProspecto.executarAcao(Lbr/org/carameloCode/erp/modulo/crm/entidadesJPA/prospecto/Pessoa;)V+59
j  br.org.carameloCode.erp.crm.paginas.crmAtendimento.PgProspecto.executarAcao(Lcom/super_bits/modulosSB/SBCore/modulos/objetos/entidade/basico/ComoEntidadeSimples;)V+5
j  com.super_bits.modulosSB.webPaginas.JSFManagedBeans.formularios.MB_paginaCadastroEntidades.executarAcaoSelecionada()V+5
j  br.org.carameloCode.erp.crm.paginas.crmAtendimento.PgProspecto.executarAcaoSelecionada()V+1
j  com.super_bits.modulosSB.webPaginas.JSFManagedBeans.formularios.B_Pagina.executaAcaoSelecionadaPorEnum(Lcom/super_bits/modulosSB/SBCore/modulos/fabrica/ComoFabricaAcoes;)V+15
j  br.org.carameloCode.erp.crm.paginas.crmAtendimento.PgProspecto.executarAcao(Lbr/org/carameloCode/erp/modulo/crm/entidadesJPA/prospecto/Pessoa;)V+59
j  br.org.carameloCode.erp.crm.paginas.crmAtendimento.PgProspecto.executarAcao(Lcom/super_bits/modulosSB/SBCore/modulos/objetos/entidade/basico/ComoEntidadeSimples;)V+5
j  com.super_bits.modulosSB.webPaginas.JSFManagedBeans.formularios.MB_paginaCadastroEntidades.executarAcaoSelecionada()V+5
j  br.org.carameloCode.erp.crm.paginas.crmAtendimento.PgProspecto.executarAcaoSelecionada()V+1
j  com.super_bits.modulosSB.webPaginas.JSFManagedBeans.formularios.B_Pagina.executaAcaoSelecionadaPorEnum(Lcom/super_bits/modulosSB/SBCore/modulos/fabrica/ComoFabricaAcoes;)V+15
j  br.org.carameloCode.erp.crm.paginas.crmAtendimento.PgProspecto.executarAcao(Lbr/org/carameloCode/erp/modulo/crm/entidadesJPA/prospecto/Pessoa;)V+59
j  br.org.carameloCode.erp.crm.paginas.crmAtendimento.PgProspecto.executarAcao(Lcom/super_bits/modulosSB/SBCore/modulos/objetos/entidade/basico/ComoEntidadeSimples;)V+5
j  com.super_bits.modulosSB.webPaginas.JSFManagedBeans.formularios.MB_paginaCadastroEntidades.executarAcaoSelecionada()V+5
j  br.org.carameloCode.erp.crm.paginas.crmAtendimento.PgProspecto.executarAcaoSelecionada()V+1
j  com.super_bits.modulosSB.webPaginas.JSFManagedBeans.formularios.B_Pagina.executaAcaoSelecionadaPorEnum(Lcom/super_bits/modulosSB/SBCore/modulos/fabrica/ComoFabricaAcoes;)V+15
j  br.org.carameloCode.erp.crm.paginas.crmAtendimento.PgProspecto.executarAcao(Lbr/org/carameloCode/erp/modulo/crm/entidadesJPA/prospecto/Pessoa;)V+59
j  br.org.carameloCode.erp.crm.paginas.crmAtendimento.PgProspecto.executarAcao(Lcom/super_bits/modulosSB/SBCore/modulos/objetos/entidade/basico/ComoEntidadeSimples;)V+5
j  com.super_bits.modulosSB.webPaginas.JSFManagedBeans.formularios.MB_paginaCadastroEntidades.executarAcaoSelecionada()V+5
j  br.org.carameloCode.erp.crm.paginas.crmAtendimento.PgProspecto.executarAcaoSelecionada()V+1
j  com.super_bits.modulosSB.webPaginas.JSFManagedBeans.formularios.B_Pagina.executaAcaoSelecionadaPorEnum(Lcom/super_bits/modulosSB/SBCore/modulos/fabrica/ComoFabricaAcoes;)V+15
j  br.org.carameloCode.erp.crm.paginas.crmAtendimento.PgProspecto.executarAcao(Lbr/org/carameloCode/erp/modulo/crm/entidadesJPA/prospecto/Pessoa;)V+59
j  br.org.carameloCode.erp.crm.paginas.crmAtendimento.PgProspecto.executarAcao(Lcom/super_bits/modulosSB/SBCore/modulos/objetos/entidade/basico/ComoEntidadeSimples;)V+5
j  com.super_bits.modulosSB.webPaginas.JSFManagedBeans.formularios.MB_paginaCadastroEntidades.executarAcaoSelecionada()V+5
j  br.org.carameloCode.erp.crm.paginas.crmAtendimento.PgProspecto.executarAcaoSelecionada()V+1
j  com.super_bits.modulosSB.webPaginas.JSFManagedBeans.formularios.B_Pagina.executaAcaoSelecionadaPorEnum(Lcom/super_bits/modulosSB/SBCore/modulos/fabrica/ComoFabricaAcoes;)V+15
j  br.org.carameloCode.erp.crm.paginas.crmAtendimento.PgProspecto.executarAcao(Lbr/org/carameloCode/erp/modulo/crm/entidadesJPA/prospecto/Pessoa;)V+59
j  br.org.carameloCode.erp.crm.paginas.crmAtendimento.PgProspecto.executarAcao(Lcom/super_bits/modulosSB/SBCore/modulos/objetos/entidade/basico/ComoEntidadeSimples;)V+5
j  com.super_bits.modulosSB.webPaginas.JSFManagedBeans.formularios.MB_paginaCadastroEntidades.executarAcaoSelecionada()V+5
j  br.org.carameloCode.erp.crm.paginas.crmAtendimento.PgProspecto.executarAcaoSelecionada()V+1
j  com.super_bits.modulosSB.webPaginas.JSFManagedBeans.formularios.B_Pagina.executaAcaoSelecionadaPorEnum(Lcom/super_bits/modulosSB/SBCore/modulos/fabrica/ComoFabricaAcoes;)V+15
j  br.org.carameloCode.erp.crm.paginas.crmAtendimento.PgProspecto.executarAcao(Lbr/org/carameloCode/erp/modulo/crm/entidadesJPA/prospecto/Pessoa;)V+59
j  br.org.carameloCode.erp.crm.paginas.crmAtendimento.PgProspecto.executarAcao(Lcom/super_bits/modulosSB/SBCore/modulos/objetos/entidade/basico/ComoEntidadeSimples;)V+5
j  com.super_bits.modulosSB.webPaginas.JSFManagedBeans.formularios.MB_paginaCadastroEntidades.executarAcaoSelecionada()V+5
j  br.org.carameloCode.erp.crm.paginas.crmAtendimento.PgProspecto.executarAcaoSelecionada()V+1
j  com.super_bits.modulosSB.webPaginas.JSFManagedBeans.formularios.B_Pagina.executaAcaoSelecionadaPorEnum(Lcom/super_bits/modulosSB/SBCore/modulos/fabrica/ComoFabricaAcoes;)V+15
j  br.org.carameloCode.erp.crm.paginas.crmAtendimento.PgProspecto.executarAcao(Lbr/org/carameloCode/erp/modulo/crm/entidadesJPA/prospecto/Pessoa;)V+59
j  br.org.carameloCode.erp.crm.paginas.crmAtendimento.PgProspecto.executarAcao(Lcom/super_bits/modulosSB/SBCore/modulos/objetos/entidade/basico/ComoEntidadeSimples;)V+5
j  com.super_bits.modulosSB.webPaginas.JSFManagedBeans.formularios.MB_paginaCadastroEntidades.executarAcaoSelecionada()V+5
j  br.org.carameloCode.erp.crm.paginas.crmAtendimento.PgProspecto.executarAcaoSelecionada()V+1
j  com.super_bits.modulosSB.webPaginas.JSFManagedBeans.formularios.B_Pagina.executaAcaoSelecionadaPorEnum(Lcom/super_bits/modulosSB/SBCore/modulos/fabrica/ComoFabricaAcoes;)V+15
j  br.org.carameloCode.erp.crm.paginas.crmAtendimento.PgProspecto.executarAcao(Lbr/org/carameloCode/erp/modulo/crm/entidadesJPA/prospecto/Pessoa;)V+59
j  br.org.carameloCode.erp.crm.paginas.crmAtendimento.PgProspecto.executarAcao(Lcom/super_bits/modulosSB/SBCore/modulos/objetos/entidade/basico/ComoEntidadeSimples;)V+5
j  com.super_bits.modulosSB.webPaginas.JSFManagedBeans.formularios.MB_paginaCadastroEntidades.executarAcaoSelecionada()V+5
j  br.org.carameloCode.erp.crm.paginas.crmAtendimento.PgProspecto.executarAcaoSelecionada()V+1
j  com.super_bits.modulosSB.webPaginas.JSFManagedBeans.formularios.B_Pagina.executaAcaoSelecionadaPorEnum(Lcom/super_bits/modulosSB/SBCore/modulos/fabrica/ComoFabricaAcoes;)V+15
j  br.org.carameloCode.erp.crm.paginas.crmAtendimento.PgProspecto.executarAcao(Lbr/org/carameloCode/erp/modulo/crm/entidadesJPA/prospecto/Pessoa;)V+59
j  br.org.carameloCode.erp.crm.paginas.crmAtendimento.PgProspecto.executarAcao(Lcom/super_bits/modulosSB/SBCore/modulos/objetos/entidade/basico/ComoEntidadeSimples;)V+5
j  com.super_bits.modulosSB.webPaginas.JSFManagedBeans.formularios.MB_paginaCadastroEntidades.executarAcaoSelecionada()V+5
j  br.org.carameloCode.erp.crm.paginas.crmAtendimento.PgProspecto.executarAcaoSelecionada()V+1
j  com.super_bits.modulosSB.webPaginas.JSFManagedBeans.formularios.B_Pagina.executaAcaoSelecionadaPorEnum(Lcom/super_bits/modulosSB/SBCore/modulos/fabrica/ComoFabricaAcoes;)V+15
j  br.org.carameloCode.erp.crm.paginas.crmAtendimento.PgProspecto.executarAcao(Lbr/org/carameloCode/erp/modulo/crm/entidadesJPA/prospecto/Pessoa;)V+59
j  br.org.carameloCode.erp.crm.paginas.crmAtendimento.PgProspecto.executarAcao(Lcom/super_bits/modulosSB/SBCore/modulos/objetos/entidade/basico/ComoEntidadeSimples;)V+5
j  com.super_bits.modulosSB.webPaginas.JSFManagedBeans.formularios.MB_paginaCadastroEntidades.executarAcaoSelecionada()V+5
j  br.org.carameloCode.erp.crm.paginas.crmAtendimento.PgProspecto.executarAcaoSelecionada()V+1
j  com.super_bits.modulosSB.webPaginas.JSFManagedBeans.formularios.B_Pagina.executaAcaoSelecionadaPorEnum(Lcom/super_bits/modulosSB/SBCore/modulos/fabrica/ComoFabricaAcoes;)V+15
j  br.org.carameloCode.erp.crm.paginas.crmAtendimento.PgProspecto.executarAcao(Lbr/org/carameloCode/erp/modulo/crm/entidadesJPA/prospecto/Pessoa;)V+59
j  br.org.carameloCode.erp.crm.paginas.crmAtendimento.PgProspecto.executarAcao(Lcom/super_bits/modulosSB/SBCore/modulos/objetos/entidade/basico/ComoEntidadeSimples;)V+5
j  com.super_bits.modulosSB.webPaginas.JSFManagedBeans.formularios.MB_paginaCadastroEntidades.executarAcaoSelecionada()V+5
j  br.org.carameloCode.erp.crm.paginas.crmAtendimento.PgProspecto.executarAcaoSelecionada()V+1
j  com.super_bits.modulosSB.webPaginas.JSFManagedBeans.formularios.B_Pagina.executaAcaoSelecionadaPorEnum(Lcom/super_bits/modulosSB/SBCore/modulos/fabrica/ComoFabricaAcoes;)V+15
j  br.org.carameloCode.erp.crm.paginas.crmAtendimento.PgProspecto.executarAcao(Lbr/org/carameloCode/erp/modulo/crm/entidadesJPA/prospecto/Pessoa;)V+59
j  br.org.carameloCode.erp.crm.paginas.crmAtendimento.PgProspecto.executarAcao(Lcom/super_bits/modulosSB/SBCore/modulos/objetos/entidade/basico/ComoEntidadeSimples;)V+5
j  com.super_bits.modulosSB.webPaginas.JSFManagedBeans.formularios.MB_paginaCadastroEntidades.executarAcaoSelecionada()V+5
j  br.org.carameloCode.erp.crm.paginas.crmAtendimento.PgProspecto.executarAcaoSelecionada()V+1
j  com.super_bits.modulosSB.webPaginas.JSFManagedBeans.formularios.B_Pagina.executaAcaoSelecionadaPorEnum(Lcom/super_bits/modulosSB/SBCore/modulos/fabrica/ComoFabricaAcoes;)V+15
j  br.org.carameloCode.erp.crm.paginas.crmAtendimento.PgProspecto.executarAcao(Lbr/org/carameloCode/erp/modulo/crm/entidadesJPA/prospecto/Pessoa;)V+59
j  br.org.carameloCode.erp.crm.paginas.crmAtendimento.PgProspecto.executarAcao(Lcom/super_bits/modulosSB/SBCore/modulos/objetos/entidade/basico/ComoEntidadeSimples;)V+5
j  com.super_bits.modulosSB.webPaginas.JSFManagedBeans.formularios.MB_paginaCadastroEntidades.executarAcaoSelecionada()V+5
j  br.org.carameloCode.erp.crm.paginas.crmAtendimento.PgProspecto.executarAcaoSelecionada()V+1
j  com.super_bits.modulosSB.webPaginas.JSFManagedBeans.formularios.B_Pagina.executaAcaoSelecionadaPorEnum(Lcom/super_bits/modulosSB/SBCore/modulos/fabrica/ComoFabricaAcoes;)V+15
j  br.org.carameloCode.erp.crm.paginas.crmAtendimento.PgProspecto.executarAcao(Lbr/org/carameloCode/erp/modulo/crm/entidadesJPA/prospecto/Pessoa;)V+59
j  br.org.carameloCode.erp.crm.paginas.crmAtendimento.PgProspecto.executarAcao(Lcom/super_bits/modulosSB/SBCore/modulos/objetos/entidade/basico/ComoEntidadeSimples;)V+5
j  com.super_bits.modulosSB.webPaginas.JSFManagedBeans.formularios.MB_paginaCadastroEntidades.executarAcaoSelecionada()V+5
j  br.org.carameloCode.erp.crm.paginas.crmAtendimento.PgProspecto.executarAcaoSelecionada()V+1
j  com.super_bits.modulosSB.webPaginas.JSFManagedBeans.formularios.B_Pagina.executaAcaoSelecionadaPorEnum(Lcom/super_bits/modulosSB/SBCore/modulos/fabrica/ComoFabricaAcoes;)V+15
j  br.org.carameloCode.erp.crm.paginas.crmAtendimento.PgProspecto.executarAcao(Lbr/org/carameloCode/erp/modulo/crm/entidadesJPA/prospecto/Pessoa;)V+59
j  br.org.carameloCode.erp.crm.paginas.crmAtendimento.PgProspecto.executarAcao(Lcom/super_bits/modulosSB/SBCore/modulos/objetos/entidade/basico/ComoEntidadeSimples;)V+5
j  com.super_bits.modulosSB.webPaginas.JSFManagedBeans.formularios.MB_paginaCadastroEntidades.executarAcaoSelecionada()V+5
j  br.org.carameloCode.erp.crm.paginas.crmAtendimento.PgProspecto.executarAcaoSelecionada()V+1
j  com.super_bits.modulosSB.webPaginas.JSFManagedBeans.formularios.B_Pagina.executaAcaoSelecionadaPorEnum(Lcom/super_bits/modulosSB/SBCore/modulos/fabrica/ComoFabricaAcoes;)V+15
j  br.org.carameloCode.erp.crm.paginas.crmAtendimento.PgProspecto.executarAcao(Lbr/org/carameloCode/erp/modulo/crm/entidadesJPA/prospecto/Pessoa;)V+59
j  br.org.carameloCode.erp.crm.paginas.crmAtendimento.PgProspecto.executarAcao(Lcom/super_bits/modulosSB/SBCore/modulos/objetos/entidade/basico/ComoEntidadeSimples;)V+5
j  com.super_bits.modulosSB.webPaginas.JSFManagedBeans.formularios.MB_paginaCadastroEntidades.executarAcaoSelecionada()V+5
j  br.org.carameloCode.erp.crm.paginas.crmAtendimento.PgProspecto.executarAcaoSelecionada()V+1
j  com.super_bits.modulosSB.webPaginas.JSFManagedBeans.formularios.B_Pagina.executaAcaoSelecionadaPorEnum(Lcom/super_bits/modulosSB/SBCore/modulos/fabrica/ComoFabricaAcoes;)V+15
j  br.org.carameloCode.erp.crm.paginas.crmAtendimento.PgProspecto.executarAcao(Lbr/org/carameloCode/erp/modulo/crm/entidadesJPA/prospecto/Pessoa;)V+59
j  br.org.carameloCode.erp.crm.paginas.crmAtendimento.PgProspecto.executarAcao(Lcom/super_bits/modulosSB/SBCore/modulos/objetos/entidade/basico/ComoEntidadeSimples;)V+5
j  com.super_bits.modulosSB.webPaginas.JSFManagedBeans.formularios.MB_paginaCadastroEntidades.executarAcaoSelecionada()V+5
j  br.org.carameloCode.erp.crm.paginas.crmAtendimento.PgProspecto.executarAcaoSelecionada()V+1
j  com.super_bits.modulosSB.webPaginas.JSFManagedBeans.formularios.B_Pagina.executaAcaoSelecionadaPorEnum(Lcom/super_bits/modulosSB/SBCore/modulos/fabrica/ComoFabricaAcoes;)V+15
j  br.org.carameloCode.erp.crm.paginas.crmAtendimento.PgProspecto.executarAcao(Lbr/org/carameloCode/erp/modulo/crm/entidadesJPA/prospecto/Pessoa;)V+59
j  br.org.carameloCode.erp.crm.paginas.crmAtendimento.PgProspecto.executarAcao(Lcom/super_bits/modulosSB/SBCore/modulos/objetos/entidade/basico/ComoEntidadeSimples;)V+5
j  com.super_bits.modulosSB.webPaginas.JSFManagedBeans.formularios.MB_paginaCadastroEntidades.executarAcaoSelecionada()V+5
j  br.org.carameloCode.erp.crm.paginas.crmAtendimento.PgProspecto.executarAcaoSelecionada()V+1
j  com.super_bits.modulosSB.webPaginas.JSFManagedBeans.formularios.B_Pagina.executaAcaoSelecionadaPorEnum(Lcom/super_bits/modulosSB/SBCore/modulos/fabrica/ComoFabricaAcoes;)V+15
j  br.org.carameloCode.erp.crm.paginas.crmAtendimento.PgProspecto.executarAcao(Lbr/org/carameloCode/erp/modulo/crm/entidadesJPA/prospecto/Pessoa;)V+59
j  br.org.carameloCode.erp.crm.paginas.crmAtendimento.PgProspecto.executarAcao(Lcom/super_bits/modulosSB/SBCore/modulos/objetos/entidade/basico/ComoEntidadeSimples;)V+5
j  com.super_bits.modulosSB.webPaginas.JSFManagedBeans.formularios.MB_paginaCadastroEntidades.executarAcaoSelecionada()V+5
j  br.org.carameloCode.erp.crm.paginas.crmAtendimento.PgProspecto.executarAcaoSelecionada()V+1
j  com.super_bits.modulosSB.webPaginas.JSFManagedBeans.formularios.B_Pagina.executaAcaoSelecionadaPorEnum(Lcom/super_bits/modulosSB/SBCore/modulos/fabrica/ComoFabricaAcoes;)V+15
j  br.org.carameloCode.erp.crm.paginas.crmAtendimento.PgProspecto.executarAcao(Lbr/org/carameloCode/erp/modulo/crm/entidadesJPA/prospecto/Pessoa;)V+59
j  br.org.carameloCode.erp.crm.paginas.crmAtendimento.PgProspecto.executarAcao(Lcom/super_bits/modulosSB/SBCore/modulos/objetos/entidade/basico/ComoEntidadeSimples;)V+5
j  com.super_bits.modulosSB.webPaginas.JSFManagedBeans.formularios.MB_paginaCadastroEntidades.executarAcaoSelecionada()V+5
j  br.org.carameloCode.erp.crm.paginas.crmAtendimento.PgProspecto.executarAcaoSelecionada()V+1
j  com.super_bits.modulosSB.webPaginas.JSFManagedBeans.formularios.B_Pagina.executaAcaoSelecionadaPorEnum(Lcom/super_bits/modulosSB/SBCore/modulos/fabrica/ComoFabricaAcoes;)V+15
j  br.org.carameloCode.erp.crm.paginas.crmAtendimento.PgProspecto.executarAcao(Lbr/org/carameloCode/erp/modulo/crm/entidadesJPA/prospecto/Pessoa;)V+59
j  br.org.carameloCode.erp.crm.paginas.crmAtendimento.PgProspecto.executarAcao(Lcom/super_bits/modulosSB/SBCore/modulos/objetos/entidade/basico/ComoEntidadeSimples;)V+5
j  com.super_bits.modulosSB.webPaginas.JSFManagedBeans.formularios.MB_paginaCadastroEntidades.executarAcaoSelecionada()V+5
j  br.org.carameloCode.erp.crm.paginas.crmAtendimento.PgProspecto.executarAcaoSelecionada()V+1
j  com.super_bits.modulosSB.webPaginas.JSFManagedBeans.formularios.B_Pagina.executaAcaoSelecionadaPorEnum(Lcom/super_bits/modulosSB/SBCore/modulos/fabrica/ComoFabricaAcoes;)V+15
j  br.org.carameloCode.erp.crm.paginas.crmAtendimento.PgProspecto.executarAcao(Lbr/org/carameloCode/erp/modulo/crm/entidadesJPA/prospecto/Pessoa;)V+59
j  br.org.carameloCode.erp.crm.paginas.crmAtendimento.PgProspecto.executarAcao(Lcom/super_bits/modulosSB/SBCore/modulos/objetos/entidade/basico/ComoEntidadeSimples;)V+5
j  com.super_bits.modulosSB.webPaginas.JSFManagedBeans.formularios.MB_paginaCadastroEntidades.executarAcaoSelecionada()V+5
j  br.org.carameloCode.erp.crm.paginas.crmAtendimento.PgProspecto.executarAcaoSelecionada()V+1
j  com.super_bits.modulosSB.webPaginas.JSFManagedBeans.formularios.B_Pagina.executaAcaoSelecionadaPorEnum(Lcom/super_bits/modulosSB/SBCore/modulos/fabrica/ComoFabricaAcoes;)V+15
j  br.org.carameloCode.erp.crm.paginas.crmAtendimento.PgProspecto.executarAcao(Lbr/org/carameloCode/erp/modulo/crm/entidadesJPA/prospecto/Pessoa;)V+59
j  br.org.carameloCode.erp.crm.paginas.crmAtendimento.PgProspecto.executarAcao(Lcom/super_bits/modulosSB/SBCore/modulos/objetos/entidade/basico/ComoEntidadeSimples;)V+5
j  com.super_bits.modulosSB.webPaginas.JSFManagedBeans.formularios.MB_paginaCadastroEntidades.executarAcaoSelecionada()V+5
j  br.org.carameloCode.erp.crm.paginas.crmAtendimento.PgProspecto.executarAcaoSelecionada()V+1
j  com.super_bits.modulosSB.webPaginas.JSFManagedBeans.formularios.B_Pagina.executaAcaoSelecionadaPorEnum(Lcom/super_bits/modulosSB/SBCore/modulos/fabrica/ComoFabricaAcoes;)V+15
j  br.org.carameloCode.erp.crm.paginas.crmAtendimento.PgProspecto.executarAcao(Lbr/org/carameloCode/erp/modulo/crm/entidadesJPA/prospecto/Pessoa;)V+59
j  br.org.carameloCode.erp.crm.paginas.crmAtendimento.PgProspecto.executarAcao(Lcom/super_bits/modulosSB/SBCore/modulos/objetos/entidade/basico/ComoEntidadeSimples;)V+5
j  com.super_bits.modulosSB.webPaginas.JSFManagedBeans.formularios.MB_paginaCadastroEntidades.executarAcaoSelecionada()V+5
j  br.org.carameloCode.erp.crm.paginas.crmAtendimento.PgProspecto.executarAcaoSelecionada()V+1
j  com.super_bits.modulosSB.webPaginas.JSFManagedBeans.formularios.B_Pagina.executaAcaoSelecionadaPorEnum(Lcom/super_bits/modulosSB/SBCore/modulos/fabrica/ComoFabricaAcoes;)V+15
j  br.org.carameloCode.erp.crm.paginas.crmAtendimento.PgProspecto.executarAcao(Lbr/org/carameloCode/erp/modulo/crm/entidadesJPA/prospecto/Pessoa;)V+59
j  br.org.carameloCode.erp.crm.paginas.crmAtendimento.PgProspecto.executarAcao(Lcom/super_bits/modulosSB/SBCore/modulos/objetos/entidade/basico/ComoEntidadeSimples;)V+5
j  com.super_bits.modulosSB.webPaginas.JSFManagedBeans.formularios.MB_paginaCadastroEntidades.executarAcaoSelecionada()V+5
j  br.org.carameloCode.erp.crm.paginas.crmAtendimento.PgProspecto.executarAcaoSelecionada()V+1
j  com.super_bits.modulosSB.webPaginas.JSFManagedBeans.formularios.B_Pagina.executaAcaoSelecionadaPorEnum(Lcom/super_bits/modulosSB/SBCore/modulos/fabrica/ComoFabricaAcoes;)V+15
j  br.org.carameloCode.erp.crm.paginas.crmAtendimento.PgProspecto.executarAcao(Lbr/org/carameloCode/erp/modulo/crm/entidadesJPA/prospecto/Pessoa;)V+59
j  br.org.carameloCode.erp.crm.paginas.crmAtendimento.PgProspecto.executarAcao(Lcom/super_bits/modulosSB/SBCore/modulos/objetos/entidade/basico/ComoEntidadeSimples;)V+5
j  com.super_bits.modulosSB.webPaginas.JSFManagedBeans.formularios.MB_paginaCadastroEntidades.executarAcaoSelecionada()V+5
j  br.org.carameloCode.erp.crm.paginas.crmAtendimento.PgProspecto.executarAcaoSelecionada()V+1
j  com.super_bits.modulosSB.webPaginas.JSFManagedBeans.formularios.B_Pagina.executaAcaoSelecionadaPorEnum(Lcom/super_bits/modulosSB/SBCore/modulos/fabrica/ComoFabricaAcoes;)V+15
j  br.org.carameloCode.erp.crm.paginas.crmAtendimento.PgProspecto.executarAcao(Lbr/org/carameloCode/erp/modulo/crm/entidadesJPA/prospecto/Pessoa;)V+59
j  br.org.carameloCode.erp.crm.paginas.crmAtendimento.PgProspecto.executarAcao(Lcom/super_bits/modulosSB/SBCore/modulos/objetos/entidade/basico/ComoEntidadeSimples;)V+5
j  com.super_bits.modulosSB.webPaginas.JSFManagedBeans.formularios.MB_paginaCadastroEntidades.executarAcaoSelecionada()V+5
j  br.org.carameloCode.erp.crm.paginas.crmAtendimento.PgProspecto.executarAcaoSelecionada()V+1
j  com.super_bits.modulosSB.webPaginas.JSFManagedBeans.formularios.B_Pagina.executaAcaoSelecionadaPorEnum(Lcom/super_bits/modulosSB/SBCore/modulos/fabrica/ComoFabricaAcoes;)V+15
j  br.org.carameloCode.erp.crm.paginas.crmAtendimento.PgProspecto.executarAcao(Lbr/org/carameloCode/erp/modulo/crm/entidadesJPA/prospecto/Pessoa;)V+59
j  br.org.carameloCode.erp.crm.paginas.crmAtendimento.PgProspecto.executarAcao(Lcom/super_bits/modulosSB/SBCore/modulos/objetos/entidade/basico/ComoEntidadeSimples;)V+5
j  com.super_bits.modulosSB.webPaginas.JSFManagedBeans.formularios.MB_paginaCadastroEntidades.executarAcaoSelecionada()V+5
j  br.org.carameloCode.erp.crm.paginas.crmAtendimento.PgProspecto.executarAcaoSelecionada()V+1
j  com.super_bits.modulosSB.webPaginas.JSFManagedBeans.formularios.B_Pagina.executaAcaoSelecionadaPorEnum(Lcom/super_bits/modulosSB/SBCore/modulos/fabrica/ComoFabricaAcoes;)V+15
j  br.org.carameloCode.erp.crm.paginas.crmAtendimento.PgProspecto.executarAcao(Lbr/org/carameloCode/erp/modulo/crm/entidadesJPA/prospecto/Pessoa;)V+59
j  br.org.carameloCode.erp.crm.paginas.crmAtendimento.PgProspecto.executarAcao(Lcom/super_bits/modulosSB/SBCore/modulos/objetos/entidade/basico/ComoEntidadeSimples;)V+5
j  com.super_bits.modulosSB.webPaginas.JSFManagedBeans.formularios.MB_paginaCadastroEntidades.executarAcaoSelecionada()V+5
j  br.org.carameloCode.erp.crm.paginas.crmAtendimento.PgProspecto.executarAcaoSelecionada()V+1
j  com.super_bits.modulosSB.webPaginas.JSFManagedBeans.formularios.B_Pagina.executaAcaoSelecionadaPorEnum(Lcom/super_bits/modulosSB/SBCore/modulos/fabrica/ComoFabricaAcoes;)V+15
j  br.org.carameloCode.erp.crm.paginas.crmAtendimento.PgProspecto.executarAcao(Lbr/org/carameloCode/erp/modulo/crm/entidadesJPA/prospecto/Pessoa;)V+59
j  br.org.carameloCode.erp.crm.paginas.crmAtendimento.PgProspecto.executarAcao(Lcom/super_bits/modulosSB/SBCore/modulos/objetos/entidade/basico/ComoEntidadeSimples;)V+5
j  com.super_bits.modulosSB.webPaginas.JSFManagedBeans.formularios.MB_paginaCadastroEntidades.executarAcaoSelecionada()V+5
j  br.org.carameloCode.erp.crm.paginas.crmAtendimento.PgProspecto.executarAcaoSelecionada()V+1
j  com.super_bits.modulosSB.webPaginas.JSFManagedBeans.formularios.B_Pagina.executaAcaoSelecionadaPorEnum(Lcom/super_bits/modulosSB/SBCore/modulos/fabrica/ComoFabricaAcoes;)V+15
j  br.org.carameloCode.erp.crm.paginas.crmAtendimento.PgProspecto.executarAcao(Lbr/org/carameloCode/erp/modulo/crm/entidadesJPA/prospecto/Pessoa;)V+59
j  br.org.carameloCode.erp.crm.paginas.crmAtendimento.PgProspecto.executarAcao(Lcom/super_bits/modulosSB/SBCore/modulos/objetos/entidade/basico/ComoEntidadeSimples;)V+5
j  com.super_bits.modulosSB.webPaginas.JSFManagedBeans.formularios.MB_paginaCadastroEntidades.executarAcaoSelecionada()V+5
j  br.org.carameloCode.erp.crm.paginas.crmAtendimento.PgProspecto.executarAcaoSelecionada()V+1
j  com.super_bits.modulosSB.webPaginas.JSFManagedBeans.formularios.B_Pagina.executaAcaoSelecionadaPorEnum(Lcom/super_bits/modulosSB/SBCore/modulos/fabrica/ComoFabricaAcoes;)V+15
j  br.org.carameloCode.erp.crm.paginas.crmAtendimento.PgProspecto.executarAcao(Lbr/org/carameloCode/erp/modulo/crm/entidadesJPA/prospecto/Pessoa;)V+59
j  br.org.carameloCode.erp.crm.paginas.crmAtendimento.PgProspecto.executarAcao(Lcom/super_bits/modulosSB/SBCore/modulos/objetos/entidade/basico/ComoEntidadeSimples;)V+5
j  com.super_bits.modulosSB.webPaginas.JSFManagedBeans.formularios.MB_paginaCadastroEntidades.executarAcaoSelecionada()V+5
j  br.org.carameloCode.erp.crm.paginas.crmAtendimento.PgProspecto.executarAcaoSelecionada()V+1
j  com.super_bits.modulosSB.webPaginas.JSFManagedBeans.formularios.B_Pagina.executaAcaoSelecionadaPorEnum(Lcom/super_bits/modulosSB/SBCore/modulos/fabrica/ComoFabricaAcoes;)V+15
j  br.org.carameloCode.erp.crm.paginas.crmAtendimento.PgProspecto.executarAcao(Lbr/org/carameloCode/erp/modulo/crm/entidadesJPA/prospecto/Pessoa;)V+59
j  br.org.carameloCode.erp.crm.paginas.crmAtendimento.PgProspecto.executarAcao(Lcom/super_bits/modulosSB/SBCore/modulos/objetos/entidade/basico/ComoEntidadeSimples;)V+5
j  com.super_bits.modulosSB.webPaginas.JSFManagedBeans.formularios.MB_paginaCadastroEntidades.executarAcaoSelecionada()V+5
j  br.org.carameloCode.erp.crm.paginas.crmAtendimento.PgProspecto.executarAcaoSelecionada()V+1
j  com.super_bits.modulosSB.webPaginas.JSFManagedBeans.formularios.B_Pagina.executaAcaoSelecionadaPorEnum(Lcom/super_bits/modulosSB/SBCore/modulos/fabrica/ComoFabricaAcoes;)V+15
j  br.org.carameloCode.erp.crm.paginas.crmAtendimento.PgProspecto.executarAcao(Lbr/org/carameloCode/erp/modulo/crm/entidadesJPA/prospecto/Pessoa;)V+59
j  br.org.carameloCode.erp.crm.paginas.crmAtendimento.PgProspecto.executarAcao(Lcom/super_bits/modulosSB/SBCore/modulos/objetos/entidade/basico/ComoEntidadeSimples;)V+5
j  com.super_bits.modulosSB.webPaginas.JSFManagedBeans.formularios.MB_paginaCadastroEntidades.executarAcaoSelecionada()V+5
j  br.org.carameloCode.erp.crm.paginas.crmAtendimento.PgProspecto.executarAcaoSelecionada()V+1
j  com.super_bits.modulosSB.webPaginas.JSFManagedBeans.formularios.B_Pagina.executaAcaoSelecionadaPorEnum(Lcom/super_bits/modulosSB/SBCore/modulos/fabrica/ComoFabricaAcoes;)V+15
j  br.org.carameloCode.erp.crm.paginas.crmAtendimento.PgProspecto.executarAcao(Lbr/org/carameloCode/erp/modulo/crm/entidadesJPA/prospecto/Pessoa;)V+59
j  br.org.carameloCode.erp.crm.paginas.crmAtendimento.PgProspecto.executarAcao(Lcom/super_bits/modulosSB/SBCore/modulos/objetos/entidade/basico/ComoEntidadeSimples;)V+5
j  com.super_bits.modulosSB.webPaginas.JSFManagedBeans.formularios.MB_paginaCadastroEntidades.executarAcaoSelecionada()V+5
j  br.org.carameloCode.erp.crm.paginas.crmAtendimento.PgProspecto.executarAcaoSelecionada()V+1
j  com.super_bits.modulosSB.webPaginas.JSFManagedBeans.formularios.B_Pagina.executaAcaoSelecionadaPorEnum(Lcom/super_bits/modulosSB/SBCore/modulos/fabrica/ComoFabricaAcoes;)V+15
j  br.org.carameloCode.erp.crm.paginas.crmAtendimento.PgProspecto.executarAcao(Lbr/org/carameloCode/erp/modulo/crm/entidadesJPA/prospecto/Pessoa;)V+59
j  br.org.carameloCode.erp.crm.paginas.crmAtendimento.PgProspecto.executarAcao(Lcom/super_bits/modulosSB/SBCore/modulos/objetos/entidade/basico/ComoEntidadeSimples;)V+5
j  com.super_bits.modulosSB.webPaginas.JSFManagedBeans.formularios.MB_paginaCadastroEntidades.executarAcaoSelecionada()V+5
j  br.org.carameloCode.erp.crm.paginas.crmAtendimento.PgProspecto.executarAcaoSelecionada()V+1
j  com.super_bits.modulosSB.webPaginas.JSFManagedBeans.formularios.B_Pagina.executaAcaoSelecionadaPorEnum(Lcom/super_bits/modulosSB/SBCore/modulos/fabrica/ComoFabricaAcoes;)V+15
j  br.org.carameloCode.erp.crm.paginas.crmAtendimento.PgProspecto.executarAcao(Lbr/org/carameloCode/erp/modulo/crm/entidadesJPA/prospecto/Pessoa;)V+59
j  br.org.carameloCode.erp.crm.paginas.crmAtendimento.PgProspecto.executarAcao(Lcom/super_bits/modulosSB/SBCore/modulos/objetos/entidade/basico/ComoEntidadeSimples;)V+5
j  com.super_bits.modulosSB.webPaginas.JSFManagedBeans.formularios.MB_paginaCadastroEntidades.executarAcaoSelecionada()V+5
j  br.org.carameloCode.erp.crm.paginas.crmAtendimento.PgProspecto.executarAcaoSelecionada()V+1
j  com.super_bits.modulosSB.webPaginas.JSFManagedBeans.formularios.B_Pagina.executaAcaoSelecionadaPorEnum(Lcom/super_bits/modulosSB/SBCore/modulos/fabrica/ComoFabricaAcoes;)V+15
j  br.org.carameloCode.erp.crm.paginas.crmAtendimento.PgProspecto.executarAcao(Lbr/org/carameloCode/erp/modulo/crm/entidadesJPA/prospecto/Pessoa;)V+59
j  br.org.carameloCode.erp.crm.paginas.crmAtendimento.PgProspecto.executarAcao(Lcom/super_bits/modulosSB/SBCore/modulos/objetos/entidade/basico/ComoEntidadeSimples;)V+5
j  com.super_bits.modulosSB.webPaginas.JSFManagedBeans.formularios.MB_paginaCadastroEntidades.executarAcaoSelecionada()V+5
j  br.org.carameloCode.erp.crm.paginas.crmAtendimento.PgProspecto.executarAcaoSelecionada()V+1
j  com.super_bits.modulosSB.webPaginas.JSFManagedBeans.formularios.B_Pagina.executaAcaoSelecionadaPorEnum(Lcom/super_bits/modulosSB/SBCore/modulos/fabrica/ComoFabricaAcoes;)V+15
j  br.org.carameloCode.erp.crm.paginas.crmAtendimento.PgProspecto.executarAcao(Lbr/org/carameloCode/erp/modulo/crm/entidadesJPA/prospecto/Pessoa;)V+59
j  br.org.carameloCode.erp.crm.paginas.crmAtendimento.PgProspecto.executarAcao(Lcom/super_bits/modulosSB/SBCore/modulos/objetos/entidade/basico/ComoEntidadeSimples;)V+5
j  com.super_bits.modulosSB.webPaginas.JSFManagedBeans.formularios.MB_paginaCadastroEntidades.executarAcaoSelecionada()V+5
j  br.org.carameloCode.erp.crm.paginas.crmAtendimento.PgProspecto.executarAcaoSelecionada()V+1
j  com.super_bits.modulosSB.webPaginas.JSFManagedBeans.formularios.B_Pagina.executaAcaoSelecionadaPorEnum(Lcom/super_bits/modulosSB/SBCore/modulos/fabrica/ComoFabricaAcoes;)V+15
j  br.org.carameloCode.erp.crm.paginas.crmAtendimento.PgProspecto.executarAcao(Lbr/org/carameloCode/erp/modulo/crm/entidadesJPA/prospecto/Pessoa;)V+59
j  br.org.carameloCode.erp.crm.paginas.crmAtendimento.PgProspecto.executarAcao(Lcom/super_bits/modulosSB/SBCore/modulos/objetos/entidade/basico/ComoEntidadeSimples;)V+5
j  com.super_bits.modulosSB.webPaginas.JSFManagedBeans.formularios.MB_paginaCadastroEntidades.executarAcaoSelecionada()V+5
j  br.org.carameloCode.erp.crm.paginas.crmAtendimento.PgProspecto.executarAcaoSelecionada()V+1
j  com.super_bits.modulosSB.webPaginas.JSFManagedBeans.formularios.B_Pagina.executaAcaoSelecionadaPorEnum(Lcom/super_bits/modulosSB/SBCore/modulos/fabrica/ComoFabricaAcoes;)V+15
j  br.org.carameloCode.erp.crm.paginas.crmAtendimento.PgProspecto.executarAcao(Lbr/org/carameloCode/erp/modulo/crm/entidadesJPA/prospecto/Pessoa;)V+59
j  br.org.carameloCode.erp.crm.paginas.crmAtendimento.PgProspecto.executarAcao(Lcom/super_bits/modulosSB/SBCore/modulos/objetos/entidade/basico/ComoEntidadeSimples;)V+5
j  com.super_bits.modulosSB.webPaginas.JSFManagedBeans.formularios.MB_paginaCadastroEntidades.executarAcaoSelecionada()V+5
j  br.org.carameloCode.erp.crm.paginas.crmAtendimento.PgProspecto.executarAcaoSelecionada()V+1
j  com.super_bits.modulosSB.webPaginas.JSFManagedBeans.formularios.B_Pagina.executaAcaoSelecionadaPorEnum(Lcom/super_bits/modulosSB/SBCore/modulos/fabrica/ComoFabricaAcoes;)V+15
j  br.org.carameloCode.erp.crm.paginas.crmAtendimento.PgProspecto.executarAcao(Lbr/org/carameloCode/erp/modulo/crm/entidadesJPA/prospecto/Pessoa;)V+59
j  br.org.carameloCode.erp.crm.paginas.crmAtendimento.PgProspecto.executarAcao(Lcom/super_bits/modulosSB/SBCore/modulos/objetos/entidade/basico/ComoEntidadeSimples;)V+5
j  com.super_bits.modulosSB.webPaginas.JSFManagedBeans.formularios.MB_paginaCadastroEntidades.executarAcaoSelecionada()V+5
j  br.org.carameloCode.erp.crm.paginas.crmAtendimento.PgProspecto.executarAcaoSelecionada()V+1
j  com.super_bits.modulosSB.webPaginas.JSFManagedBeans.formularios.B_Pagina.executaAcaoSelecionadaPorEnum(Lcom/super_bits/modulosSB/SBCore/modulos/fabrica/ComoFabricaAcoes;)V+15
j  br.org.carameloCode.erp.crm.paginas.crmAtendimento.PgProspecto.executarAcao(Lbr/org/carameloCode/erp/modulo/crm/entidadesJPA/prospecto/Pessoa;)V+59
j  br.org.carameloCode.erp.crm.paginas.crmAtendimento.PgProspecto.executarAcao(Lcom/super_bits/modulosSB/SBCore/modulos/objetos/entidade/basico/ComoEntidadeSimples;)V+5
j  com.super_bits.modulosSB.webPaginas.JSFManagedBeans.formularios.MB_paginaCadastroEntidades.executarAcaoSelecionada()V+5
j  br.org.carameloCode.erp.crm.paginas.crmAtendimento.PgProspecto.executarAcaoSelecionada()V+1
j  com.super_bits.modulosSB.webPaginas.JSFManagedBeans.formularios.B_Pagina.executaAcaoSelecionadaPorEnum(Lcom/super_bits/modulosSB/SBCore/modulos/fabrica/ComoFabricaAcoes;)V+15
j  br.org.carameloCode.erp.crm.paginas.crmAtendimento.PgProspecto.executarAcao(Lbr/org/carameloCode/erp/modulo/crm/entidadesJPA/prospecto/Pessoa;)V+59
j  br.org.carameloCode.erp.crm.paginas.crmAtendimento.PgProspecto.executarAcao(Lcom/super_bits/modulosSB/SBCore/modulos/objetos/entidade/basico/ComoEntidadeSimples;)V+5
j  com.super_bits.modulosSB.webPaginas.JSFManagedBeans.formularios.MB_paginaCadastroEntidades.executarAcaoSelecionada()V+5
j  br.org.carameloCode.erp.crm.paginas.crmAtendimento.PgProspecto.executarAcaoSelecionada()V+1
j  com.super_bits.modulosSB.webPaginas.JSFManagedBeans.formularios.B_Pagina.executaAcaoSelecionadaPorEnum(Lcom/super_bits/modulosSB/SBCore/modulos/fabrica/ComoFabricaAcoes;)V+15
j  br.org.carameloCode.erp.crm.paginas.crmAtendimento.PgProspecto.executarAcao(Lbr/org/carameloCode/erp/modulo/crm/entidadesJPA/prospecto/Pessoa;)V+59
j  br.org.carameloCode.erp.crm.paginas.crmAtendimento.PgProspecto.executarAcao(Lcom/super_bits/modulosSB/SBCore/modulos/objetos/entidade/basico/ComoEntidadeSimples;)V+5
j  com.super_bits.modulosSB.webPaginas.JSFManagedBeans.formularios.MB_paginaCadastroEntidades.executarAcaoSelecionada()V+5
j  br.org.carameloCode.erp.crm.paginas.crmAtendimento.PgProspecto.executarAcaoSelecionada()V+1
j  com.super_bits.modulosSB.webPaginas.JSFManagedBeans.formularios.B_Pagina.executaAcaoSelecionadaPorEnum(Lcom/super_bits/modulosSB/SBCore/modulos/fabrica/ComoFabricaAcoes;)V+15
j  br.org.carameloCode.erp.crm.paginas.crmAtendimento.PgProspecto.executarAcao(Lbr/org/carameloCode/erp/modulo/crm/entidadesJPA/prospecto/Pessoa;)V+59
j  br.org.carameloCode.erp.crm.paginas.crmAtendimento.PgProspecto.executarAcao(Lcom/super_bits/modulosSB/SBCore/modulos/objetos/entidade/basico/ComoEntidadeSimples;)V+5
j  com.super_bits.modulosSB.webPaginas.JSFManagedBeans.formularios.MB_paginaCadastroEntidades.executarAcaoSelecionada()V+5
j  br.org.carameloCode.erp.crm.paginas.crmAtendimento.PgProspecto.executarAcaoSelecionada()V+1
j  com.super_bits.modulosSB.webPaginas.JSFManagedBeans.formularios.B_Pagina.executaAcaoSelecionadaPorEnum(Lcom/super_bits/modulosSB/SBCore/modulos/fabrica/ComoFabricaAcoes;)V+15
j  br.org.carameloCode.erp.crm.paginas.crmAtendimento.PgProspecto.executarAcao(Lbr/org/carameloCode/erp/modulo/crm/entidadesJPA/prospecto/Pessoa;)V+59
j  br.org.carameloCode.erp.crm.paginas.crmAtendimento.PgProspecto.executarAcao(Lcom/super_bits/modulosSB/SBCore/modulos/objetos/entidade/basico/ComoEntidadeSimples;)V+5
j  com.super_bits.modulosSB.webPaginas.JSFManagedBeans.formularios.MB_paginaCadastroEntidades.executarAcaoSelecionada()V+5
j  br.org.carameloCode.erp.crm.paginas.crmAtendimento.PgProspecto.executarAcaoSelecionada()V+1
j  com.super_bits.modulosSB.webPaginas.JSFManagedBeans.formularios.B_Pagina.executaAcaoSelecionadaPorEnum(Lcom/super_bits/modulosSB/SBCore/modulos/fabrica/ComoFabricaAcoes;)V+15
j  br.org.carameloCode.erp.crm.paginas.crmAtendimento.PgProspecto.executarAcao(Lbr/org/carameloCode/erp/modulo/crm/entidadesJPA/prospecto/Pessoa;)V+59
j  br.org.carameloCode.erp.crm.paginas.crmAtendimento.PgProspecto.executarAcao(Lcom/super_bits/modulosSB/SBCore/modulos/objetos/entidade/basico/ComoEntidadeSimples;)V+5
j  com.super_bits.modulosSB.webPaginas.JSFManagedBeans.formularios.MB_paginaCadastroEntidades.executarAcaoSelecionada()V+5
j  br.org.carameloCode.erp.crm.paginas.crmAtendimento.PgProspecto.executarAcaoSelecionada()V+1
j  com.super_bits.modulosSB.webPaginas.JSFManagedBeans.formularios.B_Pagina.executaAcaoSelecionadaPorEnum(Lcom/super_bits/modulosSB/SBCore/modulos/fabrica/ComoFabricaAcoes;)V+15
j  br.org.carameloCode.erp.crm.paginas.crmAtendimento.PgProspecto.executarAcao(Lbr/org/carameloCode/erp/modulo/crm/entidadesJPA/prospecto/Pessoa;)V+59
j  br.org.carameloCode.erp.crm.paginas.crmAtendimento.PgProspecto.executarAcao(Lcom/super_bits/modulosSB/SBCore/modulos/objetos/entidade/basico/ComoEntidadeSimples;)V+5
j  com.super_bits.modulosSB.webPaginas.JSFManagedBeans.formularios.MB_paginaCadastroEntidades.executarAcaoSelecionada()V+5
j  br.org.carameloCode.erp.crm.paginas.crmAtendimento.PgProspecto.executarAcaoSelecionada()V+1
j  com.super_bits.modulosSB.webPaginas.JSFManagedBeans.formularios.B_Pagina.executaAcaoSelecionadaPorEnum(Lcom/super_bits/modulosSB/SBCore/modulos/fabrica/ComoFabricaAcoes;)V+15
j  br.org.carameloCode.erp.crm.paginas.crmAtendimento.PgProspecto.executarAcao(Lbr/org/carameloCode/erp/modulo/crm/entidadesJPA/prospecto/Pessoa;)V+59
j  br.org.carameloCode.erp.crm.paginas.crmAtendimento.PgProspecto.executarAcao(Lcom/super_bits/modulosSB/SBCore/modulos/objetos/entidade/basico/ComoEntidadeSimples;)V+5
j  com.super_bits.modulosSB.webPaginas.JSFManagedBeans.formularios.MB_paginaCadastroEntidades.executarAcaoSelecionada()V+5
j  br.org.carameloCode.erp.crm.paginas.crmAtendimento.PgProspecto.executarAcaoSelecionada()V+1
j  com.super_bits.modulosSB.webPaginas.JSFManagedBeans.formularios.B_Pagina.executaAcaoSelecionadaPorEnum(Lcom/super_bits/modulosSB/SBCore/modulos/fabrica/ComoFabricaAcoes;)V+15
j  br.org.carameloCode.erp.crm.paginas.crmAtendimento.PgProspecto.executarAcao(Lbr/org/carameloCode/erp/modulo/crm/entidadesJPA/prospecto/Pessoa;)V+59
j  br.org.carameloCode.erp.crm.paginas.crmAtendimento.PgProspecto.executarAcao(Lcom/super_bits/modulosSB/SBCore/modulos/objetos/entidade/basico/ComoEntidadeSimples;)V+5
j  com.super_bits.modulosSB.webPaginas.JSFManagedBeans.formularios.MB_paginaCadastroEntidades.executarAcaoSelecionada()V+5
j  br.org.carameloCode.erp.crm.paginas.crmAtendimento.PgProspecto.executarAcaoSelecionada()V+1
j  com.super_bits.modulosSB.webPaginas.JSFManagedBeans.formularios.B_Pagina.executaAcaoSelecionadaPorEnum(Lcom/super_bits/modulosSB/SBCore/modulos/fabrica/ComoFabricaAcoes;)V+15
j  br.org.carameloCode.erp.crm.paginas.crmAtendimento.PgProspecto.executarAcao(Lbr/org/carameloCode/erp/modulo/crm/entidadesJPA/prospecto/Pessoa;)V+59
j  br.org.carameloCode.erp.crm.paginas.crmAtendimento.PgProspecto.executarAcao(Lcom/super_bits/modulosSB/SBCore/modulos/objetos/entidade/basico/ComoEntidadeSimples;)V+5
j  com.super_bits.modulosSB.webPaginas.JSFManagedBeans.formularios.MB_paginaCadastroEntidades.executarAcaoSelecionada()V+5
j  br.org.carameloCode.erp.crm.paginas.crmAtendimento.PgProspecto.executarAcaoSelecionada()V+1
j  com.super_bits.modulosSB.webPaginas.JSFManagedBeans.formularios.B_Pagina.executaAcaoSelecionadaPorEnum(Lcom/super_bits/modulosSB/SBCore/modulos/fabrica/ComoFabricaAcoes;)V+15
j  br.org.carameloCode.erp.crm.paginas.crmAtendimento.PgProspecto.executarAcao(Lbr/org/carameloCode/erp/modulo/crm/entidadesJPA/prospecto/Pessoa;)V+59
j  br.org.carameloCode.erp.crm.paginas.crmAtendimento.PgProspecto.executarAcao(Lcom/super_bits/modulosSB/SBCore/modulos/objetos/entidade/basico/ComoEntidadeSimples;)V+5
j  com.super_bits.modulosSB.webPaginas.JSFManagedBeans.formularios.MB_paginaCadastroEntidades.executarAcaoSelecionada()V+5
j  br.org.carameloCode.erp.crm.paginas.crmAtendimento.PgProspecto.executarAcaoSelecionada()V+1
j  com.super_bits.modulosSB.webPaginas.JSFManagedBeans.formularios.B_Pagina.executaAcaoSelecionadaPorEnum(Lcom/super_bits/modulosSB/SBCore/modulos/fabrica/ComoFabricaAcoes;)V+15
j  br.org.carameloCode.erp.crm.paginas.crmAtendimento.PgProspecto.executarAcao(Lbr/org/carameloCode/erp/modulo/crm/entidadesJPA/prospecto/Pessoa;)V+59
j  br.org.carameloCode.erp.crm.paginas.crmAtendimento.PgProspecto.executarAcao(Lcom/super_bits/modulosSB/SBCore/modulos/objetos/entidade/basico/ComoEntidadeSimples;)V+5
j  com.super_bits.modulosSB.webPaginas.JSFManagedBeans.formularios.MB_paginaCadastroEntidades.executarAcaoSelecionada()V+5
j  br.org.carameloCode.erp.crm.paginas.crmAtendimento.PgProspecto.executarAcaoSelecionada()V+1
j  com.super_bits.modulosSB.webPaginas.JSFManagedBeans.formularios.B_Pagina.executaAcaoSelecionadaPorEnum(Lcom/super_bits/modulosSB/SBCore/modulos/fabrica/ComoFabricaAcoes;)V+15
j  br.org.carameloCode.erp.crm.paginas.crmAtendimento.PgProspecto.executarAcao(Lbr/org/carameloCode/erp/modulo/crm/entidadesJPA/prospecto/Pessoa;)V+59
j  br.org.carameloCode.erp.crm.paginas.crmAtendimento.PgProspecto.executarAcao(Lcom/super_bits/modulosSB/SBCore/modulos/objetos/entidade/basico/ComoEntidadeSimples;)V+5
j  com.super_bits.modulosSB.webPaginas.JSFManagedBeans.formularios.MB_paginaCadastroEntidades.executarAcaoSelecionada()V+5
j  br.org.carameloCode.erp.crm.paginas.crmAtendimento.PgProspecto.executarAcaoSelecionada()V+1
j  com.super_bits.modulosSB.webPaginas.JSFManagedBeans.formularios.B_Pagina.executaAcaoSelecionadaPorEnum(Lcom/super_bits/modulosSB/SBCore/modulos/fabrica/ComoFabricaAcoes;)V+15
j  br.org.carameloCode.erp.crm.paginas.crmAtendimento.PgProspecto.executarAcao(Lbr/org/carameloCode/erp/modulo/crm/entidadesJPA/prospecto/Pessoa;)V+59
j  br.org.carameloCode.erp.crm.paginas.crmAtendimento.PgProspecto.executarAcao(Lcom/super_bits/modulosSB/SBCore/modulos/objetos/entidade/basico/ComoEntidadeSimples;)V+5
j  com.super_bits.modulosSB.webPaginas.JSFManagedBeans.formularios.MB_paginaCadastroEntidades.executarAcaoSelecionada()V+5
j  br.org.carameloCode.erp.crm.paginas.crmAtendimento.PgProspecto.executarAcaoSelecionada()V+1
j  com.super_bits.modulosSB.webPaginas.JSFManagedBeans.formularios.B_Pagina.executaAcaoSelecionadaPorEnum(Lcom/super_bits/modulosSB/SBCore/modulos/fabrica/ComoFabricaAcoes;)V+15
j  br.org.carameloCode.erp.crm.paginas.crmAtendimento.PgProspecto.executarAcao(Lbr/org/carameloCode/erp/modulo/crm/entidadesJPA/prospecto/Pessoa;)V+59
j  br.org.carameloCode.erp.crm.paginas.crmAtendimento.PgProspecto.executarAcao(Lcom/super_bits/modulosSB/SBCore/modulos/objetos/entidade/basico/ComoEntidadeSimples;)V+5
j  com.super_bits.modulosSB.webPaginas.JSFManagedBeans.formularios.MB_paginaCadastroEntidades.executarAcaoSelecionada()V+5
j  br.org.carameloCode.erp.crm.paginas.crmAtendimento.PgProspecto.executarAcaoSelecionada()V+1
j  com.super_bits.modulosSB.webPaginas.JSFManagedBeans.formularios.B_Pagina.executaAcaoSelecionadaPorEnum(Lcom/super_bits/modulosSB/SBCore/modulos/fabrica/ComoFabricaAcoes;)V+15
j  br.org.carameloCode.erp.crm.paginas.crmAtendimento.PgProspecto.executarAcao(Lbr/org/carameloCode/erp/modulo/crm/entidadesJPA/prospecto/Pessoa;)V+59
j  br.org.carameloCode.erp.crm.paginas.crmAtendimento.PgProspecto.executarAcao(Lcom/super_bits/modulosSB/SBCore/modulos/objetos/entidade/basico/ComoEntidadeSimples;)V+5
j  com.super_bits.modulosSB.webPaginas.JSFManagedBeans.formularios.MB_paginaCadastroEntidades.executarAcaoSelecionada()V+5
j  br.org.carameloCode.erp.crm.paginas.crmAtendimento.PgProspecto.executarAcaoSelecionada()V+1
j  com.super_bits.modulosSB.webPaginas.JSFManagedBeans.formularios.B_Pagina.executaAcaoSelecionadaPorEnum(Lcom/super_bits/modulosSB/SBCore/modulos/fabrica/ComoFabricaAcoes;)V+15
j  br.org.carameloCode.erp.crm.paginas.crmAtendimento.PgProspecto.executarAcao(Lbr/org/carameloCode/erp/modulo/crm/entidadesJPA/prospecto/Pessoa;)V+59
j  br.org.carameloCode.erp.crm.paginas.crmAtendimento.PgProspecto.executarAcao(Lcom/super_bits/modulosSB/SBCore/modulos/objetos/entidade/basico/ComoEntidadeSimples;)V+5
j  com.super_bits.modulosSB.webPaginas.JSFManagedBeans.formularios.MB_paginaCadastroEntidades.executarAcaoSelecionada()V+5
j  br.org.carameloCode.erp.crm.paginas.crmAtendimento.PgProspecto.executarAcaoSelecionada()V+1
j  com.super_bits.modulosSB.webPaginas.JSFManagedBeans.formularios.B_Pagina.executaAcaoSelecionadaPorEnum(Lcom/super_bits/modulosSB/SBCore/modulos/fabrica/ComoFabricaAcoes;)V+15
j  br.org.carameloCode.erp.crm.paginas.crmAtendimento.PgProspecto.executarAcao(Lbr/org/carameloCode/erp/modulo/crm/entidadesJPA/prospecto/Pessoa;)V+59
j  br.org.carameloCode.erp.crm.paginas.crmAtendimento.PgProspecto.executarAcao(Lcom/super_bits/modulosSB/SBCore/modulos/objetos/entidade/basico/ComoEntidadeSimples;)V+5
j  com.super_bits.modulosSB.webPaginas.JSFManagedBeans.formularios.MB_paginaCadastroEntidades.executarAcaoSelecionada()V+5
j  br.org.carameloCode.erp.crm.paginas.crmAtendimento.PgProspecto.executarAcaoSelecionada()V+1
j  com.super_bits.modulosSB.webPaginas.JSFManagedBeans.formularios.B_Pagina.executaAcaoSelecionadaPorEnum(Lcom/super_bits/modulosSB/SBCore/modulos/fabrica/ComoFabricaAcoes;)V+15
j  br.org.carameloCode.erp.crm.paginas.crmAtendimento.PgProspecto.executarAcao(Lbr/org/carameloCode/erp/modulo/crm/entidadesJPA/prospecto/Pessoa;)V+59
j  br.org.carameloCode.erp.crm.paginas.crmAtendimento.PgProspecto.executarAcao(Lcom/super_bits/modulosSB/SBCore/modulos/objetos/entidade/basico/ComoEntidadeSimples;)V+5
j  com.super_bits.modulosSB.webPaginas.JSFManagedBeans.formularios.MB_paginaCadastroEntidades.executarAcaoSelecionada()V+5
j  br.org.carameloCode.erp.crm.paginas.crmAtendimento.PgProspecto.executarAcaoSelecionada()V+1
j  com.super_bits.modulosSB.webPaginas.JSFManagedBeans.formularios.B_Pagina.executaAcaoSelecionadaPorEnum(Lcom/super_bits/modulosSB/SBCore/modulos/fabrica/ComoFabricaAcoes;)V+15
j  br.org.carameloCode.erp.crm.paginas.crmAtendimento.PgProspecto.executarAcao(Lbr/org/carameloCode/erp/modulo/crm/entidadesJPA/prospecto/Pessoa;)V+59
j  br.org.carameloCode.erp.crm.paginas.crmAtendimento.PgProspecto.executarAcao(Lcom/super_bits/modulosSB/SBCore/modulos/objetos/entidade/basico/ComoEntidadeSimples;)V+5
j  com.super_bits.modulosSB.webPaginas.JSFManagedBeans.formularios.MB_paginaCadastroEntidades.executarAcaoSelecionada()V+5
j  br.org.carameloCode.erp.crm.paginas.crmAtendimento.PgProspecto.executarAcaoSelecionada()V+1
j  com.super_bits.modulosSB.webPaginas.JSFManagedBeans.formularios.B_Pagina.executaAcaoSelecionadaPorEnum(Lcom/super_bits/modulosSB/SBCore/modulos/fabrica/ComoFabricaAcoes;)V+15
j  br.org.carameloCode.erp.crm.paginas.crmAtendimento.PgProspecto.executarAcao(Lbr/org/carameloCode/erp/modulo/crm/entidadesJPA/prospecto/Pessoa;)V+59
j  br.org.carameloCode.erp.crm.paginas.crmAtendimento.PgProspecto.executarAcao(Lcom/super_bits/modulosSB/SBCore/modulos/objetos/entidade/basico/ComoEntidadeSimples;)V+5
j  com.super_bits.modulosSB.webPaginas.JSFManagedBeans.formularios.MB_paginaCadastroEntidades.executarAcaoSelecionada()V+5
j  br.org.carameloCode.erp.crm.paginas.crmAtendimento.PgProspecto.executarAcaoSelecionada()V+1
j  com.super_bits.modulosSB.webPaginas.JSFManagedBeans.formularios.B_Pagina.executaAcaoSelecionadaPorEnum(Lcom/super_bits/modulosSB/SBCore/modulos/fabrica/ComoFabricaAcoes;)V+15
j  br.org.carameloCode.erp.crm.paginas.crmAtendimento.PgProspecto.executarAcao(Lbr/org/carameloCode/erp/modulo/crm/entidadesJPA/prospecto/Pessoa;)V+59
j  br.org.carameloCode.erp.crm.paginas.crmAtendimento.PgProspecto.executarAcao(Lcom/super_bits/modulosSB/SBCore/modulos/objetos/entidade/basico/ComoEntidadeSimples;)V+5
j  com.super_bits.modulosSB.webPaginas.JSFManagedBeans.formularios.MB_paginaCadastroEntidades.executarAcaoSelecionada()V+5
j  br.org.carameloCode.erp.crm.paginas.crmAtendimento.PgProspecto.executarAcaoSelecionada()V+1
j  com.super_bits.modulosSB.webPaginas.JSFManagedBeans.formularios.B_Pagina.executaAcaoSelecionadaPorEnum(Lcom/super_bits/modulosSB/SBCore/modulos/fabrica/ComoFabricaAcoes;)V+15
j  br.org.carameloCode.erp.crm.paginas.crmAtendimento.PgProspecto.executarAcao(Lbr/org/carameloCode/erp/modulo/crm/entidadesJPA/prospecto/Pessoa;)V+59
j  br.org.carameloCode.erp.crm.paginas.crmAtendimento.PgProspecto.executarAcao(Lcom/super_bits/modulosSB/SBCore/modulos/objetos/entidade/basico/ComoEntidadeSimples;)V+5
j  com.super_bits.modulosSB.webPaginas.JSFManagedBeans.formularios.MB_paginaCadastroEntidades.executarAcaoSelecionada()V+5
j  br.org.carameloCode.erp.crm.paginas.crmAtendimento.PgProspecto.executarAcaoSelecionada()V+1
j  com.super_bits.modulosSB.webPaginas.JSFManagedBeans.formularios.B_Pagina.executaAcaoSelecionadaPorEnum(Lcom/super_bits/modulosSB/SBCore/modulos/fabrica/ComoFabricaAcoes;)V+15
j  br.org.carameloCode.erp.crm.paginas.crmAtendimento.PgProspecto.executarAcao(Lbr/org/carameloCode/erp/modulo/crm/entidadesJPA/prospecto/Pessoa;)V+59
j  br.org.carameloCode.erp.crm.paginas.crmAtendimento.PgProspecto.executarAcao(Lcom/super_bits/modulosSB/SBCore/modulos/objetos/entidade/basico/ComoEntidadeSimples;)V+5
j  com.super_bits.modulosSB.webPaginas.JSFManagedBeans.formularios.MB_paginaCadastroEntidades.executarAcaoSelecionada()V+5
j  br.org.carameloCode.erp.crm.paginas.crmAtendimento.PgProspecto.executarAcaoSelecionada()V+1
j  com.super_bits.modulosSB.webPaginas.JSFManagedBeans.formularios.B_Pagina.executaAcaoSelecionadaPorEnum(Lcom/super_bits/modulosSB/SBCore/modulos/fabrica/ComoFabricaAcoes;)V+15
j  br.org.carameloCode.erp.crm.paginas.crmAtendimento.PgProspecto.executarAcao(Lbr/org/carameloCode/erp/modulo/crm/entidadesJPA/prospecto/Pessoa;)V+59
j  br.org.carameloCode.erp.crm.paginas.crmAtendimento.PgProspecto.executarAcao(Lcom/super_bits/modulosSB/SBCore/modulos/objetos/entidade/basico/ComoEntidadeSimples;)V+5
j  com.super_bits.modulosSB.webPaginas.JSFManagedBeans.formularios.MB_paginaCadastroEntidades.executarAcaoSelecionada()V+5
j  br.org.carameloCode.erp.crm.paginas.crmAtendimento.PgProspecto.executarAcaoSelecionada()V+1
j  com.super_bits.modulosSB.webPaginas.JSFManagedBeans.formularios.B_Pagina.executaAcaoSelecionadaPorEnum(Lcom/super_bits/modulosSB/SBCore/modulos/fabrica/ComoFabricaAcoes;)V+15
j  br.org.carameloCode.erp.crm.paginas.crmAtendimento.PgProspecto.executarAcao(Lbr/org/carameloCode/erp/modulo/crm/entidadesJPA/prospecto/Pessoa;)V+59
j  br.org.carameloCode.erp.crm.paginas.crmAtendimento.PgProspecto.executarAcao(Lcom/super_bits/modulosSB/SBCore/modulos/objetos/entidade/basico/ComoEntidadeSimples;)V+5
j  com.super_bits.modulosSB.webPaginas.JSFManagedBeans.formularios.MB_paginaCadastroEntidades.executarAcaoSelecionada()V+5
j  br.org.carameloCode.erp.crm.paginas.crmAtendimento.PgProspecto.executarAcaoSelecionada()V+1
j  com.super_bits.modulosSB.webPaginas.JSFManagedBeans.formularios.B_Pagina.executaAcaoSelecionadaPorEnum(Lcom/super_bits/modulosSB/SBCore/modulos/fabrica/ComoFabricaAcoes;)V+15
j  br.org.carameloCode.erp.crm.paginas.crmAtendimento.PgProspecto.executarAcao(Lbr/org/carameloCode/erp/modulo/crm/entidadesJPA/prospecto/Pessoa;)V+59
j  br.org.carameloCode.erp.crm.paginas.crmAtendimento.PgProspecto.executarAcao(Lcom/super_bits/modulosSB/SBCore/modulos/objetos/entidade/basico/ComoEntidadeSimples;)V+5
j  com.super_bits.modulosSB.webPaginas.JSFManagedBeans.formularios.MB_paginaCadastroEntidades.executarAcaoSelecionada()V+5
j  br.org.carameloCode.erp.crm.paginas.crmAtendimento.PgProspecto.executarAcaoSelecionada()V+1
j  com.super_bits.modulosSB.webPaginas.JSFManagedBeans.formularios.B_Pagina.executaAcaoSelecionadaPorEnum(Lcom/super_bits/modulosSB/SBCore/modulos/fabrica/ComoFabricaAcoes;)V+15
j  br.org.carameloCode.erp.crm.paginas.crmAtendimento.PgProspecto.executarAcao(Lbr/org/carameloCode/erp/modulo/crm/entidadesJPA/prospecto/Pessoa;)V+59
j  br.org.carameloCode.erp.crm.paginas.crmAtendimento.PgProspecto.executarAcao(Lcom/super_bits/modulosSB/SBCore/modulos/objetos/entidade/basico/ComoEntidadeSimples;)V+5
j  com.super_bits.modulosSB.webPaginas.JSFManagedBeans.formularios.MB_paginaCadastroEntidades.executarAcaoSelecionada()V+5
j  br.org.carameloCode.erp.crm.paginas.crmAtendimento.PgProspecto.executarAcaoSelecionada()V+1
j  com.super_bits.modulosSB.webPaginas.JSFManagedBeans.formularios.B_Pagina.executaAcaoSelecionadaPorEnum(Lcom/super_bits/modulosSB/SBCore/modulos/fabrica/ComoFabricaAcoes;)V+15
j  br.org.carameloCode.erp.crm.paginas.crmAtendimento.PgProspecto.executarAcao(Lbr/org/carameloCode/erp/modulo/crm/entidadesJPA/prospecto/Pessoa;)V+59
j  br.org.carameloCode.erp.crm.paginas.crmAtendimento.PgProspecto.executarAcao(Lcom/super_bits/modulosSB/SBCore/modulos/objetos/entidade/basico/ComoEntidadeSimples;)V+5
j  com.super_bits.modulosSB.webPaginas.JSFManagedBeans.formularios.MB_paginaCadastroEntidades.executarAcaoSelecionada()V+5
j  br.org.carameloCode.erp.crm.paginas.crmAtendimento.PgProspecto.executarAcaoSelecionada()V+1
j  com.super_bits.modulosSB.webPaginas.JSFManagedBeans.formularios.B_Pagina.executaAcaoSelecionadaPorEnum(Lcom/super_bits/modulosSB/SBCore/modulos/fabrica/ComoFabricaAcoes;)V+15
j  br.org.carameloCode.erp.crm.paginas.crmAtendimento.PgProspecto.executarAcao(Lbr/org/carameloCode/erp/modulo/crm/entidadesJPA/prospecto/Pessoa;)V+59
j  br.org.carameloCode.erp.crm.paginas.crmAtendimento.PgProspecto.executarAcao(Lcom/super_bits/modulosSB/SBCore/modulos/objetos/entidade/basico/ComoEntidadeSimples;)V+5
j  com.super_bits.modulosSB.webPaginas.JSFManagedBeans.formularios.MB_paginaCadastroEntidades.executarAcaoSelecionada()V+5
j  br.org.carameloCode.erp.crm.paginas.crmAtendimento.PgProspecto.executarAcaoSelecionada()V+1
j  com.super_bits.modulosSB.webPaginas.JSFManagedBeans.formularios.B_Pagina.executaAcaoSelecionadaPorEnum(Lcom/super_bits/modulosSB/SBCore/modulos/fabrica/ComoFabricaAcoes;)V+15
j  br.org.carameloCode.erp.crm.paginas.crmAtendimento.PgProspecto.executarAcao(Lbr/org/carameloCode/erp/modulo/crm/entidadesJPA/prospecto/Pessoa;)V+59
j  br.org.carameloCode.erp.crm.paginas.crmAtendimento.PgProspecto.executarAcao(Lcom/super_bits/modulosSB/SBCore/modulos/objetos/entidade/basico/ComoEntidadeSimples;)V+5
j  com.super_bits.modulosSB.webPaginas.JSFManagedBeans.formularios.MB_paginaCadastroEntidades.executarAcaoSelecionada()V+5
j  br.org.carameloCode.erp.crm.paginas.crmAtendimento.PgProspecto.executarAcaoSelecionada()V+1
j  com.super_bits.modulosSB.webPaginas.JSFManagedBeans.formularios.B_Pagina.executaAcaoSelecionadaPorEnum(Lcom/super_bits/modulosSB/SBCore/modulos/fabrica/ComoFabricaAcoes;)V+15
j  br.org.carameloCode.erp.crm.paginas.crmAtendimento.PgProspecto.executarAcao(Lbr/org/carameloCode/erp/modulo/crm/entidadesJPA/prospecto/Pessoa;)V+59
j  br.org.carameloCode.erp.crm.paginas.crmAtendimento.PgProspecto.executarAcao(Lcom/super_bits/modulosSB/SBCore/modulos/objetos/entidade/basico/ComoEntidadeSimples;)V+5
j  com.super_bits.modulosSB.webPaginas.JSFManagedBeans.formularios.MB_paginaCadastroEntidades.executarAcaoSelecionada()V+5
j  br.org.carameloCode.erp.crm.paginas.crmAtendimento.PgProspecto.executarAcaoSelecionada()V+1
j  com.super_bits.modulosSB.webPaginas.JSFManagedBeans.formularios.B_Pagina.executaAcaoSelecionadaPorEnum(Lcom/super_bits/modulosSB/SBCore/modulos/fabrica/ComoFabricaAcoes;)V+15
j  br.org.carameloCode.erp.crm.paginas.crmAtendimento.PgProspecto.executarAcao(Lbr/org/carameloCode/erp/modulo/crm/entidadesJPA/prospecto/Pessoa;)V+59
j  br.org.carameloCode.erp.crm.paginas.crmAtendimento.PgProspecto.executarAcao(Lcom/super_bits/modulosSB/SBCore/modulos/objetos/entidade/basico/ComoEntidadeSimples;)V+5
j  com.super_bits.modulosSB.webPaginas.JSFManagedBeans.formularios.MB_paginaCadastroEntidades.executarAcaoSelecionada()V+5
j  br.org.carameloCode.erp.crm.paginas.crmAtendimento.PgProspecto.executarAcaoSelecionada()V+1
j  com.super_bits.modulosSB.webPaginas.JSFManagedBeans.formularios.B_Pagina.executaAcaoSelecionadaPorEnum(Lcom/super_bits/modulosSB/SBCore/modulos/fabrica/ComoFabricaAcoes;)V+15
j  br.org.carameloCode.erp.crm.paginas.crmAtendimento.PgProspecto.executarAcao(Lbr/org/carameloCode/erp/modulo/crm/entidadesJPA/prospecto/Pessoa;)V+59
j  br.org.carameloCode.erp.crm.paginas.crmAtendimento.PgProspecto.executarAcao(Lcom/super_bits/modulosSB/SBCore/modulos/objetos/entidade/basico/ComoEntidadeSimples;)V+5
j  com.super_bits.modulosSB.webPaginas.JSFManagedBeans.formularios.MB_paginaCadastroEntidades.executarAcaoSelecionada()V+5
j  br.org.carameloCode.erp.crm.paginas.crmAtendimento.PgProspecto.executarAcaoSelecionada()V+1
j  com.super_bits.modulosSB.webPaginas.JSFManagedBeans.formularios.B_Pagina.executaAcaoSelecionadaPorEnum(Lcom/super_bits/modulosSB/SBCore/modulos/fabrica/ComoFabricaAcoes;)V+15
j  br.org.carameloCode.erp.crm.paginas.crmAtendimento.PgProspecto.executarAcao(Lbr/org/carameloCode/erp/modulo/crm/entidadesJPA/prospecto/Pessoa;)V+59
j  br.org.carameloCode.erp.crm.paginas.crmAtendimento.PgProspecto.executarAcao(Lcom/super_bits/modulosSB/SBCore/modulos/objetos/entidade/basico/ComoEntidadeSimples;)V+5
j  com.super_bits.modulosSB.webPaginas.JSFManagedBeans.formularios.MB_paginaCadastroEntidades.executarAcaoSelecionada()V+5
j  br.org.carameloCode.erp.crm.paginas.crmAtendimento.PgProspecto.executarAcaoSelecionada()V+1
j  com.super_bits.modulosSB.webPaginas.JSFManagedBeans.formularios.B_Pagina.executaAcaoSelecionadaPorEnum(Lcom/super_bits/modulosSB/SBCore/modulos/fabrica/ComoFabricaAcoes;)V+15
j  br.org.carameloCode.erp.crm.paginas.crmAtendimento.PgProspecto.executarAcao(Lbr/org/carameloCode/erp/modulo/crm/entidadesJPA/prospecto/Pessoa;)V+59
j  br.org.carameloCode.erp.crm.paginas.crmAtendimento.PgProspecto.executarAcao(Lcom/super_bits/modulosSB/SBCore/modulos/objetos/entidade/basico/ComoEntidadeSimples;)V+5
j  com.super_bits.modulosSB.webPaginas.JSFManagedBeans.formularios.MB_paginaCadastroEntidades.executarAcaoSelecionada()V+5
j  br.org.carameloCode.erp.crm.paginas.crmAtendimento.PgProspecto.executarAcaoSelecionada()V+1
j  com.super_bits.modulosSB.webPaginas.JSFManagedBeans.formularios.B_Pagina.executaAcaoSelecionadaPorEnum(Lcom/super_bits/modulosSB/SBCore/modulos/fabrica/ComoFabricaAcoes;)V+15
j  br.org.carameloCode.erp.crm.paginas.crmAtendimento.PgProspecto.executarAcao(Lbr/org/carameloCode/erp/modulo/crm/entidadesJPA/prospecto/Pessoa;)V+59
j  br.org.carameloCode.erp.crm.paginas.crmAtendimento.PgProspecto.executarAcao(Lcom/super_bits/modulosSB/SBCore/modulos/objetos/entidade/basico/ComoEntidadeSimples;)V+5
j  com.super_bits.modulosSB.webPaginas.JSFManagedBeans.formularios.MB_paginaCadastroEntidades.executarAcaoSelecionada()V+5
j  br.org.carameloCode.erp.crm.paginas.crmAtendimento.PgProspecto.executarAcaoSelecionada()V+1
j  com.super_bits.modulosSB.webPaginas.JSFManagedBeans.formularios.B_Pagina.executaAcaoSelecionadaPorEnum(Lcom/super_bits/modulosSB/SBCore/modulos/fabrica/ComoFabricaAcoes;)V+15
j  br.org.carameloCode.erp.crm.paginas.crmAtendimento.PgProspecto.executarAcao(Lbr/org/carameloCode/erp/modulo/crm/entidadesJPA/prospecto/Pessoa;)V+59
j  br.org.carameloCode.erp.crm.paginas.crmAtendimento.PgProspecto.executarAcao(Lcom/super_bits/modulosSB/SBCore/modulos/objetos/entidade/basico/ComoEntidadeSimples;)V+5
j  com.super_bits.modulosSB.webPaginas.JSFManagedBeans.formularios.MB_paginaCadastroEntidades.executarAcaoSelecionada()V+5
j  br.org.carameloCode.erp.crm.paginas.crmAtendimento.PgProspecto.executarAcaoSelecionada()V+1
j  com.super_bits.modulosSB.webPaginas.JSFManagedBeans.formularios.B_Pagina.executaAcaoSelecionadaPorEnum(Lcom/super_bits/modulosSB/SBCore/modulos/fabrica/ComoFabricaAcoes;)V+15
j  br.org.carameloCode.erp.crm.paginas.crmAtendimento.PgProspecto.executarAcao(Lbr/org/carameloCode/erp/modulo/crm/entidadesJPA/prospecto/Pessoa;)V+59
j  br.org.carameloCode.erp.crm.paginas.crmAtendimento.PgProspecto.executarAcao(Lcom/super_bits/modulosSB/SBCore/modulos/objetos/entidade/basico/ComoEntidadeSimples;)V+5
j  com.super_bits.modulosSB.webPaginas.JSFManagedBeans.formularios.MB_paginaCadastroEntidades.executarAcaoSelecionada()V+5
j  br.org.carameloCode.erp.crm.paginas.crmAtendimento.PgProspecto.executarAcaoSelecionada()V+1
j  com.super_bits.modulosSB.webPaginas.JSFManagedBeans.formularios.B_Pagina.executaAcaoSelecionadaPorEnum(Lcom/super_bits/modulosSB/SBCore/modulos/fabrica/ComoFabricaAcoes;)V+15
j  br.org.carameloCode.erp.crm.paginas.crmAtendimento.PgProspecto.executarAcao(Lbr/org/carameloCode/erp/modulo/crm/entidadesJPA/prospecto/Pessoa;)V+59
j  br.org.carameloCode.erp.crm.paginas.crmAtendimento.PgProspecto.executarAcao(Lcom/super_bits/modulosSB/SBCore/modulos/objetos/entidade/basico/ComoEntidadeSimples;)V+5
j  com.super_bits.modulosSB.webPaginas.JSFManagedBeans.formularios.MB_paginaCadastroEntidades.executarAcaoSelecionada()V+5
j  br.org.carameloCode.erp.crm.paginas.crmAtendimento.PgProspecto.executarAcaoSelecionada()V+1
j  com.super_bits.modulosSB.webPaginas.JSFManagedBeans.formularios.B_Pagina.executaAcaoSelecionadaPorEnum(Lcom/super_bits/modulosSB/SBCore/modulos/fabrica/ComoFabricaAcoes;)V+15
j  br.org.carameloCode.erp.crm.paginas.crmAtendimento.PgProspecto.executarAcao(Lbr/org/carameloCode/erp/modulo/crm/entidadesJPA/prospecto/Pessoa;)V+59
j  br.org.carameloCode.erp.crm.paginas.crmAtendimento.PgProspecto.executarAcao(Lcom/super_bits/modulosSB/SBCore/modulos/objetos/entidade/basico/ComoEntidadeSimples;)V+5
j  com.super_bits.modulosSB.webPaginas.JSFManagedBeans.formularios.MB_paginaCadastroEntidades.executarAcaoSelecionada()V+5
j  br.org.carameloCode.erp.crm.paginas.crmAtendimento.PgProspecto.executarAcaoSelecionada()V+1
j  com.super_bits.modulosSB.webPaginas.JSFManagedBeans.formularios.B_Pagina.executaAcaoSelecionadaPorEnum(Lcom/super_bits/modulosSB/SBCore/modulos/fabrica/ComoFabricaAcoes;)V+15
j  br.org.carameloCode.erp.crm.paginas.crmAtendimento.PgProspecto.executarAcao(Lbr/org/carameloCode/erp/modulo/crm/entidadesJPA/prospecto/Pessoa;)V+59
j  br.org.carameloCode.erp.crm.paginas.crmAtendimento.PgProspecto.executarAcao(Lcom/super_bits/modulosSB/SBCore/modulos/objetos/entidade/basico/ComoEntidadeSimples;)V+5
j  com.super_bits.modulosSB.webPaginas.JSFManagedBeans.formularios.MB_paginaCadastroEntidades.executarAcaoSelecionada()V+5
j  br.org.carameloCode.erp.crm.paginas.crmAtendimento.PgProspecto.executarAcaoSelecionada()V+1
j  com.super_bits.modulosSB.webPaginas.JSFManagedBeans.formularios.B_Pagina.executaAcaoSelecionadaPorEnum(Lcom/super_bits/modulosSB/SBCore/modulos/fabrica/ComoFabricaAcoes;)V+15
j  br.org.carameloCode.erp.crm.paginas.crmAtendimento.PgProspecto.executarAcao(Lbr/org/carameloCode/erp/modulo/crm/entidadesJPA/prospecto/Pessoa;)V+59
j  br.org.carameloCode.erp.crm.paginas.crmAtendimento.PgProspecto.executarAcao(Lcom/super_bits/modulosSB/SBCore/modulos/objetos/entidade/basico/ComoEntidadeSimples;)V+5
j  com.super_bits.modulosSB.webPaginas.JSFManagedBeans.formularios.MB_paginaCadastroEntidades.executarAcaoSelecionada()V+5
j  br.org.carameloCode.erp.crm.paginas.crmAtendimento.PgProspecto.executarAcaoSelecionada()V+1
j  com.super_bits.modulosSB.webPaginas.JSFManagedBeans.formularios.B_Pagina.executaAcaoSelecionadaPorEnum(Lcom/super_bits/modulosSB/SBCore/modulos/fabrica/ComoFabricaAcoes;)V+15
j  br.org.carameloCode.erp.crm.paginas.crmAtendimento.PgProspecto.executarAcao(Lbr/org/carameloCode/erp/modulo/crm/entidadesJPA/prospecto/Pessoa;)V+59
j  br.org.carameloCode.erp.crm.paginas.crmAtendimento.PgProspecto.executarAcao(Lcom/super_bits/modulosSB/SBCore/modulos/objetos/entidade/basico/ComoEntidadeSimples;)V+5
j  com.super_bits.modulosSB.webPaginas.JSFManagedBeans.formularios.MB_paginaCadastroEntidades.executarAcaoSelecionada()V+5
j  br.org.carameloCode.erp.crm.paginas.crmAtendimento.PgProspecto.executarAcaoSelecionada()V+1
j  com.super_bits.modulosSB.webPaginas.JSFManagedBeans.formularios.B_Pagina.executaAcaoSelecionadaPorEnum(Lcom/super_bits/modulosSB/SBCore/modulos/fabrica/ComoFabricaAcoes;)V+15
j  br.org.carameloCode.erp.crm.paginas.crmAtendimento.PgProspecto.executarAcao(Lbr/org/carameloCode/erp/modulo/crm/entidadesJPA/prospecto/Pessoa;)V+59
j  br.org.carameloCode.erp.crm.paginas.crmAtendimento.PgProspecto.executarAcao(Lcom/super_bits/modulosSB/SBCore/modulos/objetos/entidade/basico/ComoEntidadeSimples;)V+5
j  com.super_bits.modulosSB.webPaginas.JSFManagedBeans.formularios.MB_paginaCadastroEntidades.executarAcaoSelecionada()V+5
j  br.org.carameloCode.erp.crm.paginas.crmAtendimento.PgProspecto.executarAcaoSelecionada()V+1
j  com.super_bits.modulosSB.webPaginas.JSFManagedBeans.formularios.B_Pagina.executaAcaoSelecionadaPorEnum(Lcom/super_bits/modulosSB/SBCore/modulos/fabrica/ComoFabricaAcoes;)V+15
j  br.org.carameloCode.erp.crm.paginas.crmAtendimento.PgProspecto.executarAcao(Lbr/org/carameloCode/erp/modulo/crm/entidadesJPA/prospecto/Pessoa;)V+59
j  br.org.carameloCode.erp.crm.paginas.crmAtendimento.PgProspecto.executarAcao(Lcom/super_bits/modulosSB/SBCore/modulos/objetos/entidade/basico/ComoEntidadeSimples;)V+5
j  com.super_bits.modulosSB.webPaginas.JSFManagedBeans.formularios.MB_paginaCadastroEntidades.executarAcaoSelecionada()V+5
j  br.org.carameloCode.erp.crm.paginas.crmAtendimento.PgProspecto.executarAcaoSelecionada()V+1
j  com.super_bits.modulosSB.webPaginas.JSFManagedBeans.formularios.B_Pagina.executaAcaoSelecionadaPorEnum(Lcom/super_bits/modulosSB/SBCore/modulos/fabrica/ComoFabricaAcoes;)V+15
j  br.org.carameloCode.erp.crm.paginas.crmAtendimento.PgProspecto.executarAcao(Lbr/org/carameloCode/erp/modulo/crm/entidadesJPA/prospecto/Pessoa;)V+59
j  br.org.carameloCode.erp.crm.paginas.crmAtendimento.PgProspecto.executarAcao(Lcom/super_bits/modulosSB/SBCore/modulos/objetos/entidade/basico/ComoEntidadeSimples;)V+5
j  com.super_bits.modulosSB.webPaginas.JSFManagedBeans.formularios.MB_paginaCadastroEntidades.executarAcaoSelecionada()V+5
j  br.org.carameloCode.erp.crm.paginas.crmAtendimento.PgProspecto.executarAcaoSelecionada()V+1
j  com.super_bits.modulosSB.webPaginas.JSFManagedBeans.formularios.B_Pagina.executaAcaoSelecionadaPorEnum(Lcom/super_bits/modulosSB/SBCore/modulos/fabrica/ComoFabricaAcoes;)V+15
j  br.org.carameloCode.erp.crm.paginas.crmAtendimento.PgProspecto.executarAcao(Lbr/org/carameloCode/erp/modulo/crm/entidadesJPA/prospecto/Pessoa;)V+59
j  br.org.carameloCode.erp.crm.paginas.crmAtendimento.PgProspecto.executarAcao(Lcom/super_bits/modulosSB/SBCore/modulos/objetos/entidade/basico/ComoEntidadeSimples;)V+5
j  com.super_bits.modulosSB.webPaginas.JSFManagedBeans.formularios.MB_paginaCadastroEntidades.executarAcaoSelecionada()V+5
j  br.org.carameloCode.erp.crm.paginas.crmAtendimento.PgProspecto.executarAcaoSelecionada()V+1
j  com.super_bits.modulosSB.webPaginas.JSFManagedBeans.formularios.B_Pagina.executaAcaoSelecionadaPorEnum(Lcom/super_bits/modulosSB/SBCore/modulos/fabrica/ComoFabricaAcoes;)V+15
j  br.org.carameloCode.erp.crm.paginas.crmAtendimento.PgProspecto.executarAcao(Lbr/org/carameloCode/erp/modulo/crm/entidadesJPA/prospecto/Pessoa;)V+59
j  br.org.carameloCode.erp.crm.paginas.crmAtendimento.PgProspecto.executarAcao(Lcom/super_bits/modulosSB/SBCore/modulos/objetos/entidade/basico/ComoEntidadeSimples;)V+5
j  com.super_bits.modulosSB.webPaginas.JSFManagedBeans.formularios.MB_paginaCadastroEntidades.executarAcaoSelecionada()V+5
j  br.org.carameloCode.erp.crm.paginas.crmAtendimento.PgProspecto.executarAcaoSelecionada()V+1
j  com.super_bits.modulosSB.webPaginas.JSFManagedBeans.formularios.B_Pagina.executaAcaoSelecionadaPorEnum(Lcom/super_bits/modulosSB/SBCore/modulos/fabrica/ComoFabricaAcoes;)V+15
j  br.org.carameloCode.erp.crm.paginas.crmAtendimento.PgProspecto.executarAcao(Lbr/org/carameloCode/erp/modulo/crm/entidadesJPA/prospecto/Pessoa;)V+59
j  br.org.carameloCode.erp.crm.paginas.crmAtendimento.PgProspecto.executarAcao(Lcom/super_bits/modulosSB/SBCore/modulos/objetos/entidade/basico/ComoEntidadeSimples;)V+5
j  com.super_bits.modulosSB.webPaginas.JSFManagedBeans.formularios.MB_paginaCadastroEntidades.executarAcaoSelecionada()V+5
j  br.org.carameloCode.erp.crm.paginas.crmAtendimento.PgProspecto.executarAcaoSelecionada()V+1
j  com.super_bits.modulosSB.webPaginas.JSFManagedBeans.formularios.B_Pagina.executaAcaoSelecionadaPorEnum(Lcom/super_bits/modulosSB/SBCore/modulos/fabrica/ComoFabricaAcoes;)V+15
j  br.org.carameloCode.erp.crm.paginas.crmAtendimento.PgProspecto.executarAcao(Lbr/org/carameloCode/erp/modulo/crm/entidadesJPA/prospecto/Pessoa;)V+59
j  br.org.carameloCode.erp.crm.paginas.crmAtendimento.PgProspecto.executarAcao(Lcom/super_bits/modulosSB/SBCore/modulos/objetos/entidade/basico/ComoEntidadeSimples;)V+5
j  com.super_bits.modulosSB.webPaginas.JSFManagedBeans.formularios.MB_paginaCadastroEntidades.executarAcaoSelecionada()V+5
j  br.org.carameloCode.erp.crm.paginas.crmAtendimento.PgProspecto.executarAcaoSelecionada()V+1
j  com.super_bits.modulosSB.webPaginas.JSFManagedBeans.formularios.B_Pagina.executaAcaoSelecionadaPorEnum(Lcom/super_bits/modulosSB/SBCore/modulos/fabrica/ComoFabricaAcoes;)V+15
j  br.org.carameloCode.erp.crm.paginas.crmAtendimento.PgProspecto.executarAcao(Lbr/org/carameloCode/erp/modulo/crm/entidadesJPA/prospecto/Pessoa;)V+59
j  br.org.carameloCode.erp.crm.paginas.crmAtendimento.PgProspecto.executarAcao(Lcom/super_bits/modulosSB/SBCore/modulos/objetos/entidade/basico/ComoEntidadeSimples;)V+5
j  com.super_bits.modulosSB.webPaginas.JSFManagedBeans.formularios.MB_paginaCadastroEntidades.executarAcaoSelecionada()V+5
j  br.org.carameloCode.erp.crm.paginas.crmAtendimento.PgProspecto.executarAcaoSelecionada()V+1
j  com.super_bits.modulosSB.webPaginas.JSFManagedBeans.formularios.B_Pagina.executaAcaoSelecionadaPorEnum(Lcom/super_bits/modulosSB/SBCore/modulos/fabrica/ComoFabricaAcoes;)V+15
j  br.org.carameloCode.erp.crm.paginas.crmAtendimento.PgProspecto.executarAcao(Lbr/org/carameloCode/erp/modulo/crm/entidadesJPA/prospecto/Pessoa;)V+59
j  br.org.carameloCode.erp.crm.paginas.crmAtendimento.PgProspecto.executarAcao(Lcom/super_bits/modulosSB/SBCore/modulos/objetos/entidade/basico/ComoEntidadeSimples;)V+5
j  com.super_bits.modulosSB.webPaginas.JSFManagedBeans.formularios.MB_paginaCadastroEntidades.executarAcaoSelecionada()V+5
j  br.org.carameloCode.erp.crm.paginas.crmAtendimento.PgProspecto.executarAcaoSelecionada()V+1
j  com.super_bits.modulosSB.webPaginas.JSFManagedBeans.formularios.B_Pagina.executaAcaoSelecionadaPorEnum(Lcom/super_bits/modulosSB/SBCore/modulos/fabrica/ComoFabricaAcoes;)V+15
j  br.org.carameloCode.erp.crm.paginas.crmAtendimento.PgProspecto.executarAcao(Lbr/org/carameloCode/erp/modulo/crm/entidadesJPA/prospecto/Pessoa;)V+59
j  br.org.carameloCode.erp.crm.paginas.crmAtendimento.PgProspecto.executarAcao(Lcom/super_bits/modulosSB/SBCore/modulos/objetos/entidade/basico/ComoEntidadeSimples;)V+5
j  com.super_bits.modulosSB.webPaginas.JSFManagedBeans.formularios.MB_paginaCadastroEntidades.executarAcaoSelecionada()V+5
j  br.org.carameloCode.erp.crm.paginas.crmAtendimento.PgProspecto.executarAcaoSelecionada()V+1
j  com.super_bits.modulosSB.webPaginas.JSFManagedBeans.formularios.B_Pagina.executaAcaoSelecionadaPorEnum(Lcom/super_bits/modulosSB/SBCore/modulos/fabrica/ComoFabricaAcoes;)V+15
j  br.org.carameloCode.erp.crm.paginas.crmAtendimento.PgProspecto.executarAcao(Lbr/org/carameloCode/erp/modulo/crm/entidadesJPA/prospecto/Pessoa;)V+59
j  br.org.carameloCode.erp.crm.paginas.crmAtendimento.PgProspecto.executarAcao(Lcom/super_bits/modulosSB/SBCore/modulos/objetos/entidade/basico/ComoEntidadeSimples;)V+5
j  com.super_bits.modulosSB.webPaginas.JSFManagedBeans.formularios.MB_paginaCadastroEntidades.executarAcaoSelecionada()V+5
j  br.org.carameloCode.erp.crm.paginas.crmAtendimento.PgProspecto.executarAcaoSelecionada()V+1
j  com.super_bits.modulosSB.webPaginas.JSFManagedBeans.formularios.B_Pagina.executaAcaoSelecionadaPorEnum(Lcom/super_bits/modulosSB/SBCore/modulos/fabrica/ComoFabricaAcoes;)V+15
j  br.org.carameloCode.erp.crm.paginas.crmAtendimento.PgProspecto.executarAcao(Lbr/org/carameloCode/erp/modulo/crm/entidadesJPA/prospecto/Pessoa;)V+59
j  br.org.carameloCode.erp.crm.paginas.crmAtendimento.PgProspecto.executarAcao(Lcom/super_bits/modulosSB/SBCore/modulos/objetos/entidade/basico/ComoEntidadeSimples;)V+5
j  com.super_bits.modulosSB.webPaginas.JSFManagedBeans.formularios.MB_paginaCadastroEntidades.executarAcaoSelecionada()V+5
j  br.org.carameloCode.erp.crm.paginas.crmAtendimento.PgProspecto.executarAcaoSelecionada()V+1
j  com.super_bits.modulosSB.webPaginas.JSFManagedBeans.formularios.B_Pagina.executaAcaoSelecionadaPorEnum(Lcom/super_bits/modulosSB/SBCore/modulos/fabrica/ComoFabricaAcoes;)V+15
j  br.org.carameloCode.erp.crm.paginas.crmAtendimento.PgProspecto.executarAcao(Lbr/org/carameloCode/erp/modulo/crm/entidadesJPA/prospecto/Pessoa;)V+59
j  br.org.carameloCode.erp.crm.paginas.crmAtendimento.PgProspecto.executarAcao(Lcom/super_bits/modulosSB/SBCore/modulos/objetos/entidade/basico/ComoEntidadeSimples;)V+5
j  com.super_bits.modulosSB.webPaginas.JSFManagedBeans.formularios.MB_paginaCadastroEntidades.executarAcaoSelecionada()V+5
j  br.org.carameloCode.erp.crm.paginas.crmAtendimento.PgProspecto.executarAcaoSelecionada()V+1
j  com.super_bits.modulosSB.webPaginas.JSFManagedBeans.formularios.B_Pagina.executaAcaoSelecionadaPorEnum(Lcom/super_bits/modulosSB/SBCore/modulos/fabrica/ComoFabricaAcoes;)V+15
j  br.org.carameloCode.erp.crm.paginas.crmAtendimento.PgProspecto.executarAcao(Lbr/org/carameloCode/erp/modulo/crm/entidadesJPA/prospecto/Pessoa;)V+59
j  br.org.carameloCode.erp.crm.paginas.crmAtendimento.PgProspecto.executarAcao(Lcom/super_bits/modulosSB/SBCore/modulos/objetos/entidade/basico/ComoEntidadeSimples;)V+5
j  com.super_bits.modulosSB.webPaginas.JSFManagedBeans.formularios.MB_paginaCadastroEntidades.executarAcaoSelecionada()V+5
j  br.org.carameloCode.erp.crm.paginas.crmAtendimento.PgProspecto.executarAcaoSelecionada()V+1
j  com.super_bits.modulosSB.webPaginas.JSFManagedBeans.formularios.B_Pagina.executaAcaoSelecionadaPorEnum(Lcom/super_bits/modulosSB/SBCore/modulos/fabrica/ComoFabricaAcoes;)V+15
j  br.org.carameloCode.erp.crm.paginas.crmAtendimento.PgProspecto.executarAcao(Lbr/org/carameloCode/erp/modulo/crm/entidadesJPA/prospecto/Pessoa;)V+59
j  br.org.carameloCode.erp.crm.paginas.crmAtendimento.PgProspecto.executarAcao(Lcom/super_bits/modulosSB/SBCore/modulos/objetos/entidade/basico/ComoEntidadeSimples;)V+5
j  com.super_bits.modulosSB.webPaginas.JSFManagedBeans.formularios.MB_paginaCadastroEntidades.executarAcaoSelecionada()V+5
j  br.org.carameloCode.erp.crm.paginas.crmAtendimento.PgProspecto.executarAcaoSelecionada()V+1
j  com.super_bits.modulosSB.webPaginas.JSFManagedBeans.formularios.B_Pagina.executaAcaoSelecionadaPorEnum(Lcom/super_bits/modulosSB/SBCore/modulos/fabrica/ComoFabricaAcoes;)V+15
j  br.org.carameloCode.erp.crm.paginas.crmAtendimento.PgProspecto.executarAcao(Lbr/org/carameloCode/erp/modulo/crm/entidadesJPA/prospecto/Pessoa;)V+59
j  br.org.carameloCode.erp.crm.paginas.crmAtendimento.PgProspecto.executarAcao(Lcom/super_bits/modulosSB/SBCore/modulos/objetos/entidade/basico/ComoEntidadeSimples;)V+5
j  com.super_bits.modulosSB.webPaginas.JSFManagedBeans.formularios.MB_paginaCadastroEntidades.executarAcaoSelecionada()V+5
j  br.org.carameloCode.erp.crm.paginas.crmAtendimento.PgProspecto.executarAcaoSelecionada()V+1
j  com.super_bits.modulosSB.webPaginas.JSFManagedBeans.formularios.B_Pagina.executaAcaoSelecionadaPorEnum(Lcom/super_bits/modulosSB/SBCore/modulos/fabrica/ComoFabricaAcoes;)V+15
j  br.org.carameloCode.erp.crm.paginas.crmAtendimento.PgProspecto.executarAcao(Lbr/org/carameloCode/erp/modulo/crm/entidadesJPA/prospecto/Pessoa;)V+59
j  br.org.carameloCode.erp.crm.paginas.crmAtendimento.PgProspecto.executarAcao(Lcom/super_bits/modulosSB/SBCore/modulos/objetos/entidade/basico/ComoEntidadeSimples;)V+5
j  com.super_bits.modulosSB.webPaginas.JSFManagedBeans.formularios.MB_paginaCadastroEntidades.executarAcaoSelecionada()V+5
j  br.org.carameloCode.erp.crm.paginas.crmAtendimento.PgProspecto.executarAcaoSelecionada()V+1
j  com.super_bits.modulosSB.webPaginas.JSFManagedBeans.formularios.B_Pagina.executaAcaoSelecionadaPorEnum(Lcom/super_bits/modulosSB/SBCore/modulos/fabrica/ComoFabricaAcoes;)V+15
j  br.org.carameloCode.erp.crm.paginas.crmAtendimento.PgProspecto.executarAcao(Lbr/org/carameloCode/erp/modulo/crm/entidadesJPA/prospecto/Pessoa;)V+59
j  br.org.carameloCode.erp.crm.paginas.crmAtendimento.PgProspecto.executarAcao(Lcom/super_bits/modulosSB/SBCore/modulos/objetos/entidade/basico/ComoEntidadeSimples;)V+5
j  com.super_bits.modulosSB.webPaginas.JSFManagedBeans.formularios.MB_paginaCadastroEntidades.executarAcaoSelecionada()V+5
j  br.org.carameloCode.erp.crm.paginas.crmAtendimento.PgProspecto.executarAcaoSelecionada()V+1
j  com.super_bits.modulosSB.webPaginas.JSFManagedBeans.formularios.B_Pagina.executaAcaoSelecionadaPorEnum(Lcom/super_bits/modulosSB/SBCore/modulos/fabrica/ComoFabricaAcoes;)V+15
j  br.org.carameloCode.erp.crm.paginas.crmAtendimento.PgProspecto.executarAcao(Lbr/org/carameloCode/erp/modulo/crm/entidadesJPA/prospecto/Pessoa;)V+59
j  br.org.carameloCode.erp.crm.paginas.crmAtendimento.PgProspecto.executarAcao(Lcom/super_bits/modulosSB/SBCore/modulos/objetos/entidade/basico/ComoEntidadeSimples;)V+5
j  com.super_bits.modulosSB.webPaginas.JSFManagedBeans.formularios.MB_paginaCadastroEntidades.executarAcaoSelecionada()V+5
j  br.org.carameloCode.erp.crm.paginas.crmAtendimento.PgProspecto.executarAcaoSelecionada()V+1
j  com.super_bits.modulosSB.webPaginas.JSFManagedBeans.formularios.B_Pagina.executaAcaoSelecionadaPorEnum(Lcom/super_bits/modulosSB/SBCore/modulos/fabrica/ComoFabricaAcoes;)V+15
j  br.org.carameloCode.erp.crm.paginas.crmAtendimento.PgProspecto.executarAcao(Lbr/org/carameloCode/erp/modulo/crm/entidadesJPA/prospecto/Pessoa;)V+59
j  br.org.carameloCode.erp.crm.paginas.crmAtendimento.PgProspecto.executarAcao(Lcom/super_bits/modulosSB/SBCore/modulos/objetos/entidade/basico/ComoEntidadeSimples;)V+5
j  com.super_bits.modulosSB.webPaginas.JSFManagedBeans.formularios.MB_paginaCadastroEntidades.executarAcaoSelecionada()V+5
j  br.org.carameloCode.erp.crm.paginas.crmAtendimento.PgProspecto.executarAcaoSelecionada()V+1
j  com.super_bits.modulosSB.webPaginas.JSFManagedBeans.formularios.B_Pagina.executaAcaoSelecionadaPorEnum(Lcom/super_bits/modulosSB/SBCore/modulos/fabrica/ComoFabricaAcoes;)V+15
j  br.org.carameloCode.erp.crm.paginas.crmAtendimento.PgProspecto.executarAcao(Lbr/org/carameloCode/erp/modulo/crm/entidadesJPA/prospecto/Pessoa;)V+59
j  br.org.carameloCode.erp.crm.paginas.crmAtendimento.PgProspecto.executarAcao(Lcom/super_bits/modulosSB/SBCore/modulos/objetos/entidade/basico/ComoEntidadeSimples;)V+5
j  com.super_bits.modulosSB.webPaginas.JSFManagedBeans.formularios.MB_paginaCadastroEntidades.executarAcaoSelecionada()V+5
j  br.org.carameloCode.erp.crm.paginas.crmAtendimento.PgProspecto.executarAcaoSelecionada()V+1
j  com.super_bits.modulosSB.webPaginas.JSFManagedBeans.formularios.B_Pagina.executaAcaoSelecionadaPorEnum(Lcom/super_bits/modulosSB/SBCore/modulos/fabrica/ComoFabricaAcoes;)V+15
j  br.org.carameloCode.erp.crm.paginas.crmAtendimento.PgProspecto.executarAcao(Lbr/org/carameloCode/erp/modulo/crm/entidadesJPA/prospecto/Pessoa;)V+59
j  br.org.carameloCode.erp.crm.paginas.crmAtendimento.PgProspecto.executarAcao(Lcom/super_bits/modulosSB/SBCore/modulos/objetos/entidade/basico/ComoEntidadeSimples;)V+5
j  com.super_bits.modulosSB.webPaginas.JSFManagedBeans.formularios.MB_paginaCadastroEntidades.executarAcaoSelecionada()V+5
j  br.org.carameloCode.erp.crm.paginas.crmAtendimento.PgProspecto.executarAcaoSelecionada()V+1
j  com.super_bits.modulosSB.webPaginas.JSFManagedBeans.formularios.B_Pagina.executaAcaoSelecionadaPorEnum(Lcom/super_bits/modulosSB/SBCore/modulos/fabrica/ComoFabricaAcoes;)V+15
j  br.org.carameloCode.erp.crm.paginas.crmAtendimento.PgProspecto.executarAcao(Lbr/org/carameloCode/erp/modulo/crm/entidadesJPA/prospecto/Pessoa;)V+59
j  br.org.carameloCode.erp.crm.paginas.crmAtendimento.PgProspecto.executarAcao(Lcom/super_bits/modulosSB/SBCore/modulos/objetos/entidade/basico/ComoEntidadeSimples;)V+5
j  com.super_bits.modulosSB.webPaginas.JSFManagedBeans.formularios.MB_paginaCadastroEntidades.executarAcaoSelecionada()V+5
j  br.org.carameloCode.erp.crm.paginas.crmAtendimento.PgProspecto.executarAcaoSelecionada()V+1
j  com.super_bits.modulosSB.webPaginas.JSFManagedBeans.formularios.B_Pagina.executaAcaoSelecionadaPorEnum(Lcom/super_bits/modulosSB/SBCore/modulos/fabrica/ComoFabricaAcoes;)V+15
j  br.org.carameloCode.erp.crm.paginas.crmAtendimento.PgProspecto.executarAcao(Lbr/org/carameloCode/erp/modulo/crm/entidadesJPA/prospecto/Pessoa;)V+59
j  br.org.carameloCode.erp.crm.paginas.crmAtendimento.PgProspecto.executarAcao(Lcom/super_bits/modulosSB/SBCore/modulos/objetos/entidade/basico/ComoEntidadeSimples;)V+5
j  com.super_bits.modulosSB.webPaginas.JSFManagedBeans.formularios.MB_paginaCadastroEntidades.executarAcaoSelecionada()V+5
j  br.org.carameloCode.erp.crm.paginas.crmAtendimento.PgProspecto.executarAcaoSelecionada()V+1
j  com.super_bits.modulosSB.webPaginas.JSFManagedBeans.formularios.B_Pagina.executaAcaoSelecionadaPorEnum(Lcom/super_bits/modulosSB/SBCore/modulos/fabrica/ComoFabricaAcoes;)V+15
j  br.org.carameloCode.erp.crm.paginas.crmAtendimento.PgProspecto.executarAcao(Lbr/org/carameloCode/erp/modulo/crm/entidadesJPA/prospecto/Pessoa;)V+59
j  br.org.carameloCode.erp.crm.paginas.crmAtendimento.PgProspecto.executarAcao(Lcom/super_bits/modulosSB/SBCore/modulos/objetos/entidade/basico/ComoEntidadeSimples;)V+5
j  com.super_bits.modulosSB.webPaginas.JSFManagedBeans.formularios.MB_paginaCadastroEntidades.executarAcaoSelecionada()V+5
j  br.org.carameloCode.erp.crm.paginas.crmAtendimento.PgProspecto.executarAcaoSelecionada()V+1
j  com.super_bits.modulosSB.webPaginas.JSFManagedBeans.formularios.B_Pagina.executaAcaoSelecionadaPorEnum(Lcom/super_bits/modulosSB/SBCore/modulos/fabrica/ComoFabricaAcoes;)V+15
j  br.org.carameloCode.erp.crm.paginas.crmAtendimento.PgProspecto.executarAcao(Lbr/org/carameloCode/erp/modulo/crm/entidadesJPA/prospecto/Pessoa;)V+59
j  br.org.carameloCode.erp.crm.paginas.crmAtendimento.PgProspecto.executarAcao(Lcom/super_bits/modulosSB/SBCore/modulos/objetos/entidade/basico/ComoEntidadeSimples;)V+5
j  com.super_bits.modulosSB.webPaginas.JSFManagedBeans.formularios.MB_paginaCadastroEntidades.executarAcaoSelecionada()V+5
j  br.org.carameloCode.erp.crm.paginas.crmAtendimento.PgProspecto.executarAcaoSelecionada()V+1
j  com.super_bits.modulosSB.webPaginas.JSFManagedBeans.formularios.B_Pagina.executaAcaoSelecionadaPorEnum(Lcom/super_bits/modulosSB/SBCore/modulos/fabrica/ComoFabricaAcoes;)V+15
j  br.org.carameloCode.erp.crm.paginas.crmAtendimento.PgProspecto.executarAcao(Lbr/org/carameloCode/erp/modulo/crm/entidadesJPA/prospecto/Pessoa;)V+59
j  br.org.carameloCode.erp.crm.paginas.crmAtendimento.PgProspecto.executarAcao(Lcom/super_bits/modulosSB/SBCore/modulos/objetos/entidade/basico/ComoEntidadeSimples;)V+5
j  com.super_bits.modulosSB.webPaginas.JSFManagedBeans.formularios.MB_paginaCadastroEntidades.executarAcaoSelecionada()V+5
j  br.org.carameloCode.erp.crm.paginas.crmAtendimento.PgProspecto.executarAcaoSelecionada()V+1
j  com.super_bits.modulosSB.webPaginas.JSFManagedBeans.formularios.B_Pagina.executaAcaoSelecionadaPorEnum(Lcom/super_bits/modulosSB/SBCore/modulos/fabrica/ComoFabricaAcoes;)V+15
j  br.org.carameloCode.erp.crm.paginas.crmAtendimento.PgProspecto.executarAcao(Lbr/org/carameloCode/erp/modulo/crm/entidadesJPA/prospecto/Pessoa;)V+59
j  br.org.carameloCode.erp.crm.paginas.crmAtendimento.PgProspecto.executarAcao(Lcom/super_bits/modulosSB/SBCore/modulos/objetos/entidade/basico/ComoEntidadeSimples;)V+5
j  com.super_bits.modulosSB.webPaginas.JSFManagedBeans.formularios.MB_paginaCadastroEntidades.executarAcaoSelecionada()V+5
j  br.org.carameloCode.erp.crm.paginas.crmAtendimento.PgProspecto.executarAcaoSelecionada()V+1
j  com.super_bits.modulosSB.webPaginas.JSFManagedBeans.formularios.B_Pagina.executaAcaoSelecionadaPorEnum(Lcom/super_bits/modulosSB/SBCore/modulos/fabrica/ComoFabricaAcoes;)V+15
j  br.org.carameloCode.erp.crm.paginas.crmAtendimento.PgProspecto.executarAcao(Lbr/org/carameloCode/erp/modulo/crm/entidadesJPA/prospecto/Pessoa;)V+59
j  br.org.carameloCode.erp.crm.paginas.crmAtendimento.PgProspecto.executarAcao(Lcom/super_bits/modulosSB/SBCore/modulos/objetos/entidade/basico/ComoEntidadeSimples;)V+5
j  com.super_bits.modulosSB.webPaginas.JSFManagedBeans.formularios.MB_paginaCadastroEntidades.executarAcaoSelecionada()V+5
j  br.org.carameloCode.erp.crm.paginas.crmAtendimento.PgProspecto.executarAcaoSelecionada()V+1
j  com.super_bits.modulosSB.webPaginas.JSFManagedBeans.formularios.B_Pagina.executaAcaoSelecionadaPorEnum(Lcom/super_bits/modulosSB/SBCore/modulos/fabrica/ComoFabricaAcoes;)V+15
j  br.org.carameloCode.erp.crm.paginas.crmAtendimento.PgProspecto.executarAcao(Lbr/org/carameloCode/erp/modulo/crm/entidadesJPA/prospecto/Pessoa;)V+59
j  br.org.carameloCode.erp.crm.paginas.crmAtendimento.PgProspecto.executarAcao(Lcom/super_bits/modulosSB/SBCore/modulos/objetos/entidade/basico/ComoEntidadeSimples;)V+5
j  com.super_bits.modulosSB.webPaginas.JSFManagedBeans.formularios.MB_paginaCadastroEntidades.executarAcaoSelecionada()V+5
j  br.org.carameloCode.erp.crm.paginas.crmAtendimento.PgProspecto.executarAcaoSelecionada()V+1
j  com.super_bits.modulosSB.webPaginas.JSFManagedBeans.formularios.B_Pagina.executaAcaoSelecionadaPorEnum(Lcom/super_bits/modulosSB/SBCore/modulos/fabrica/ComoFabricaAcoes;)V+15
j  br.org.carameloCode.erp.crm.paginas.crmAtendimento.PgProspecto.executarAcao(Lbr/org/carameloCode/erp/modulo/crm/entidadesJPA/prospecto/Pessoa;)V+59
j  br.org.carameloCode.erp.crm.paginas.crmAtendimento.PgProspecto.executarAcao(Lcom/super_bits/modulosSB/SBCore/modulos/objetos/entidade/basico/ComoEntidadeSimples;)V+5
j  com.super_bits.modulosSB.webPaginas.JSFManagedBeans.formularios.MB_paginaCadastroEntidades.executarAcaoSelecionada()V+5
j  br.org.carameloCode.erp.crm.paginas.crmAtendimento.PgProspecto.executarAcaoSelecionada()V+1
j  com.super_bits.modulosSB.webPaginas.JSFManagedBeans.formularios.B_Pagina.executaAcaoSelecionadaPorEnum(Lcom/super_bits/modulosSB/SBCore/modulos/fabrica/ComoFabricaAcoes;)V+15
j  br.org.carameloCode.erp.crm.paginas.crmAtendimento.PgProspecto.executarAcao(Lbr/org/carameloCode/erp/modulo/crm/entidadesJPA/prospecto/Pessoa;)V+59
j  br.org.carameloCode.erp.crm.paginas.crmAtendimento.PgProspecto.executarAcao(Lcom/super_bits/modulosSB/SBCore/modulos/objetos/entidade/basico/ComoEntidadeSimples;)V+5
j  com.super_bits.modulosSB.webPaginas.JSFManagedBeans.formularios.MB_paginaCadastroEntidades.executarAcaoSelecionada()V+5
j  br.org.carameloCode.erp.crm.paginas.crmAtendimento.PgProspecto.executarAcaoSelecionada()V+1
j  com.super_bits.modulosSB.webPaginas.JSFManagedBeans.formularios.B_Pagina.executaAcaoSelecionadaPorEnum(Lcom/super_bits/modulosSB/SBCore/modulos/fabrica/ComoFabricaAcoes;)V+15
j  br.org.carameloCode.erp.crm.paginas.crmAtendimento.PgProspecto.executarAcao(Lbr/org/carameloCode/erp/modulo/crm/entidadesJPA/prospecto/Pessoa;)V+59
j  br.org.carameloCode.erp.crm.paginas.crmAtendimento.PgProspecto.executarAcao(Lcom/super_bits/modulosSB/SBCore/modulos/objetos/entidade/basico/ComoEntidadeSimples;)V+5
j  com.super_bits.modulosSB.webPaginas.JSFManagedBeans.formularios.MB_paginaCadastroEntidades.executarAcaoSelecionada()V+5
j  br.org.carameloCode.erp.crm.paginas.crmAtendimento.PgProspecto.executarAcaoSelecionada()V+1
j  com.super_bits.modulosSB.webPaginas.JSFManagedBeans.formularios.B_Pagina.executaAcaoSelecionadaPorEnum(Lcom/super_bits/modulosSB/SBCore/modulos/fabrica/ComoFabricaAcoes;)V+15
j  br.org.carameloCode.erp.crm.paginas.crmAtendimento.PgProspecto.executarAcao(Lbr/org/carameloCode/erp/modulo/crm/entidadesJPA/prospecto/Pessoa;)V+59
j  br.org.carameloCode.erp.crm.paginas.crmAtendimento.PgProspecto.executarAcao(Lcom/super_bits/modulosSB/SBCore/modulos/objetos/entidade/basico/ComoEntidadeSimples;)V+5
j  com.super_bits.modulosSB.webPaginas.JSFManagedBeans.formularios.MB_paginaCadastroEntidades.executarAcaoSelecionada()V+5
j  br.org.carameloCode.erp.crm.paginas.crmAtendimento.PgProspecto.executarAcaoSelecionada()V+1
j  com.super_bits.modulosSB.webPaginas.JSFManagedBeans.formularios.B_Pagina.executaAcaoSelecionadaPorEnum(Lcom/super_bits/modulosSB/SBCore/modulos/fabrica/ComoFabricaAcoes;)V+15
j  br.org.carameloCode.erp.crm.paginas.crmAtendimento.PgProspecto.executarAcao(Lbr/org/carameloCode/erp/modulo/crm/entidadesJPA/prospecto/Pessoa;)V+59
j  br.org.carameloCode.erp.crm.paginas.crmAtendimento.PgProspecto.executarAcao(Lcom/super_bits/modulosSB/SBCore/modulos/objetos/entidade/basico/ComoEntidadeSimples;)V+5
j  com.super_bits.modulosSB.webPaginas.JSFManagedBeans.formularios.MB_paginaCadastroEntidades.executarAcaoSelecionada()V+5
j  br.org.carameloCode.erp.crm.paginas.crmAtendimento.PgProspecto.executarAcaoSelecionada()V+1
j  com.super_bits.modulosSB.webPaginas.JSFManagedBeans.formularios.B_Pagina.executaAcaoSelecionadaPorEnum(Lcom/super_bits/modulosSB/SBCore/modulos/fabrica/ComoFabricaAcoes;)V+15
j  br.org.carameloCode.erp.crm.paginas.crmAtendimento.PgProspecto.executarAcao(Lbr/org/carameloCode/erp/modulo/crm/entidadesJPA/prospecto/Pessoa;)V+59
j  br.org.carameloCode.erp.crm.paginas.crmAtendimento.PgProspecto.executarAcao(Lcom/super_bits/modulosSB/SBCore/modulos/objetos/entidade/basico/ComoEntidadeSimples;)V+5
j  com.super_bits.modulosSB.webPaginas.JSFManagedBeans.formularios.MB_paginaCadastroEntidades.executarAcaoSelecionada()V+5
j  br.org.carameloCode.erp.crm.paginas.crmAtendimento.PgProspecto.executarAcaoSelecionada()V+1
j  com.super_bits.modulosSB.webPaginas.JSFManagedBeans.formularios.B_Pagina.executaAcaoSelecionadaPorEnum(Lcom/super_bits/modulosSB/SBCore/modulos/fabrica/ComoFabricaAcoes;)V+15
j  br.org.carameloCode.erp.crm.paginas.crmAtendimento.PgProspecto.executarAcao(Lbr/org/carameloCode/erp/modulo/crm/entidadesJPA/prospecto/Pessoa;)V+59
j  br.org.carameloCode.erp.crm.paginas.crmAtendimento.PgProspecto.executarAcao(Lcom/super_bits/modulosSB/SBCore/modulos/objetos/entidade/basico/ComoEntidadeSimples;)V+5
j  com.super_bits.modulosSB.webPaginas.JSFManagedBeans.formularios.MB_paginaCadastroEntidades.executarAcaoSelecionada()V+5
j  br.org.carameloCode.erp.crm.paginas.crmAtendimento.PgProspecto.executarAcaoSelecionada()V+1
j  com.super_bits.modulosSB.webPaginas.JSFManagedBeans.formularios.B_Pagina.executaAcaoSelecionadaPorEnum(Lcom/super_bits/modulosSB/SBCore/modulos/fabrica/ComoFabricaAcoes;)V+15
j  br.org.carameloCode.erp.crm.paginas.crmAtendimento.PgProspecto.executarAcao(Lbr/org/carameloCode/erp/modulo/crm/entidadesJPA/prospecto/Pessoa;)V+59
j  br.org.carameloCode.erp.crm.paginas.crmAtendimento.PgProspecto.executarAcao(Lcom/super_bits/modulosSB/SBCore/modulos/objetos/entidade/basico/ComoEntidadeSimples;)V+5
j  com.super_bits.modulosSB.webPaginas.JSFManagedBeans.formularios.MB_paginaCadastroEntidades.executarAcaoSelecionada()V+5
j  br.org.carameloCode.erp.crm.paginas.crmAtendimento.PgProspecto.executarAcaoSelecionada()V+1
j  com.super_bits.modulosSB.webPaginas.JSFManagedBeans.formularios.B_Pagina.executaAcaoSelecionadaPorEnum(Lcom/super_bits/modulosSB/SBCore/modulos/fabrica/ComoFabricaAcoes;)V+15
j  br.org.carameloCode.erp.crm.paginas.crmAtendimento.PgProspecto.executarAcao(Lbr/org/carameloCode/erp/modulo/crm/entidadesJPA/prospecto/Pessoa;)V+59
j  br.org.carameloCode.erp.crm.paginas.crmAtendimento.PgProspecto.executarAcao(Lcom/super_bits/modulosSB/SBCore/modulos/objetos/entidade/basico/ComoEntidadeSimples;)V+5
j  com.super_bits.modulosSB.webPaginas.JSFManagedBeans.formularios.MB_paginaCadastroEntidades.executarAcaoSelecionada()V+5
j  br.org.carameloCode.erp.crm.paginas.crmAtendimento.PgProspecto.executarAcaoSelecionada()V+1
j  com.super_bits.modulosSB.webPaginas.JSFManagedBeans.formularios.B_Pagina.executaAcaoSelecionadaPorEnum(Lcom/super_bits/modulosSB/SBCore/modulos/fabrica/ComoFabricaAcoes;)V+15
j  br.org.carameloCode.erp.crm.paginas.crmAtendimento.PgProspecto.executarAcao(Lbr/org/carameloCode/erp/modulo/crm/entidadesJPA/prospecto/Pessoa;)V+59
j  br.org.carameloCode.erp.crm.paginas.crmAtendimento.PgProspecto.executarAcao(Lcom/super_bits/modulosSB/SBCore/modulos/objetos/entidade/basico/ComoEntidadeSimples;)V+5
j  com.super_bits.modulosSB.webPaginas.JSFManagedBeans.formularios.MB_paginaCadastroEntidades.executarAcaoSelecionada()V+5
j  br.org.carameloCode.erp.crm.paginas.crmAtendimento.PgProspecto.executarAcaoSelecionada()V+1
j  com.super_bits.modulosSB.webPaginas.JSFManagedBeans.formularios.B_Pagina.executaAcaoSelecionadaPorEnum(Lcom/super_bits/modulosSB/SBCore/modulos/fabrica/ComoFabricaAcoes;)V+15
j  br.org.carameloCode.erp.crm.paginas.crmAtendimento.PgProspecto.executarAcao(Lbr/org/carameloCode/erp/modulo/crm/entidadesJPA/prospecto/Pessoa;)V+59
j  br.org.carameloCode.erp.crm.paginas.crmAtendimento.PgProspecto.executarAcao(Lcom/super_bits/modulosSB/SBCore/modulos/objetos/entidade/basico/ComoEntidadeSimples;)V+5
j  com.super_bits.modulosSB.webPaginas.JSFManagedBeans.formularios.MB_paginaCadastroEntidades.executarAcaoSelecionada()V+5
j  br.org.carameloCode.erp.crm.paginas.crmAtendimento.PgProspecto.executarAcaoSelecionada()V+1
j  com.super_bits.modulosSB.webPaginas.JSFManagedBeans.formularios.B_Pagina.executaAcaoSelecionadaPorEnum(Lcom/super_bits/modulosSB/SBCore/modulos/fabrica/ComoFabricaAcoes;)V+15
j  br.org.carameloCode.erp.crm.paginas.crmAtendimento.PgProspecto.executarAcao(Lbr/org/carameloCode/erp/modulo/crm/entidadesJPA/prospecto/Pessoa;)V+59
j  br.org.carameloCode.erp.crm.paginas.crmAtendimento.PgProspecto.executarAcao(Lcom/super_bits/modulosSB/SBCore/modulos/objetos/entidade/basico/ComoEntidadeSimples;)V+5
j  com.super_bits.modulosSB.webPaginas.JSFManagedBeans.formularios.MB_paginaCadastroEntidades.executarAcaoSelecionada()V+5
j  br.org.carameloCode.erp.crm.paginas.crmAtendimento.PgProspecto.executarAcaoSelecionada()V+1
j  com.super_bits.modulosSB.webPaginas.JSFManagedBeans.formularios.B_Pagina.executaAcaoSelecionadaPorEnum(Lcom/super_bits/modulosSB/SBCore/modulos/fabrica/ComoFabricaAcoes;)V+15
j  br.org.carameloCode.erp.crm.paginas.crmAtendimento.PgProspecto.executarAcao(Lbr/org/carameloCode/erp/modulo/crm/entidadesJPA/prospecto/Pessoa;)V+59
j  br.org.carameloCode.erp.crm.paginas.crmAtendimento.PgProspecto.executarAcao(Lcom/super_bits/modulosSB/SBCore/modulos/objetos/entidade/basico/ComoEntidadeSimples;)V+5
j  com.super_bits.modulosSB.webPaginas.JSFManagedBeans.formularios.MB_paginaCadastroEntidades.executarAcaoSelecionada()V+5
j  br.org.carameloCode.erp.crm.paginas.crmAtendimento.PgProspecto.executarAcaoSelecionada()V+1
j  com.super_bits.modulosSB.webPaginas.JSFManagedBeans.formularios.B_Pagina.executaAcaoSelecionadaPorEnum(Lcom/super_bits/modulosSB/SBCore/modulos/fabrica/ComoFabricaAcoes;)V+15
j  br.org.carameloCode.erp.crm.paginas.crmAtendimento.PgProspecto.executarAcao(Lbr/org/carameloCode/erp/modulo/crm/entidadesJPA/prospecto/Pessoa;)V+59
j  br.org.carameloCode.erp.crm.paginas.crmAtendimento.PgProspecto.executarAcao(Lcom/super_bits/modulosSB/SBCore/modulos/objetos/entidade/basico/ComoEntidadeSimples;)V+5
j  com.super_bits.modulosSB.webPaginas.JSFManagedBeans.formularios.MB_paginaCadastroEntidades.executarAcaoSelecionada()V+5
j  br.org.carameloCode.erp.crm.paginas.crmAtendimento.PgProspecto.executarAcaoSelecionada()V+1
j  com.super_bits.modulosSB.webPaginas.JSFManagedBeans.formularios.B_Pagina.executaAcaoSelecionadaPorEnum(Lcom/super_bits/modulosSB/SBCore/modulos/fabrica/ComoFabricaAcoes;)V+15
j  br.org.carameloCode.erp.crm.paginas.crmAtendimento.PgProspecto.executarAcao(Lbr/org/carameloCode/erp/modulo/crm/entidadesJPA/prospecto/Pessoa;)V+59
j  br.org.carameloCode.erp.crm.paginas.crmAtendimento.PgProspecto.executarAcao(Lcom/super_bits/modulosSB/SBCore/modulos/objetos/entidade/basico/ComoEntidadeSimples;)V+5
j  com.super_bits.modulosSB.webPaginas.JSFManagedBeans.formularios.MB_paginaCadastroEntidades.executarAcaoSelecionada()V+5
j  br.org.carameloCode.erp.crm.paginas.crmAtendimento.PgProspecto.executarAcaoSelecionada()V+1
j  com.super_bits.modulosSB.webPaginas.JSFManagedBeans.formularios.B_Pagina.executaAcaoSelecionadaPorEnum(Lcom/super_bits/modulosSB/SBCore/modulos/fabrica/ComoFabricaAcoes;)V+15
j  br.org.carameloCode.erp.crm.paginas.crmAtendimento.PgProspecto.executarAcao(Lbr/org/carameloCode/erp/modulo/crm/entidadesJPA/prospecto/Pessoa;)V+59
j  br.org.carameloCode.erp.crm.paginas.crmAtendimento.PgProspecto.executarAcao(Lcom/super_bits/modulosSB/SBCore/modulos/objetos/entidade/basico/ComoEntidadeSimples;)V+5
j  com.super_bits.modulosSB.webPaginas.JSFManagedBeans.formularios.MB_paginaCadastroEntidades.executarAcaoSelecionada()V+5
j  br.org.carameloCode.erp.crm.paginas.crmAtendimento.PgProspecto.executarAcaoSelecionada()V+1
j  com.super_bits.modulosSB.webPaginas.JSFManagedBeans.formularios.B_Pagina.executaAcaoSelecionadaPorEnum(Lcom/super_bits/modulosSB/SBCore/modulos/fabrica/ComoFabricaAcoes;)V+15
j  br.org.carameloCode.erp.crm.paginas.crmAtendimento.PgProspecto.executarAcao(Lbr/org/carameloCode/erp/modulo/crm/entidadesJPA/prospecto/Pessoa;)V+59
j  br.org.carameloCode.erp.crm.paginas.crmAtendimento.PgProspecto.executarAcao(Lcom/super_bits/modulosSB/SBCore/modulos/objetos/entidade/basico/ComoEntidadeSimples;)V+5
j  com.super_bits.modulosSB.webPaginas.JSFManagedBeans.formularios.MB_paginaCadastroEntidades.executarAcaoSelecionada()V+5
j  br.org.carameloCode.erp.crm.paginas.crmAtendimento.PgProspecto.executarAcaoSelecionada()V+1
j  com.super_bits.modulosSB.webPaginas.JSFManagedBeans.formularios.B_Pagina.executaAcaoSelecionadaPorEnum(Lcom/super_bits/modulosSB/SBCore/modulos/fabrica/ComoFabricaAcoes;)V+15
j  br.org.carameloCode.erp.crm.paginas.crmAtendimento.PgProspecto.executarAcao(Lbr/org/carameloCode/erp/modulo/crm/entidadesJPA/prospecto/Pessoa;)V+59
j  br.org.carameloCode.erp.crm.paginas.crmAtendimento.PgProspecto.executarAcao(Lcom/super_bits/modulosSB/SBCore/modulos/objetos/entidade/basico/ComoEntidadeSimples;)V+5
j  com.super_bits.modulosSB.webPaginas.JSFManagedBeans.formularios.MB_paginaCadastroEntidades.executarAcaoSelecionada()V+5
j  br.org.carameloCode.erp.crm.paginas.crmAtendimento.PgProspecto.executarAcaoSelecionada()V+1
j  com.super_bits.modulosSB.webPaginas.JSFManagedBeans.formularios.B_Pagina.executaAcaoSelecionadaPorEnum(Lcom/super_bits/modulosSB/SBCore/modulos/fabrica/ComoFabricaAcoes;)V+15
j  br.org.carameloCode.erp.crm.paginas.crmAtendimento.PgProspecto.executarAcao(Lbr/org/carameloCode/erp/modulo/crm/entidadesJPA/prospecto/Pessoa;)V+59
j  br.org.carameloCode.erp.crm.paginas.crmAtendimento.PgProspecto.executarAcao(Lcom/super_bits/modulosSB/SBCore/modulos/objetos/entidade/basico/ComoEntidadeSimples;)V+5
j  com.super_bits.modulosSB.webPaginas.JSFManagedBeans.formularios.MB_paginaCadastroEntidades.executarAcaoSelecionada()V+5
j  br.org.carameloCode.erp.crm.paginas.crmAtendimento.PgProspecto.executarAcaoSelecionada()V+1
j  com.super_bits.modulosSB.webPaginas.JSFManagedBeans.formularios.B_Pagina.executaAcaoSelecionadaPorEnum(Lcom/super_bits/modulosSB/SBCore/modulos/fabrica/ComoFabricaAcoes;)V+15
j  br.org.carameloCode.erp.crm.paginas.crmAtendimento.PgProspecto.executarAcao(Lbr/org/carameloCode/erp/modulo/crm/entidadesJPA/prospecto/Pessoa;)V+59
j  br.org.carameloCode.erp.crm.paginas.crmAtendimento.PgProspecto.executarAcao(Lcom/super_bits/modulosSB/SBCore/modulos/objetos/entidade/basico/ComoEntidadeSimples;)V+5
j  com.super_bits.modulosSB.webPaginas.JSFManagedBeans.formularios.MB_paginaCadastroEntidades.executarAcaoSelecionada()V+5
j  br.org.carameloCode.erp.crm.paginas.crmAtendimento.PgProspecto.executarAcaoSelecionada()V+1
j  com.super_bits.modulosSB.webPaginas.JSFManagedBeans.formularios.B_Pagina.executaAcaoSelecionadaPorEnum(Lcom/super_bits/modulosSB/SBCore/modulos/fabrica/ComoFabricaAcoes;)V+15
j  br.org.carameloCode.erp.crm.paginas.crmAtendimento.PgProspecto.executarAcao(Lbr/org/carameloCode/erp/modulo/crm/entidadesJPA/prospecto/Pessoa;)V+59
j  br.org.carameloCode.erp.crm.paginas.crmAtendimento.PgProspecto.executarAcao(Lcom/super_bits/modulosSB/SBCore/modulos/objetos/entidade/basico/ComoEntidadeSimples;)V+5
j  com.super_bits.modulosSB.webPaginas.JSFManagedBeans.formularios.MB_paginaCadastroEntidades.executarAcaoSelecionada()V+5
j  br.org.carameloCode.erp.crm.paginas.crmAtendimento.PgProspecto.executarAcaoSelecionada()V+1
j  com.super_bits.modulosSB.webPaginas.JSFManagedBeans.formularios.B_Pagina.executaAcaoSelecionadaPorEnum(Lcom/super_bits/modulosSB/SBCore/modulos/fabrica/ComoFabricaAcoes;)V+15
j  br.org.carameloCode.erp.crm.paginas.crmAtendimento.PgProspecto.executarAcao(Lbr/org/carameloCode/erp/modulo/crm/entidadesJPA/prospecto/Pessoa;)V+59
j  br.org.carameloCode.erp.crm.paginas.crmAtendimento.PgProspecto.executarAcao(Lcom/super_bits/modulosSB/SBCore/modulos/objetos/entidade/basico/ComoEntidadeSimples;)V+5
j  com.super_bits.modulosSB.webPaginas.JSFManagedBeans.formularios.MB_paginaCadastroEntidades.executarAcaoSelecionada()V+5
j  br.org.carameloCode.erp.crm.paginas.crmAtendimento.PgProspecto.executarAcaoSelecionada()V+1
j  com.super_bits.modulosSB.webPaginas.JSFManagedBeans.formularios.B_Pagina.executaAcaoSelecionadaPorEnum(Lcom/super_bits/modulosSB/SBCore/modulos/fabrica/ComoFabricaAcoes;)V+15
j  br.org.carameloCode.erp.crm.paginas.crmAtendimento.PgProspecto.executarAcao(Lbr/org/carameloCode/erp/modulo/crm/entidadesJPA/prospecto/Pessoa;)V+59
j  br.org.carameloCode.erp.crm.paginas.crmAtendimento.PgProspecto.executarAcao(Lcom/super_bits/modulosSB/SBCore/modulos/objetos/entidade/basico/ComoEntidadeSimples;)V+5
j  com.super_bits.modulosSB.webPaginas.JSFManagedBeans.formularios.MB_paginaCadastroEntidades.executarAcaoSelecionada()V+5
j  br.org.carameloCode.erp.crm.paginas.crmAtendimento.PgProspecto.executarAcaoSelecionada()V+1
j  com.super_bits.modulosSB.webPaginas.JSFManagedBeans.formularios.B_Pagina.executaAcaoSelecionadaPorEnum(Lcom/super_bits/modulosSB/SBCore/modulos/fabrica/ComoFabricaAcoes;)V+15
j  br.org.carameloCode.erp.crm.paginas.crmAtendimento.PgProspecto.executarAcao(Lbr/org/carameloCode/erp/modulo/crm/entidadesJPA/prospecto/Pessoa;)V+59
j  br.org.carameloCode.erp.crm.paginas.crmAtendimento.PgProspecto.executarAcao(Lcom/super_bits/modulosSB/SBCore/modulos/objetos/entidade/basico/ComoEntidadeSimples;)V+5
j  com.super_bits.modulosSB.webPaginas.JSFManagedBeans.formularios.MB_paginaCadastroEntidades.executarAcaoSelecionada()V+5
j  br.org.carameloCode.erp.crm.paginas.crmAtendimento.PgProspecto.executarAcaoSelecionada()V+1
j  com.super_bits.modulosSB.webPaginas.JSFManagedBeans.formularios.B_Pagina.executaAcaoSelecionadaPorEnum(Lcom/super_bits/modulosSB/SBCore/modulos/fabrica/ComoFabricaAcoes;)V+15
j  br.org.carameloCode.erp.crm.paginas.crmAtendimento.PgProspecto.executarAcao(Lbr/org/carameloCode/erp/modulo/crm/entidadesJPA/prospecto/Pessoa;)V+59
j  br.org.carameloCode.erp.crm.paginas.crmAtendimento.PgProspecto.executarAcao(Lcom/super_bits/modulosSB/SBCore/modulos/objetos/entidade/basico/ComoEntidadeSimples;)V+5
j  com.super_bits.modulosSB.webPaginas.JSFManagedBeans.formularios.MB_paginaCadastroEntidades.executarAcaoSelecionada()V+5
j  br.org.carameloCode.erp.crm.paginas.crmAtendimento.PgProspecto.executarAcaoSelecionada()V+1
j  com.super_bits.modulosSB.webPaginas.JSFManagedBeans.formularios.B_Pagina.executaAcaoSelecionadaPorEnum(Lcom/super_bits/modulosSB/SBCore/modulos/fabrica/ComoFabricaAcoes;)V+15
j  br.org.carameloCode.erp.crm.paginas.crmAtendimento.PgProspecto.executarAcao(Lbr/org/carameloCode/erp/modulo/crm/entidadesJPA/prospecto/Pessoa;)V+59
j  br.org.carameloCode.erp.crm.paginas.crmAtendimento.PgProspecto.executarAcao(Lcom/super_bits/modulosSB/SBCore/modulos/objetos/entidade/basico/ComoEntidadeSimples;)V+5
j  com.super_bits.modulosSB.webPaginas.JSFManagedBeans.formularios.MB_paginaCadastroEntidades.executarAcaoSelecionada()V+5
j  br.org.carameloCode.erp.crm.paginas.crmAtendimento.PgProspecto.executarAcaoSelecionada()V+1
j  com.super_bits.modulosSB.webPaginas.JSFManagedBeans.formularios.B_Pagina.executaAcaoSelecionadaPorEnum(Lcom/super_bits/modulosSB/SBCore/modulos/fabrica/ComoFabricaAcoes;)V+15
j  br.org.carameloCode.erp.crm.paginas.crmAtendimento.PgProspecto.executarAcao(Lbr/org/carameloCode/erp/modulo/crm/entidadesJPA/prospecto/Pessoa;)V+59
j  br.org.carameloCode.erp.crm.paginas.crmAtendimento.PgProspecto.executarAcao(Lcom/super_bits/modulosSB/SBCore/modulos/objetos/entidade/basico/ComoEntidadeSimples;)V+5
j  com.super_bits.modulosSB.webPaginas.JSFManagedBeans.formularios.MB_paginaCadastroEntidades.executarAcaoSelecionada()V+5
j  br.org.carameloCode.erp.crm.paginas.crmAtendimento.PgProspecto.executarAcaoSelecionada()V+1
j  com.super_bits.modulosSB.webPaginas.JSFManagedBeans.formularios.B_Pagina.executaAcaoSelecionadaPorEnum(Lcom/super_bits/modulosSB/SBCore/modulos/fabrica/ComoFabricaAcoes;)V+15
j  br.org.carameloCode.erp.crm.paginas.crmAtendimento.PgProspecto.executarAcao(Lbr/org/carameloCode/erp/modulo/crm/entidadesJPA/prospecto/Pessoa;)V+59
j  br.org.carameloCode.erp.crm.paginas.crmAtendimento.PgProspecto.executarAcao(Lcom/super_bits/modulosSB/SBCore/modulos/objetos/entidade/basico/ComoEntidadeSimples;)V+5
j  com.super_bits.modulosSB.webPaginas.JSFManagedBeans.formularios.MB_paginaCadastroEntidades.executarAcaoSelecionada()V+5
j  br.org.carameloCode.erp.crm.paginas.crmAtendimento.PgProspecto.executarAcaoSelecionada()V+1
j  com.super_bits.modulosSB.webPaginas.JSFManagedBeans.formularios.B_Pagina.executaAcaoSelecionadaPorEnum(Lcom/super_bits/modulosSB/SBCore/modulos/fabrica/ComoFabricaAcoes;)V+15
j  br.org.carameloCode.erp.crm.paginas.crmAtendimento.PgProspecto.executarAcao(Lbr/org/carameloCode/erp/modulo/crm/entidadesJPA/prospecto/Pessoa;)V+59
j  br.org.carameloCode.erp.crm.paginas.crmAtendimento.PgProspecto.executarAcao(Lcom/super_bits/modulosSB/SBCore/modulos/objetos/entidade/basico/ComoEntidadeSimples;)V+5
j  com.super_bits.modulosSB.webPaginas.JSFManagedBeans.formularios.MB_paginaCadastroEntidades.executarAcaoSelecionada()V+5
j  br.org.carameloCode.erp.crm.paginas.crmAtendimento.PgProspecto.executarAcaoSelecionada()V+1
j  com.super_bits.modulosSB.webPaginas.JSFManagedBeans.formularios.B_Pagina.executaAcaoSelecionadaPorEnum(Lcom/super_bits/modulosSB/SBCore/modulos/fabrica/ComoFabricaAcoes;)V+15
j  br.org.carameloCode.erp.crm.paginas.crmAtendimento.PgProspecto.executarAcao(Lbr/org/carameloCode/erp/modulo/crm/entidadesJPA/prospecto/Pessoa;)V+59
j  br.org.carameloCode.erp.crm.paginas.crmAtendimento.PgProspecto.executarAcao(Lcom/super_bits/modulosSB/SBCore/modulos/objetos/entidade/basico/ComoEntidadeSimples;)V+5
j  com.super_bits.modulosSB.webPaginas.JSFManagedBeans.formularios.MB_paginaCadastroEntidades.executarAcaoSelecionada()V+5
j  br.org.carameloCode.erp.crm.paginas.crmAtendimento.PgProspecto.executarAcaoSelecionada()V+1
j  com.super_bits.modulosSB.webPaginas.JSFManagedBeans.formularios.B_Pagina.executaAcaoSelecionadaPorEnum(Lcom/super_bits/modulosSB/SBCore/modulos/fabrica/ComoFabricaAcoes;)V+15
j  br.org.carameloCode.erp.crm.paginas.crmAtendimento.PgProspecto.executarAcao(Lbr/org/carameloCode/erp/modulo/crm/entidadesJPA/prospecto/Pessoa;)V+59
j  br.org.carameloCode.erp.crm.paginas.crmAtendimento.PgProspecto.executarAcao(Lcom/super_bits/modulosSB/SBCore/modulos/objetos/entidade/basico/ComoEntidadeSimples;)V+5
j  com.super_bits.modulosSB.webPaginas.JSFManagedBeans.formularios.MB_paginaCadastroEntidades.executarAcaoSelecionada()V+5
j  br.org.carameloCode.erp.crm.paginas.crmAtendimento.PgProspecto.executarAcaoSelecionada()V+1
j  com.super_bits.modulosSB.webPaginas.JSFManagedBeans.formularios.B_Pagina.executaAcaoSelecionadaPorEnum(Lcom/super_bits/modulosSB/SBCore/modulos/fabrica/ComoFabricaAcoes;)V+15
j  br.org.carameloCode.erp.crm.paginas.crmAtendimento.PgProspecto.executarAcao(Lbr/org/carameloCode/erp/modulo/crm/entidadesJPA/prospecto/Pessoa;)V+59
j  br.org.carameloCode.erp.crm.paginas.crmAtendimento.PgProspecto.executarAcao(Lcom/super_bits/modulosSB/SBCore/modulos/objetos/entidade/basico/ComoEntidadeSimples;)V+5
j  com.super_bits.modulosSB.webPaginas.JSFManagedBeans.formularios.MB_paginaCadastroEntidades.executarAcaoSelecionada()V+5
j  br.org.carameloCode.erp.crm.paginas.crmAtendimento.PgProspecto.executarAcaoSelecionada()V+1
j  com.super_bits.modulosSB.webPaginas.JSFManagedBeans.formularios.B_Pagina.executaAcaoSelecionadaPorEnum(Lcom/super_bits/modulosSB/SBCore/modulos/fabrica/ComoFabricaAcoes;)V+15
j  br.org.carameloCode.erp.crm.paginas.crmAtendimento.PgProspecto.executarAcao(Lbr/org/carameloCode/erp/modulo/crm/entidadesJPA/prospecto/Pessoa;)V+59
j  br.org.carameloCode.erp.crm.paginas.crmAtendimento.PgProspecto.executarAcao(Lcom/super_bits/modulosSB/SBCore/modulos/objetos/entidade/basico/ComoEntidadeSimples;)V+5
j  com.super_bits.modulosSB.webPaginas.JSFManagedBeans.formularios.MB_paginaCadastroEntidades.executarAcaoSelecionada()V+5
j  br.org.carameloCode.erp.crm.paginas.crmAtendimento.PgProspecto.executarAcaoSelecionada()V+1
j  com.super_bits.modulosSB.webPaginas.JSFManagedBeans.formularios.B_Pagina.executaAcaoSelecionadaPorEnum(Lcom/super_bits/modulosSB/SBCore/modulos/fabrica/ComoFabricaAcoes;)V+15
j  br.org.carameloCode.erp.crm.paginas.crmAtendimento.PgProspecto.executarAcao(Lbr/org/carameloCode/erp/modulo/crm/entidadesJPA/prospecto/Pessoa;)V+59
j  br.org.carameloCode.erp.crm.paginas.crmAtendimento.PgProspecto.executarAcao(Lcom/super_bits/modulosSB/SBCore/modulos/objetos/entidade/basico/ComoEntidadeSimples;)V+5
j  com.super_bits.modulosSB.webPaginas.JSFManagedBeans.formularios.MB_paginaCadastroEntidades.executarAcaoSelecionada()V+5
j  br.org.carameloCode.erp.crm.paginas.crmAtendimento.PgProspecto.executarAcaoSelecionada()V+1
j  com.super_bits.modulosSB.webPaginas.JSFManagedBeans.formularios.B_Pagina.executaAcaoSelecionadaPorEnum(Lcom/super_bits/modulosSB/SBCore/modulos/fabrica/ComoFabricaAcoes;)V+15
j  br.org.carameloCode.erp.crm.paginas.crmAtendimento.PgProspecto.executarAcao(Lbr/org/carameloCode/erp/modulo/crm/entidadesJPA/prospecto/Pessoa;)V+59
j  br.org.carameloCode.erp.crm.paginas.crmAtendimento.PgProspecto.executarAcao(Lcom/super_bits/modulosSB/SBCore/modulos/objetos/entidade/basico/ComoEntidadeSimples;)V+5
j  com.super_bits.modulosSB.webPaginas.JSFManagedBeans.formularios.MB_paginaCadastroEntidades.executarAcaoSelecionada()V+5
j  br.org.carameloCode.erp.crm.paginas.crmAtendimento.PgProspecto.executarAcaoSelecionada()V+1
j  com.super_bits.modulosSB.webPaginas.JSFManagedBeans.formularios.B_Pagina.executaAcaoSelecionadaPorEnum(Lcom/super_bits/modulosSB/SBCore/modulos/fabrica/ComoFabricaAcoes;)V+15
j  br.org.carameloCode.erp.crm.paginas.crmAtendimento.PgProspecto.executarAcao(Lbr/org/carameloCode/erp/modulo/crm/entidadesJPA/prospecto/Pessoa;)V+59
j  br.org.carameloCode.erp.crm.paginas.crmAtendimento.PgProspecto.executarAcao(Lcom/super_bits/modulosSB/SBCore/modulos/objetos/entidade/basico/ComoEntidadeSimples;)V+5
j  com.super_bits.modulosSB.webPaginas.JSFManagedBeans.formularios.MB_paginaCadastroEntidades.executarAcaoSelecionada()V+5
j  br.org.carameloCode.erp.crm.paginas.crmAtendimento.PgProspecto.executarAcaoSelecionada()V+1
j  com.super_bits.modulosSB.webPaginas.JSFManagedBeans.formularios.B_Pagina.executaAcaoSelecionadaPorEnum(Lcom/super_bits/modulosSB/SBCore/modulos/fabrica/ComoFabricaAcoes;)V+15
j  br.org.carameloCode.erp.crm.paginas.crmAtendimento.PgProspecto.executarAcao(Lbr/org/carameloCode/erp/modulo/crm/entidadesJPA/prospecto/Pessoa;)V+59
j  br.org.carameloCode.erp.crm.paginas.crmAtendimento.PgProspecto.executarAcao(Lcom/super_bits/modulosSB/SBCore/modulos/objetos/entidade/basico/ComoEntidadeSimples;)V+5
j  com.super_bits.modulosSB.webPaginas.JSFManagedBeans.formularios.MB_paginaCadastroEntidades.executarAcaoSelecionada()V+5
j  br.org.carameloCode.erp.crm.paginas.crmAtendimento.PgProspecto.executarAcaoSelecionada()V+1
j  com.super_bits.modulosSB.webPaginas.JSFManagedBeans.formularios.B_Pagina.executaAcaoSelecionadaPorEnum(Lcom/super_bits/modulosSB/SBCore/modulos/fabrica/ComoFabricaAcoes;)V+15
j  br.org.carameloCode.erp.crm.paginas.crmAtendimento.PgProspecto.executarAcao(Lbr/org/carameloCode/erp/modulo/crm/entidadesJPA/prospecto/Pessoa;)V+59
j  br.org.carameloCode.erp.crm.paginas.crmAtendimento.PgProspecto.executarAcao(Lcom/super_bits/modulosSB/SBCore/modulos/objetos/entidade/basico/ComoEntidadeSimples;)V+5
j  com.super_bits.modulosSB.webPaginas.JSFManagedBeans.formularios.MB_paginaCadastroEntidades.executarAcaoSelecionada()V+5
j  br.org.carameloCode.erp.crm.paginas.crmAtendimento.PgProspecto.executarAcaoSelecionada()V+1
j  com.super_bits.modulosSB.webPaginas.JSFManagedBeans.formularios.B_Pagina.executaAcaoSelecionadaPorEnum(Lcom/super_bits/modulosSB/SBCore/modulos/fabrica/ComoFabricaAcoes;)V+15
j  br.org.carameloCode.erp.crm.paginas.crmAtendimento.PgProspecto.executarAcao(Lbr/org/carameloCode/erp/modulo/crm/entidadesJPA/prospecto/Pessoa;)V+59
j  br.org.carameloCode.erp.crm.paginas.crmAtendimento.PgProspecto.executarAcao(Lcom/super_bits/modulosSB/SBCore/modulos/objetos/entidade/basico/ComoEntidadeSimples;)V+5
j  com.super_bits.modulosSB.webPaginas.JSFManagedBeans.formularios.MB_paginaCadastroEntidades.executarAcaoSelecionada()V+5
j  br.org.carameloCode.erp.crm.paginas.crmAtendimento.PgProspecto.executarAcaoSelecionada()V+1
j  com.super_bits.modulosSB.webPaginas.JSFManagedBeans.formularios.B_Pagina.executaAcaoSelecionadaPorEnum(Lcom/super_bits/modulosSB/SBCore/modulos/fabrica/ComoFabricaAcoes;)V+15
j  br.org.carameloCode.erp.crm.paginas.crmAtendimento.PgProspecto.executarAcao(Lbr/org/carameloCode/erp/modulo/crm/entidadesJPA/prospecto/Pessoa;)V+59
j  br.org.carameloCode.erp.crm.paginas.crmAtendimento.PgProspecto.executarAcao(Lcom/super_bits/modulosSB/SBCore/modulos/objetos/entidade/basico/ComoEntidadeSimples;)V+5
j  com.super_bits.modulosSB.webPaginas.JSFManagedBeans.formularios.MB_paginaCadastroEntidades.executarAcaoSelecionada()V+5
j  br.org.carameloCode.erp.crm.paginas.crmAtendimento.PgProspecto.executarAcaoSelecionada()V+1
j  com.super_bits.modulosSB.webPaginas.JSFManagedBeans.formularios.B_Pagina.executaAcaoSelecionadaPorEnum(Lcom/super_bits/modulosSB/SBCore/modulos/fabrica/ComoFabricaAcoes;)V+15
j  br.org.carameloCode.erp.crm.paginas.crmAtendimento.PgProspecto.executarAcao(Lbr/org/carameloCode/erp/modulo/crm/entidadesJPA/prospecto/Pessoa;)V+59
j  br.org.carameloCode.erp.crm.paginas.crmAtendimento.PgProspecto.executarAcao(Lcom/super_bits/modulosSB/SBCore/modulos/objetos/entidade/basico/ComoEntidadeSimples;)V+5
j  com.super_bits.modulosSB.webPaginas.JSFManagedBeans.formularios.MB_paginaCadastroEntidades.executarAcaoSelecionada()V+5
j  br.org.carameloCode.erp.crm.paginas.crmAtendimento.PgProspecto.executarAcaoSelecionada()V+1
j  com.super_bits.modulosSB.webPaginas.JSFManagedBeans.formularios.B_Pagina.executaAcaoSelecionadaPorEnum(Lcom/super_bits/modulosSB/SBCore/modulos/fabrica/ComoFabricaAcoes;)V+15
j  br.org.carameloCode.erp.crm.paginas.crmAtendimento.PgProspecto.executarAcao(Lbr/org/carameloCode/erp/modulo/crm/entidadesJPA/prospecto/Pessoa;)V+59
j  br.org.carameloCode.erp.crm.paginas.crmAtendimento.PgProspecto.executarAcao(Lcom/super_bits/modulosSB/SBCore/modulos/objetos/entidade/basico/ComoEntidadeSimples;)V+5
j  com.super_bits.modulosSB.webPaginas.JSFManagedBeans.formularios.MB_paginaCadastroEntidades.executarAcaoSelecionada()V+5
j  br.org.carameloCode.erp.crm.paginas.crmAtendimento.PgProspecto.executarAcaoSelecionada()V+1
j  com.super_bits.modulosSB.webPaginas.JSFManagedBeans.formularios.B_Pagina.executaAcaoSelecionadaPorEnum(Lcom/super_bits/modulosSB/SBCore/modulos/fabrica/ComoFabricaAcoes;)V+15
j  br.org.carameloCode.erp.crm.paginas.crmAtendimento.PgProspecto.executarAcao(Lbr/org/carameloCode/erp/modulo/crm/entidadesJPA/prospecto/Pessoa;)V+59
j  br.org.carameloCode.erp.crm.paginas.crmAtendimento.PgProspecto.executarAcao(Lcom/super_bits/modulosSB/SBCore/modulos/objetos/entidade/basico/ComoEntidadeSimples;)V+5
j  com.super_bits.modulosSB.webPaginas.JSFManagedBeans.formularios.MB_paginaCadastroEntidades.executarAcaoSelecionada()V+5
j  br.org.carameloCode.erp.crm.paginas.crmAtendimento.PgProspecto.executarAcaoSelecionada()V+1
j  com.super_bits.modulosSB.webPaginas.JSFManagedBeans.formularios.B_Pagina.executaAcaoSelecionadaPorEnum(Lcom/super_bits/modulosSB/SBCore/modulos/fabrica/ComoFabricaAcoes;)V+15
j  br.org.carameloCode.erp.crm.paginas.crmAtendimento.PgProspecto.executarAcao(Lbr/org/carameloCode/erp/modulo/crm/entidadesJPA/prospecto/Pessoa;)V+59
j  br.org.carameloCode.erp.crm.paginas.crmAtendimento.PgProspecto.executarAcao(Lcom/super_bits/modulosSB/SBCore/modulos/objetos/entidade/basico/ComoEntidadeSimples;)V+5
j  com.super_bits.modulosSB.webPaginas.JSFManagedBeans.formularios.MB_paginaCadastroEntidades.executarAcaoSelecionada()V+5
j  br.org.carameloCode.erp.crm.paginas.crmAtendimento.PgProspecto.executarAcaoSelecionada()V+1
j  com.super_bits.modulosSB.webPaginas.JSFManagedBeans.formularios.B_Pagina.executaAcaoSelecionadaPorEnum(Lcom/super_bits/modulosSB/SBCore/modulos/fabrica/ComoFabricaAcoes;)V+15
j  br.org.carameloCode.erp.crm.paginas.crmAtendimento.PgProspecto.executarAcao(Lbr/org/carameloCode/erp/modulo/crm/entidadesJPA/prospecto/Pessoa;)V+59
j  br.org.carameloCode.erp.crm.paginas.crmAtendimento.PgProspecto.executarAcao(Lcom/super_bits/modulosSB/SBCore/modulos/objetos/entidade/basico/ComoEntidadeSimples;)V+5
j  com.super_bits.modulosSB.webPaginas.JSFManagedBeans.formularios.MB_paginaCadastroEntidades.executarAcaoSelecionada()V+5
j  br.org.carameloCode.erp.crm.paginas.crmAtendimento.PgProspecto.executarAcaoSelecionada()V+1
j  com.super_bits.modulosSB.webPaginas.JSFManagedBeans.formularios.B_Pagina.executaAcaoSelecionadaPorEnum(Lcom/super_bits/modulosSB/SBCore/modulos/fabrica/ComoFabricaAcoes;)V+15
j  br.org.carameloCode.erp.crm.paginas.crmAtendimento.PgProspecto.executarAcao(Lbr/org/carameloCode/erp/modulo/crm/entidadesJPA/prospecto/Pessoa;)V+59
j  br.org.carameloCode.erp.crm.paginas.crmAtendimento.PgProspecto.executarAcao(Lcom/super_bits/modulosSB/SBCore/modulos/objetos/entidade/basico/ComoEntidadeSimples;)V+5
j  com.super_bits.modulosSB.webPaginas.JSFManagedBeans.formularios.MB_paginaCadastroEntidades.executarAcaoSelecionada()V+5
j  br.org.carameloCode.erp.crm.paginas.crmAtendimento.PgProspecto.executarAcaoSelecionada()V+1
j  com.super_bits.modulosSB.webPaginas.JSFManagedBeans.formularios.B_Pagina.executaAcaoSelecionadaPorEnum(Lcom/super_bits/modulosSB/SBCore/modulos/fabrica/ComoFabricaAcoes;)V+15
j  br.org.carameloCode.erp.crm.paginas.crmAtendimento.PgProspecto.executarAcao(Lbr/org/carameloCode/erp/modulo/crm/entidadesJPA/prospecto/Pessoa;)V+59
j  br.org.carameloCode.erp.crm.paginas.crmAtendimento.PgProspecto.executarAcao(Lcom/super_bits/modulosSB/SBCore/modulos/objetos/entidade/basico/ComoEntidadeSimples;)V+5
j  com.super_bits.modulosSB.webPaginas.JSFManagedBeans.formularios.MB_paginaCadastroEntidades.executarAcaoSelecionada()V+5
j  br.org.carameloCode.erp.crm.paginas.crmAtendimento.PgProspecto.executarAcaoSelecionada()V+1
j  com.super_bits.modulosSB.webPaginas.JSFManagedBeans.formularios.B_Pagina.executaAcaoSelecionadaPorEnum(Lcom/super_bits/modulosSB/SBCore/modulos/fabrica/ComoFabricaAcoes;)V+15
j  br.org.carameloCode.erp.crm.paginas.crmAtendimento.PgProspecto.executarAcao(Lbr/org/carameloCode/erp/modulo/crm/entidadesJPA/prospecto/Pessoa;)V+59
j  br.org.carameloCode.erp.crm.paginas.crmAtendimento.PgProspecto.executarAcao(Lcom/super_bits/modulosSB/SBCore/modulos/objetos/entidade/basico/ComoEntidadeSimples;)V+5
j  com.super_bits.modulosSB.webPaginas.JSFManagedBeans.formularios.MB_paginaCadastroEntidades.executarAcaoSelecionada()V+5
j  br.org.carameloCode.erp.crm.paginas.crmAtendimento.PgProspecto.executarAcaoSelecionada()V+1
j  com.super_bits.modulosSB.webPaginas.JSFManagedBeans.formularios.B_Pagina.executaAcaoSelecionadaPorEnum(Lcom/super_bits/modulosSB/SBCore/modulos/fabrica/ComoFabricaAcoes;)V+15
j  br.org.carameloCode.erp.crm.paginas.crmAtendimento.PgProspecto.executarAcao(Lbr/org/carameloCode/erp/modulo/crm/entidadesJPA/prospecto/Pessoa;)V+59
j  br.org.carameloCode.erp.crm.paginas.crmAtendimento.PgProspecto.executarAcao(Lcom/super_bits/modulosSB/SBCore/modulos/objetos/entidade/basico/ComoEntidadeSimples;)V+5
j  com.super_bits.modulosSB.webPaginas.JSFManagedBeans.formularios.MB_paginaCadastroEntidades.executarAcaoSelecionada()V+5
j  br.org.carameloCode.erp.crm.paginas.crmAtendimento.PgProspecto.executarAcaoSelecionada()V+1
j  com.super_bits.modulosSB.webPaginas.JSFManagedBeans.formularios.B_Pagina.executaAcaoSelecionadaPorEnum(Lcom/super_bits/modulosSB/SBCore/modulos/fabrica/ComoFabricaAcoes;)V+15
j  br.org.carameloCode.erp.crm.paginas.crmAtendimento.PgProspecto.executarAcao(Lbr/org/carameloCode/erp/modulo/crm/entidadesJPA/prospecto/Pessoa;)V+59
j  br.org.carameloCode.erp.crm.paginas.crmAtendimento.PgProspecto.executarAcao(Lcom/super_bits/modulosSB/SBCore/modulos/objetos/entidade/basico/ComoEntidadeSimples;)V+5
j  com.super_bits.modulosSB.webPaginas.JSFManagedBeans.formularios.MB_paginaCadastroEntidades.executarAcaoSelecionada()V+5
j  br.org.carameloCode.erp.crm.paginas.crmAtendimento.PgProspecto.executarAcaoSelecionada()V+1
j  com.super_bits.modulosSB.webPaginas.JSFManagedBeans.formularios.B_Pagina.executaAcaoSelecionadaPorEnum(Lcom/super_bits/modulosSB/SBCore/modulos/fabrica/ComoFabricaAcoes;)V+15
j  br.org.carameloCode.erp.crm.paginas.crmAtendimento.PgProspecto.executarAcao(Lbr/org/carameloCode/erp/modulo/crm/entidadesJPA/prospecto/Pessoa;)V+59
j  br.org.carameloCode.erp.crm.paginas.crmAtendimento.PgProspecto.executarAcao(Lcom/super_bits/modulosSB/SBCore/modulos/objetos/entidade/basico/ComoEntidadeSimples;)V+5
j  com.super_bits.modulosSB.webPaginas.JSFManagedBeans.formularios.MB_paginaCadastroEntidades.executarAcaoSelecionada()V+5
j  br.org.carameloCode.erp.crm.paginas.crmAtendimento.PgProspecto.executarAcaoSelecionada()V+1
j  com.super_bits.modulosSB.webPaginas.JSFManagedBeans.formularios.B_Pagina.executaAcaoSelecionadaPorEnum(Lcom/super_bits/modulosSB/SBCore/modulos/fabrica/ComoFabricaAcoes;)V+15
j  br.org.carameloCode.erp.crm.paginas.crmAtendimento.PgProspecto.executarAcao(Lbr/org/carameloCode/erp/modulo/crm/entidadesJPA/prospecto/Pessoa;)V+59
j  br.org.carameloCode.erp.crm.paginas.crmAtendimento.PgProspecto.executarAcao(Lcom/super_bits/modulosSB/SBCore/modulos/objetos/entidade/basico/ComoEntidadeSimples;)V+5
j  com.super_bits.modulosSB.webPaginas.JSFManagedBeans.formularios.MB_paginaCadastroEntidades.executarAcaoSelecionada()V+5
j  br.org.carameloCode.erp.crm.paginas.crmAtendimento.PgProspecto.executarAcaoSelecionada()V+1
j  com.super_bits.modulosSB.webPaginas.JSFManagedBeans.formularios.B_Pagina.executaAcaoSelecionadaPorEnum(Lcom/super_bits/modulosSB/SBCore/modulos/fabrica/ComoFabricaAcoes;)V+15
j  br.org.carameloCode.erp.crm.paginas.crmAtendimento.PgProspecto.executarAcao(Lbr/org/carameloCode/erp/modulo/crm/entidadesJPA/prospecto/Pessoa;)V+59
j  br.org.carameloCode.erp.crm.paginas.crmAtendimento.PgProspecto.executarAcao(Lcom/super_bits/modulosSB/SBCore/modulos/objetos/entidade/basico/ComoEntidadeSimples;)V+5
j  com.super_bits.modulosSB.webPaginas.JSFManagedBeans.formularios.MB_paginaCadastroEntidades.executarAcaoSelecionada()V+5
j  br.org.carameloCode.erp.crm.paginas.crmAtendimento.PgProspecto.executarAcaoSelecionada()V+1
j  com.super_bits.modulosSB.webPaginas.JSFManagedBeans.formularios.B_Pagina.executaAcaoSelecionadaPorEnum(Lcom/super_bits/modulosSB/SBCore/modulos/fabrica/ComoFabricaAcoes;)V+15
j  br.org.carameloCode.erp.crm.paginas.crmAtendimento.PgProspecto.executarAcao(Lbr/org/carameloCode/erp/modulo/crm/entidadesJPA/prospecto/Pessoa;)V+59
j  br.org.carameloCode.erp.crm.paginas.crmAtendimento.PgProspecto.executarAcao(Lcom/super_bits/modulosSB/SBCore/modulos/objetos/entidade/basico/ComoEntidadeSimples;)V+5
j  com.super_bits.modulosSB.webPaginas.JSFManagedBeans.formularios.MB_paginaCadastroEntidades.executarAcaoSelecionada()V+5
j  br.org.carameloCode.erp.crm.paginas.crmAtendimento.PgProspecto.executarAcaoSelecionada()V+1
j  com.super_bits.modulosSB.webPaginas.JSFManagedBeans.formularios.B_Pagina.executaAcaoSelecionadaPorEnum(Lcom/super_bits/modulosSB/SBCore/modulos/fabrica/ComoFabricaAcoes;)V+15
j  br.org.carameloCode.erp.crm.paginas.crmAtendimento.PgProspecto.executarAcao(Lbr/org/carameloCode/erp/modulo/crm/entidadesJPA/prospecto/Pessoa;)V+59
j  br.org.carameloCode.erp.crm.paginas.crmAtendimento.PgProspecto.executarAcao(Lcom/super_bits/modulosSB/SBCore/modulos/objetos/entidade/basico/ComoEntidadeSimples;)V+5
j  com.super_bits.modulosSB.webPaginas.JSFManagedBeans.formularios.MB_paginaCadastroEntidades.executarAcaoSelecionada()V+5
j  br.org.carameloCode.erp.crm.paginas.crmAtendimento.PgProspecto.executarAcaoSelecionada()V+1
j  com.super_bits.modulosSB.webPaginas.JSFManagedBeans.formularios.B_Pagina.executaAcaoSelecionadaPorEnum(Lcom/super_bits/modulosSB/SBCore/modulos/fabrica/ComoFabricaAcoes;)V+15
j  br.org.carameloCode.erp.crm.paginas.crmAtendimento.PgProspecto.executarAcao(Lbr/org/carameloCode/erp/modulo/crm/entidadesJPA/prospecto/Pessoa;)V+59
j  br.org.carameloCode.erp.crm.paginas.crmAtendimento.PgProspecto.executarAcao(Lcom/super_bits/modulosSB/SBCore/modulos/objetos/entidade/basico/ComoEntidadeSimples;)V+5
j  com.super_bits.modulosSB.webPaginas.JSFManagedBeans.formularios.MB_paginaCadastroEntidades.executarAcaoSelecionada()V+5
j  br.org.carameloCode.erp.crm.paginas.crmAtendimento.PgProspecto.executarAcaoSelecionada()V+1
j  com.super_bits.modulosSB.webPaginas.JSFManagedBeans.formularios.B_Pagina.executaAcaoSelecionadaPorEnum(Lcom/super_bits/modulosSB/SBCore/modulos/fabrica/ComoFabricaAcoes;)V+15
j  br.org.carameloCode.erp.crm.paginas.crmAtendimento.PgProspecto.executarAcao(Lbr/org/carameloCode/erp/modulo/crm/entidadesJPA/prospecto/Pessoa;)V+59
j  br.org.carameloCode.erp.crm.paginas.crmAtendimento.PgProspecto.executarAcao(Lcom/super_bits/modulosSB/SBCore/modulos/objetos/entidade/basico/ComoEntidadeSimples;)V+5
j  com.super_bits.modulosSB.webPaginas.JSFManagedBeans.formularios.MB_paginaCadastroEntidades.executarAcaoSelecionada()V+5
j  br.org.carameloCode.erp.crm.paginas.crmAtendimento.PgProspecto.executarAcaoSelecionada()V+1
j  com.super_bits.modulosSB.webPaginas.JSFManagedBeans.formularios.B_Pagina.executaAcaoSelecionadaPorEnum(Lcom/super_bits/modulosSB/SBCore/modulos/fabrica/ComoFabricaAcoes;)V+15
j  br.org.carameloCode.erp.crm.paginas.crmAtendimento.PgProspecto.executarAcao(Lbr/org/carameloCode/erp/modulo/crm/entidadesJPA/prospecto/Pessoa;)V+59
j  br.org.carameloCode.erp.crm.paginas.crmAtendimento.PgProspecto.executarAcao(Lcom/super_bits/modulosSB/SBCore/modulos/objetos/entidade/basico/ComoEntidadeSimples;)V+5
j  com.super_bits.modulosSB.webPaginas.JSFManagedBeans.formularios.MB_paginaCadastroEntidades.executarAcaoSelecionada()V+5
j  br.org.carameloCode.erp.crm.paginas.crmAtendimento.PgProspecto.executarAcaoSelecionada()V+1
j  com.super_bits.modulosSB.webPaginas.JSFManagedBeans.formularios.B_Pagina.executaAcaoSelecionadaPorEnum(Lcom/super_bits/modulosSB/SBCore/modulos/fabrica/ComoFabricaAcoes;)V+15
j  br.org.carameloCode.erp.crm.paginas.crmAtendimento.PgProspecto.executarAcao(Lbr/org/carameloCode/erp/modulo/crm/entidadesJPA/prospecto/Pessoa;)V+59
j  br.org.carameloCode.erp.crm.paginas.crmAtendimento.PgProspecto.executarAcao(Lcom/super_bits/modulosSB/SBCore/modulos/objetos/entidade/basico/ComoEntidadeSimples;)V+5
j  com.super_bits.modulosSB.webPaginas.JSFManagedBeans.formularios.MB_paginaCadastroEntidades.executarAcaoSelecionada()V+5
j  br.org.carameloCode.erp.crm.paginas.crmAtendimento.PgProspecto.executarAcaoSelecionada()V+1
j  com.super_bits.modulosSB.webPaginas.JSFManagedBeans.formularios.B_Pagina.executaAcaoSelecionadaPorEnum(Lcom/super_bits/modulosSB/SBCore/modulos/fabrica/ComoFabricaAcoes;)V+15
j  br.org.carameloCode.erp.crm.paginas.crmAtendimento.PgProspecto.executarAcao(Lbr/org/carameloCode/erp/modulo/crm/entidadesJPA/prospecto/Pessoa;)V+59
j  br.org.carameloCode.erp.crm.paginas.crmAtendimento.PgProspecto.executarAcao(Lcom/super_bits/modulosSB/SBCore/modulos/objetos/entidade/basico/ComoEntidadeSimples;)V+5
j  com.super_bits.modulosSB.webPaginas.JSFManagedBeans.formularios.MB_paginaCadastroEntidades.executarAcaoSelecionada()V+5
j  br.org.carameloCode.erp.crm.paginas.crmAtendimento.PgProspecto.executarAcaoSelecionada()V+1
j  com.super_bits.modulosSB.webPaginas.JSFManagedBeans.formularios.B_Pagina.executaAcaoSelecionadaPorEnum(Lcom/super_bits/modulosSB/SBCore/modulos/fabrica/ComoFabricaAcoes;)V+15
j  br.org.carameloCode.erp.crm.paginas.crmAtendimento.PgProspecto.executarAcao(Lbr/org/carameloCode/erp/modulo/crm/entidadesJPA/prospecto/Pessoa;)V+59
j  br.org.carameloCode.erp.crm.paginas.crmAtendimento.PgProspecto.executarAcao(Lcom/super_bits/modulosSB/SBCore/modulos/objetos/entidade/basico/ComoEntidadeSimples;)V+5
j  com.super_bits.modulosSB.webPaginas.JSFManagedBeans.formularios.MB_paginaCadastroEntidades.executarAcaoSelecionada()V+5
j  br.org.carameloCode.erp.crm.paginas.crmAtendimento.PgProspecto.executarAcaoSelecionada()V+1
j  com.super_bits.modulosSB.webPaginas.JSFManagedBeans.formularios.B_Pagina.executaAcaoSelecionadaPorEnum(Lcom/super_bits/modulosSB/SBCore/modulos/fabrica/ComoFabricaAcoes;)V+15
j  br.org.carameloCode.erp.crm.paginas.crmAtendimento.PgProspecto.executarAcao(Lbr/org/carameloCode/erp/modulo/crm/entidadesJPA/prospecto/Pessoa;)V+59
j  br.org.carameloCode.erp.crm.paginas.crmAtendimento.PgProspecto.executarAcao(Lcom/super_bits/modulosSB/SBCore/modulos/objetos/entidade/basico/ComoEntidadeSimples;)V+5
j  com.super_bits.modulosSB.webPaginas.JSFManagedBeans.formularios.MB_paginaCadastroEntidades.executarAcaoSelecionada()V+5
j  br.org.carameloCode.erp.crm.paginas.crmAtendimento.PgProspecto.executarAcaoSelecionada()V+1
j  com.super_bits.modulosSB.webPaginas.JSFManagedBeans.formularios.B_Pagina.executaAcaoSelecionadaPorEnum(Lcom/super_bits/modulosSB/SBCore/modulos/fabrica/ComoFabricaAcoes;)V+15
j  br.org.carameloCode.erp.crm.paginas.crmAtendimento.PgProspecto.executarAcao(Lbr/org/carameloCode/erp/modulo/crm/entidadesJPA/prospecto/Pessoa;)V+59
j  br.org.carameloCode.erp.crm.paginas.crmAtendimento.PgProspecto.executarAcao(Lcom/super_bits/modulosSB/SBCore/modulos/objetos/entidade/basico/ComoEntidadeSimples;)V+5
j  com.super_bits.modulosSB.webPaginas.JSFManagedBeans.formularios.MB_paginaCadastroEntidades.executarAcaoSelecionada()V+5
j  br.org.carameloCode.erp.crm.paginas.crmAtendimento.PgProspecto.executarAcaoSelecionada()V+1
j  com.super_bits.modulosSB.webPaginas.JSFManagedBeans.formularios.B_Pagina.executaAcaoSelecionadaPorEnum(Lcom/super_bits/modulosSB/SBCore/modulos/fabrica/ComoFabricaAcoes;)V+15
j  br.org.carameloCode.erp.crm.paginas.crmAtendimento.PgProspecto.executarAcao(Lbr/org/carameloCode/erp/modulo/crm/entidadesJPA/prospecto/Pessoa;)V+59
j  br.org.carameloCode.erp.crm.paginas.crmAtendimento.PgProspecto.executarAcao(Lcom/super_bits/modulosSB/SBCore/modulos/objetos/entidade/basico/ComoEntidadeSimples;)V+5
j  com.super_bits.modulosSB.webPaginas.JSFManagedBeans.formularios.MB_paginaCadastroEntidades.executarAcaoSelecionada()V+5
j  br.org.carameloCode.erp.crm.paginas.crmAtendimento.PgProspecto.executarAcaoSelecionada()V+1
j  com.super_bits.modulosSB.webPaginas.JSFManagedBeans.formularios.B_Pagina.executaAcaoSelecionadaPorEnum(Lcom/super_bits/modulosSB/SBCore/modulos/fabrica/ComoFabricaAcoes;)V+15
j  br.org.carameloCode.erp.crm.paginas.crmAtendimento.PgProspecto.executarAcao(Lbr/org/carameloCode/erp/modulo/crm/entidadesJPA/prospecto/Pessoa;)V+59
j  br.org.carameloCode.erp.crm.paginas.crmAtendimento.PgProspecto.executarAcao(Lcom/super_bits/modulosSB/SBCore/modulos/objetos/entidade/basico/ComoEntidadeSimples;)V+5
j  com.super_bits.modulosSB.webPaginas.JSFManagedBeans.formularios.MB_paginaCadastroEntidades.executarAcaoSelecionada()V+5
j  br.org.carameloCode.erp.crm.paginas.crmAtendimento.PgProspecto.executarAcaoSelecionada()V+1
j  com.super_bits.modulosSB.webPaginas.JSFManagedBeans.formularios.B_Pagina.executaAcaoSelecionadaPorEnum(Lcom/super_bits/modulosSB/SBCore/modulos/fabrica/ComoFabricaAcoes;)V+15
j  br.org.carameloCode.erp.crm.paginas.crmAtendimento.PgProspecto.executarAcao(Lbr/org/carameloCode/erp/modulo/crm/entidadesJPA/prospecto/Pessoa;)V+59
j  br.org.carameloCode.erp.crm.paginas.crmAtendimento.PgProspecto.executarAcao(Lcom/super_bits/modulosSB/SBCore/modulos/objetos/entidade/basico/ComoEntidadeSimples;)V+5
j  com.super_bits.modulosSB.webPaginas.JSFManagedBeans.formularios.MB_paginaCadastroEntidades.executarAcaoSelecionada()V+5
j  br.org.carameloCode.erp.crm.paginas.crmAtendimento.PgProspecto.executarAcaoSelecionada()V+1
j  com.super_bits.modulosSB.webPaginas.JSFManagedBeans.formularios.B_Pagina.executaAcaoSelecionadaPorEnum(Lcom/super_bits/modulosSB/SBCore/modulos/fabrica/ComoFabricaAcoes;)V+15
j  br.org.carameloCode.erp.crm.paginas.crmAtendimento.PgProspecto.executarAcao(Lbr/org/carameloCode/erp/modulo/crm/entidadesJPA/prospecto/Pessoa;)V+59
j  br.org.carameloCode.erp.crm.paginas.crmAtendimento.PgProspecto.executarAcao(Lcom/super_bits/modulosSB/SBCore/modulos/objetos/entidade/basico/ComoEntidadeSimples;)V+5
j  com.super_bits.modulosSB.webPaginas.JSFManagedBeans.formularios.MB_paginaCadastroEntidades.executarAcaoSelecionada()V+5
j  br.org.carameloCode.erp.crm.paginas.crmAtendimento.PgProspecto.executarAcaoSelecionada()V+1
j  com.super_bits.modulosSB.webPaginas.JSFManagedBeans.formularios.B_Pagina.executaAcaoSelecionadaPorEnum(Lcom/super_bits/modulosSB/SBCore/modulos/fabrica/ComoFabricaAcoes;)V+15
j  br.org.carameloCode.erp.crm.paginas.crmAtendimento.PgProspecto.executarAcao(Lbr/org/carameloCode/erp/modulo/crm/entidadesJPA/prospecto/Pessoa;)V+59
j  br.org.carameloCode.erp.crm.paginas.crmAtendimento.PgProspecto.executarAcao(Lcom/super_bits/modulosSB/SBCore/modulos/objetos/entidade/basico/ComoEntidadeSimples;)V+5
j  com.super_bits.modulosSB.webPaginas.JSFManagedBeans.formularios.MB_paginaCadastroEntidades.executarAcaoSelecionada()V+5
j  br.org.carameloCode.erp.crm.paginas.crmAtendimento.PgProspecto.executarAcaoSelecionada()V+1
j  com.super_bits.modulosSB.webPaginas.JSFManagedBeans.formularios.B_Pagina.executaAcaoSelecionadaPorEnum(Lcom/super_bits/modulosSB/SBCore/modulos/fabrica/ComoFabricaAcoes;)V+15
j  br.org.carameloCode.erp.crm.paginas.crmAtendimento.PgProspecto.executarAcao(Lbr/org/carameloCode/erp/modulo/crm/entidadesJPA/prospecto/Pessoa;)V+59
j  br.org.carameloCode.erp.crm.paginas.crmAtendimento.PgProspecto.executarAcao(Lcom/super_bits/modulosSB/SBCore/modulos/objetos/entidade/basico/ComoEntidadeSimples;)V+5
j  com.super_bits.modulosSB.webPaginas.JSFManagedBeans.formularios.MB_paginaCadastroEntidades.executarAcaoSelecionada()V+5
j  br.org.carameloCode.erp.crm.paginas.crmAtendimento.PgProspecto.executarAcaoSelecionada()V+1
j  com.super_bits.modulosSB.webPaginas.JSFManagedBeans.formularios.B_Pagina.executaAcaoSelecionadaPorEnum(Lcom/super_bits/modulosSB/SBCore/modulos/fabrica/ComoFabricaAcoes;)V+15
j  br.org.carameloCode.erp.crm.paginas.crmAtendimento.PgProspecto.executarAcao(Lbr/org/carameloCode/erp/modulo/crm/entidadesJPA/prospecto/Pessoa;)V+59
j  br.org.carameloCode.erp.crm.paginas.crmAtendimento.PgProspecto.executarAcao(Lcom/super_bits/modulosSB/SBCore/modulos/objetos/entidade/basico/ComoEntidadeSimples;)V+5
j  com.super_bits.modulosSB.webPaginas.JSFManagedBeans.formularios.MB_paginaCadastroEntidades.executarAcaoSelecionada()V+5
j  br.org.carameloCode.erp.crm.paginas.crmAtendimento.PgProspecto.executarAcaoSelecionada()V+1
j  com.super_bits.modulosSB.webPaginas.JSFManagedBeans.formularios.B_Pagina.executaAcaoSelecionadaPorEnum(Lcom/super_bits/modulosSB/SBCore/modulos/fabrica/ComoFabricaAcoes;)V+15
j  br.org.carameloCode.erp.crm.paginas.crmAtendimento.PgProspecto.executarAcao(Lbr/org/carameloCode/erp/modulo/crm/entidadesJPA/prospecto/Pessoa;)V+59
j  br.org.carameloCode.erp.crm.paginas.crmAtendimento.PgProspecto.executarAcao(Lcom/super_bits/modulosSB/SBCore/modulos/objetos/entidade/basico/ComoEntidadeSimples;)V+5
j  com.super_bits.modulosSB.webPaginas.JSFManagedBeans.formularios.MB_paginaCadastroEntidades.executarAcaoSelecionada()V+5
j  br.org.carameloCode.erp.crm.paginas.crmAtendimento.PgProspecto.executarAcaoSelecionada()V+1
j  com.super_bits.modulosSB.webPaginas.JSFManagedBeans.formularios.B_Pagina.executaAcaoSelecionadaPorEnum(Lcom/super_bits/modulosSB/SBCore/modulos/fabrica/ComoFabricaAcoes;)V+15
j  br.org.carameloCode.erp.crm.paginas.crmAtendimento.PgProspecto.executarAcao(Lbr/org/carameloCode/erp/modulo/crm/entidadesJPA/prospecto/Pessoa;)V+59
j  br.org.carameloCode.erp.crm.paginas.crmAtendimento.PgProspecto.executarAcao(Lcom/super_bits/modulosSB/SBCore/modulos/objetos/entidade/basico/ComoEntidadeSimples;)V+5
j  com.super_bits.modulosSB.webPaginas.JSFManagedBeans.formularios.MB_paginaCadastroEntidades.executarAcaoSelecionada()V+5
j  br.org.carameloCode.erp.crm.paginas.crmAtendimento.PgProspecto.executarAcaoSelecionada()V+1
j  com.super_bits.modulosSB.webPaginas.JSFManagedBeans.formularios.B_Pagina.executaAcaoSelecionadaPorEnum(Lcom/super_bits/modulosSB/SBCore/modulos/fabrica/ComoFabricaAcoes;)V+15
j  br.org.carameloCode.erp.crm.paginas.crmAtendimento.PgProspecto.executarAcao(Lbr/org/carameloCode/erp/modulo/crm/entidadesJPA/prospecto/Pessoa;)V+59
j  br.org.carameloCode.erp.crm.paginas.crmAtendimento.PgProspecto.executarAcao(Lcom/super_bits/modulosSB/SBCore/modulos/objetos/entidade/basico/ComoEntidadeSimples;)V+5
j  com.super_bits.modulosSB.webPaginas.JSFManagedBeans.formularios.MB_paginaCadastroEntidades.executarAcaoSelecionada()V+5
j  br.org.carameloCode.erp.crm.paginas.crmAtendimento.PgProspecto.executarAcaoSelecionada()V+1
j  com.super_bits.modulosSB.webPaginas.JSFManagedBeans.formularios.B_Pagina.executaAcaoSelecionadaPorEnum(Lcom/super_bits/modulosSB/SBCore/modulos/fabrica/ComoFabricaAcoes;)V+15
j  br.org.carameloCode.erp.crm.paginas.crmAtendimento.PgProspecto.executarAcao(Lbr/org/carameloCode/erp/modulo/crm/entidadesJPA/prospecto/Pessoa;)V+59
j  br.org.carameloCode.erp.crm.paginas.crmAtendimento.PgProspecto.executarAcao(Lcom/super_bits/modulosSB/SBCore/modulos/objetos/entidade/basico/ComoEntidadeSimples;)V+5
j  com.super_bits.modulosSB.webPaginas.JSFManagedBeans.formularios.MB_paginaCadastroEntidades.executarAcaoSelecionada()V+5
j  br.org.carameloCode.erp.crm.paginas.crmAtendimento.PgProspecto.executarAcaoSelecionada()V+1
j  com.super_bits.modulosSB.webPaginas.JSFManagedBeans.formularios.B_Pagina.executaAcaoSelecionadaPorEnum(Lcom/super_bits/modulosSB/SBCore/modulos/fabrica/ComoFabricaAcoes;)V+15
j  br.org.carameloCode.erp.crm.paginas.crmAtendimento.PgProspecto.executarAcao(Lbr/org/carameloCode/erp/modulo/crm/entidadesJPA/prospecto/Pessoa;)V+59
j  br.org.carameloCode.erp.crm.paginas.crmAtendimento.PgProspecto.executarAcao(Lcom/super_bits/modulosSB/SBCore/modulos/objetos/entidade/basico/ComoEntidadeSimples;)V+5
j  com.super_bits.modulosSB.webPaginas.JSFManagedBeans.formularios.MB_paginaCadastroEntidades.executarAcaoSelecionada()V+5
j  br.org.carameloCode.erp.crm.paginas.crmAtendimento.PgProspecto.executarAcaoSelecionada()V+1
j  com.super_bits.modulosSB.webPaginas.JSFManagedBeans.formularios.B_Pagina.executaAcaoSelecionadaPorEnum(Lcom/super_bits/modulosSB/SBCore/modulos/fabrica/ComoFabricaAcoes;)V+15
j  br.org.carameloCode.erp.crm.paginas.crmAtendimento.PgProspecto.executarAcao(Lbr/org/carameloCode/erp/modulo/crm/entidadesJPA/prospecto/Pessoa;)V+59
j  br.org.carameloCode.erp.crm.paginas.crmAtendimento.PgProspecto.executarAcao(Lcom/super_bits/modulosSB/SBCore/modulos/objetos/entidade/basico/ComoEntidadeSimples;)V+5
j  com.super_bits.modulosSB.webPaginas.JSFManagedBeans.formularios.MB_paginaCadastroEntidades.executarAcaoSelecionada()V+5
j  br.org.carameloCode.erp.crm.paginas.crmAtendimento.PgProspecto.executarAcaoSelecionada()V+1
j  com.super_bits.modulosSB.webPaginas.JSFManagedBeans.formularios.B_Pagina.executaAcaoSelecionadaPorEnum(Lcom/super_bits/modulosSB/SBCore/modulos/fabrica/ComoFabricaAcoes;)V+15
j  br.org.carameloCode.erp.crm.paginas.crmAtendimento.PgProspecto.executarAcao(Lbr/org/carameloCode/erp/modulo/crm/entidadesJPA/prospecto/Pessoa;)V+59
j  br.org.carameloCode.erp.crm.paginas.crmAtendimento.PgProspecto.executarAcao(Lcom/super_bits/modulosSB/SBCore/modulos/objetos/entidade/basico/ComoEntidadeSimples;)V+5
j  com.super_bits.modulosSB.webPaginas.JSFManagedBeans.formularios.MB_paginaCadastroEntidades.executarAcaoSelecionada()V+5
j  br.org.carameloCode.erp.crm.paginas.crmAtendimento.PgProspecto.executarAcaoSelecionada()V+1
j  com.super_bits.modulosSB.webPaginas.JSFManagedBeans.formularios.B_Pagina.executaAcaoSelecionadaPorEnum(Lcom/super_bits/modulosSB/SBCore/modulos/fabrica/ComoFabricaAcoes;)V+15
j  br.org.carameloCode.erp.crm.paginas.crmAtendimento.PgProspecto.executarAcao(Lbr/org/carameloCode/erp/modulo/crm/entidadesJPA/prospecto/Pessoa;)V+59
j  br.org.carameloCode.erp.crm.paginas.crmAtendimento.PgProspecto.executarAcao(Lcom/super_bits/modulosSB/SBCore/modulos/objetos/entidade/basico/ComoEntidadeSimples;)V+5
j  com.super_bits.modulosSB.webPaginas.JSFManagedBeans.formularios.MB_paginaCadastroEntidades.executarAcaoSelecionada()V+5
j  br.org.carameloCode.erp.crm.paginas.crmAtendimento.PgProspecto.executarAcaoSelecionada()V+1
j  com.super_bits.modulosSB.webPaginas.JSFManagedBeans.formularios.B_Pagina.executaAcaoSelecionadaPorEnum(Lcom/super_bits/modulosSB/SBCore/modulos/fabrica/ComoFabricaAcoes;)V+15
j  br.org.carameloCode.erp.crm.paginas.crmAtendimento.PgProspecto.executarAcao(Lbr/org/carameloCode/erp/modulo/crm/entidadesJPA/prospecto/Pessoa;)V+59
j  br.org.carameloCode.erp.crm.paginas.crmAtendimento.PgProspecto.executarAcao(Lcom/super_bits/modulosSB/SBCore/modulos/objetos/entidade/basico/ComoEntidadeSimples;)V+5
j  com.super_bits.modulosSB.webPaginas.JSFManagedBeans.formularios.MB_paginaCadastroEntidades.executarAcaoSelecionada()V+5
j  br.org.carameloCode.erp.crm.paginas.crmAtendimento.PgProspecto.executarAcaoSelecionada()V+1
j  com.super_bits.modulosSB.webPaginas.JSFManagedBeans.formularios.B_Pagina.executaAcaoSelecionadaPorEnum(Lcom/super_bits/modulosSB/SBCore/modulos/fabrica/ComoFabricaAcoes;)V+15
j  br.org.carameloCode.erp.crm.paginas.crmAtendimento.PgProspecto.executarAcao(Lbr/org/carameloCode/erp/modulo/crm/entidadesJPA/prospecto/Pessoa;)V+59
j  br.org.carameloCode.erp.crm.paginas.crmAtendimento.PgProspecto.executarAcao(Lcom/super_bits/modulosSB/SBCore/modulos/objetos/entidade/basico/ComoEntidadeSimples;)V+5
j  com.super_bits.modulosSB.webPaginas.JSFManagedBeans.formularios.MB_paginaCadastroEntidades.executarAcaoSelecionada()V+5
j  br.org.carameloCode.erp.crm.paginas.crmAtendimento.PgProspecto.executarAcaoSelecionada()V+1
j  com.super_bits.modulosSB.webPaginas.JSFManagedBeans.formularios.B_Pagina.executaAcaoSelecionadaPorEnum(Lcom/super_bits/modulosSB/SBCore/modulos/fabrica/ComoFabricaAcoes;)V+15
j  br.org.carameloCode.erp.crm.paginas.crmAtendimento.PgProspecto.executarAcao(Lbr/org/carameloCode/erp/modulo/crm/entidadesJPA/prospecto/Pessoa;)V+59
j  br.org.carameloCode.erp.crm.paginas.crmAtendimento.PgProspecto.executarAcao(Lcom/super_bits/modulosSB/SBCore/modulos/objetos/entidade/basico/ComoEntidadeSimples;)V+5
j  com.super_bits.modulosSB.webPaginas.JSFManagedBeans.formularios.MB_paginaCadastroEntidades.executarAcaoSelecionada()V+5
j  br.org.carameloCode.erp.crm.paginas.crmAtendimento.PgProspecto.executarAcaoSelecionada()V+1
j  com.super_bits.modulosSB.webPaginas.JSFManagedBeans.formularios.B_Pagina.executaAcaoSelecionadaPorEnum(Lcom/super_bits/modulosSB/SBCore/modulos/fabrica/ComoFabricaAcoes;)V+15
j  br.org.carameloCode.erp.crm.paginas.crmAtendimento.PgProspecto.executarAcao(Lbr/org/carameloCode/erp/modulo/crm/entidadesJPA/prospecto/Pessoa;)V+59
j  br.org.carameloCode.erp.crm.paginas.crmAtendimento.PgProspecto.executarAcao(Lcom/super_bits/modulosSB/SBCore/modulos/objetos/entidade/basico/ComoEntidadeSimples;)V+5
j  com.super_bits.modulosSB.webPaginas.JSFManagedBeans.formularios.MB_paginaCadastroEntidades.executarAcaoSelecionada()V+5
j  br.org.carameloCode.erp.crm.paginas.crmAtendimento.PgProspecto.executarAcaoSelecionada()V+1
j  com.super_bits.modulosSB.webPaginas.JSFManagedBeans.formularios.B_Pagina.executaAcaoSelecionadaPorEnum(Lcom/super_bits/modulosSB/SBCore/modulos/fabrica/ComoFabricaAcoes;)V+15
j  br.org.carameloCode.erp.crm.paginas.crmAtendimento.PgProspecto.executarAcao(Lbr/org/carameloCode/erp/modulo/crm/entidadesJPA/prospecto/Pessoa;)V+59
j  br.org.carameloCode.erp.crm.paginas.crmAtendimento.PgProspecto.executarAcao(Lcom/super_bits/modulosSB/SBCore/modulos/objetos/entidade/basico/ComoEntidadeSimples;)V+5
j  com.super_bits.modulosSB.webPaginas.JSFManagedBeans.formularios.MB_paginaCadastroEntidades.executarAcaoSelecionada()V+5
j  br.org.carameloCode.erp.crm.paginas.crmAtendimento.PgProspecto.executarAcaoSelecionada()V+1
j  com.super_bits.modulosSB.webPaginas.JSFManagedBeans.formularios.B_Pagina.executaAcaoSelecionadaPorEnum(Lcom/super_bits/modulosSB/SBCore/modulos/fabrica/ComoFabricaAcoes;)V+15
j  br.org.carameloCode.erp.crm.paginas.crmAtendimento.PgProspecto.executarAcao(Lbr/org/carameloCode/erp/modulo/crm/entidadesJPA/prospecto/Pessoa;)V+59
j  br.org.carameloCode.erp.crm.paginas.crmAtendimento.PgProspecto.executarAcao(Lcom/super_bits/modulosSB/SBCore/modulos/objetos/entidade/basico/ComoEntidadeSimples;)V+5
j  com.super_bits.modulosSB.webPaginas.JSFManagedBeans.formularios.MB_paginaCadastroEntidades.executarAcaoSelecionada()V+5
j  br.org.carameloCode.erp.crm.paginas.crmAtendimento.PgProspecto.executarAcaoSelecionada()V+1
j  com.super_bits.modulosSB.webPaginas.JSFManagedBeans.formularios.B_Pagina.executaAcaoSelecionadaPorEnum(Lcom/super_bits/modulosSB/SBCore/modulos/fabrica/ComoFabricaAcoes;)V+15
j  br.org.carameloCode.erp.crm.paginas.crmAtendimento.PgProspecto.executarAcao(Lbr/org/carameloCode/erp/modulo/crm/entidadesJPA/prospecto/Pessoa;)V+59
j  br.org.carameloCode.erp.crm.paginas.crmAtendimento.PgProspecto.executarAcao(Lcom/super_bits/modulosSB/SBCore/modulos/objetos/entidade/basico/ComoEntidadeSimples;)V+5
j  com.super_bits.modulosSB.webPaginas.JSFManagedBeans.formularios.MB_paginaCadastroEntidades.executarAcaoSelecionada()V+5
j  br.org.carameloCode.erp.crm.paginas.crmAtendimento.PgProspecto.executarAcaoSelecionada()V+1
j  com.super_bits.modulosSB.webPaginas.JSFManagedBeans.formularios.B_Pagina.executaAcaoSelecionadaPorEnum(Lcom/super_bits/modulosSB/SBCore/modulos/fabrica/ComoFabricaAcoes;)V+15
j  br.org.carameloCode.erp.crm.paginas.crmAtendimento.PgProspecto.executarAcao(Lbr/org/carameloCode/erp/modulo/crm/entidadesJPA/prospecto/Pessoa;)V+59
j  br.org.carameloCode.erp.crm.paginas.crmAtendimento.PgProspecto.executarAcao(Lcom/super_bits/modulosSB/SBCore/modulos/objetos/entidade/basico/ComoEntidadeSimples;)V+5
j  com.super_bits.modulosSB.webPaginas.JSFManagedBeans.formularios.MB_paginaCadastroEntidades.executarAcaoSelecionada()V+5
j  br.org.carameloCode.erp.crm.paginas.crmAtendimento.PgProspecto.executarAcaoSelecionada()V+1
j  com.super_bits.modulosSB.webPaginas.JSFManagedBeans.formularios.B_Pagina.executaAcaoSelecionadaPorEnum(Lcom/super_bits/modulosSB/SBCore/modulos/fabrica/ComoFabricaAcoes;)V+15
j  br.org.carameloCode.erp.crm.paginas.crmAtendimento.PgProspecto.executarAcao(Lbr/org/carameloCode/erp/modulo/crm/entidadesJPA/prospecto/Pessoa;)V+59
j  br.org.carameloCode.erp.crm.paginas.crmAtendimento.PgProspecto.executarAcao(Lcom/super_bits/modulosSB/SBCore/modulos/objetos/entidade/basico/ComoEntidadeSimples;)V+5
j  com.super_bits.modulosSB.webPaginas.JSFManagedBeans.formularios.MB_paginaCadastroEntidades.executarAcaoSelecionada()V+5
j  br.org.carameloCode.erp.crm.paginas.crmAtendimento.PgProspecto.executarAcaoSelecionada()V+1
j  com.super_bits.modulosSB.webPaginas.JSFManagedBeans.formularios.B_Pagina.executaAcaoSelecionadaPorEnum(Lcom/super_bits/modulosSB/SBCore/modulos/fabrica/ComoFabricaAcoes;)V+15
j  br.org.carameloCode.erp.crm.paginas.crmAtendimento.PgProspecto.inicio()V+201
v  ~StubRoutines::call_stub
J 4560  sun.reflect.NativeMethodAccessorImpl.invoke0(Ljava/lang/reflect/Method;Ljava/lang/Object;[Ljava/lang/Object;)Ljava/lang/Object; (0 bytes) @ 0x00007f211a105577 [0x00007f211a105500+0x77]
J 4559 C1 sun.reflect.NativeMethodAccessorImpl.invoke(Ljava/lang/Object;[Ljava/lang/Object;)Ljava/lang/Object; (104 bytes) @ 0x00007f211a0fb0cc [0x00007f211a0f9ec0+0x120c]
J 7871 C2 java.lang.reflect.Method.invoke(Ljava/lang/Object;[Ljava/lang/Object;)Ljava/lang/Object; (62 bytes) @ 0x00007f211a79fd24 [0x00007f211a79fc60+0xc4]
j  org.jboss.weld.injection.producer.DefaultLifecycleCallbackInvoker.invokeMethods(Ljava/util/List;Ljava/lang/Object;)V+34
j  org.jboss.weld.injection.producer.DefaultLifecycleCallbackInvoker.postConstruct(Ljava/lang/Object;Lorg/jboss/weld/injection/producer/Instantiator;)V+26
j  org.jboss.weld.injection.producer.BasicInjectionTarget.postConstruct(Ljava/lang/Object;)V+9
j  org.jboss.weld.bean.ManagedBean.create(Ljavax/enterprise/context/spi/CreationalContext;)Ljava/lang/Object;+46
j  org.jboss.weld.util.bean.IsolatedForwardingBean.create(Ljavax/enterprise/context/spi/CreationalContext;)Ljava/lang/Object;+5
j  com.sun.faces.application.view.ViewScopeContextManager.createBean(Ljavax/faces/context/FacesContext;Ljavax/enterprise/context/spi/Contextual;Ljavax/enterprise/context/spi/CreationalContext;)Ljava/lang/Object;+68
j  com.sun.faces.application.view.ViewScopeContext.get(Ljavax/enterprise/context/spi/Contextual;Ljavax/enterprise/context/spi/CreationalContext;)Ljava/lang/Object;+56
j  org.jboss.weld.context.PassivatingContextWrapper$AbstractPassivatingContextWrapper.get(Ljavax/enterprise/context/spi/Contextual;Ljavax/enterprise/context/spi/CreationalContext;)Ljava/lang/Object;+17
J 16631 C1 org.jboss.weld.bean.ContextualInstanceStrategy$DefaultContextualInstanceStrategy.get(Ljavax/enterprise/inject/spi/Bean;Lorg/jboss/weld/manager/BeanManagerImpl;Ljavax/enterprise/context/spi/CreationalContext;)Ljava/lang/Object; (57 bytes) @ 0x00007f211c040584 [0x00007f211c03fa60+0xb24]
J 15922 C1 org.jboss.weld.manager.BeanManagerImpl.getReference(Ljavax/enterprise/inject/spi/Bean;Ljava/lang/reflect/Type;Ljavax/enterprise/context/spi/CreationalContext;Z)Ljava/lang/Object; (73 bytes) @ 0x00007f211bc5c9cc [0x00007f211bc5b7a0+0x122c]
J 15951 C1 org.jboss.weld.el.AbstractWeldELResolver.lookup(Lorg/jboss/weld/manager/BeanManagerImpl;Ljavax/el/ELContext;Ljava/lang/String;)Ljava/lang/Object; (218 bytes) @ 0x00007f211bc970e4 [0x00007f211bc947a0+0x2944]
J 15825 C1 org.jboss.weld.el.AbstractWeldELResolver.getValue(Ljavax/el/ELContext;Ljava/lang/Object;Ljava/lang/Object;)Ljava/lang/Object; (190 bytes) @ 0x00007f211bc11324 [0x00007f211bc104a0+0xe84]
J 15487 C1 org.jboss.weld.environment.servlet.util.ForwardingELResolver.getValue(Ljavax/el/ELContext;Ljava/lang/Object;Ljava/lang/Object;)Ljava/lang/Object; (11 bytes) @ 0x00007f211b7ca8b4 [0x00007f211b7ca6e0+0x1d4]
J 15486 C1 javax.el.CompositeELResolver.getValue(Ljavax/el/ELContext;Ljava/lang/Object;Ljava/lang/Object;)Ljava/lang/Object; (54 bytes) @ 0x00007f211b7e262c [0x00007f211b7e2400+0x22c]
J 16695 C2 com.sun.faces.el.DemuxCompositeELResolver.getValue(Ljavax/el/ELContext;Ljava/lang/Object;Ljava/lang/Object;)Ljava/lang/Object; (48 bytes) @ 0x00007f211c0d65fc [0x00007f211c0d64a0+0x15c]
J 15428 C1 org.apache.el.parser.AstIdentifier.getValue(Lorg/apache/el/lang/EvaluationContext;)Ljava/lang/Object; (240 bytes) @ 0x00007f211a920994 [0x00007f211a91fc40+0xd54]
J 15473 C1 org.apache.el.ValueExpressionImpl.getValue(Ljavax/el/ELContext;)Ljava/lang/Object; (63 bytes) @ 0x00007f211a48340c [0x00007f211a482f40+0x4cc]
J 16717 C1 com.sun.faces.application.ApplicationImpl.evaluateExpressionGet(Ljavax/faces/context/FacesContext;Ljava/lang/String;Ljava/lang/Class;)Ljava/lang/Object; (11 bytes) @ 0x00007f211c0c2f5c [0x00007f211c0c2b40+0x41c]
J 16716 C1 javax.faces.application.ApplicationWrapper.evaluateExpressionGet(Ljavax/faces/context/FacesContext;Ljava/lang/String;Ljava/lang/Class;)Ljava/lang/Object; (11 bytes) @ 0x00007f211c0c2774 [0x00007f211c0c25a0+0x1d4]
J 15476 C1 com.super_bits.modulosSB.webPaginas.util.UtilSBWPServletTools.getBeanByNamed(Ljava/lang/String;Ljava/lang/Class;Z)Ljava/lang/Object; (109 bytes) @ 0x00007f211b7e64bc [0x00007f211b7e5cc0+0x7fc]
j  com.super_bits.modulosSB.webPaginas.util.UtilSBWPServletTools.getBeanByNamed(Ljava/lang/String;Ljava/lang/Class;)Ljava/lang/Object;+3
j  com.super_bits.modulosSB.webPaginas.JSFManagedBeans.siteMap.MB_SiteMapa.getPaginaNoContexto(Ljava/lang/String;)Lcom/super_bits/modulosSB/webPaginas/JSFManagedBeans/formularios/interfaces/ItfB_PaginaSimples;+116
j  br.org.carameloCode.erp.crm.config.SiteMap$Proxy$_$$_WeldClientProxy.getPaginaNoContexto(Ljava/lang/String;)Lcom/super_bits/modulosSB/webPaginas/JSFManagedBeans/formularios/interfaces/ItfB_PaginaSimples;+29
j  com.super_bits.modulosSB.webPaginas.JSFManagedBeans.formularios.MB_PaginaAtual.init()V+124
v  ~StubRoutines::call_stub
J 4560  sun.reflect.NativeMethodAccessorImpl.invoke0(Ljava/lang/reflect/Method;Ljava/lang/Object;[Ljava/lang/Object;)Ljava/lang/Object; (0 bytes) @ 0x00007f211a105577 [0x00007f211a105500+0x77]
J 4559 C1 sun.reflect.NativeMethodAccessorImpl.invoke(Ljava/lang/Object;[Ljava/lang/Object;)Ljava/lang/Object; (104 bytes) @ 0x00007f211a0fb0cc [0x00007f211a0f9ec0+0x120c]
J 7871 C2 java.lang.reflect.Method.invoke(Ljava/lang/Object;[Ljava/lang/Object;)Ljava/lang/Object; (62 bytes) @ 0x00007f211a79fd24 [0x00007f211a79fc60+0xc4]
j  org.jboss.weld.injection.producer.DefaultLifecycleCallbackInvoker.invokeMethods(Ljava/util/List;Ljava/lang/Object;)V+34
j  org.jboss.weld.injection.producer.DefaultLifecycleCallbackInvoker.postConstruct(Ljava/lang/Object;Lorg/jboss/weld/injection/producer/Instantiator;)V+26
j  org.jboss.weld.injection.producer.BasicInjectionTarget.postConstruct(Ljava/lang/Object;)V+9
j  org.jboss.weld.bean.ManagedBean.create(Ljavax/enterprise/context/spi/CreationalContext;)Ljava/lang/Object;+46
j  org.jboss.weld.util.bean.IsolatedForwardingBean.create(Ljavax/enterprise/context/spi/CreationalContext;)Ljava/lang/Object;+5
j  com.sun.faces.application.view.ViewScopeContextManager.createBean(Ljavax/faces/context/FacesContext;Ljavax/enterprise/context/spi/Contextual;Ljavax/enterprise/context/spi/CreationalContext;)Ljava/lang/Object;+68
j  com.sun.faces.application.view.ViewScopeContext.get(Ljavax/enterprise/context/spi/Contextual;Ljavax/enterprise/context/spi/CreationalContext;)Ljava/lang/Object;+56
j  org.jboss.weld.context.PassivatingContextWrapper$AbstractPassivatingContextWrapper.get(Ljavax/enterprise/context/spi/Contextual;Ljavax/enterprise/context/spi/CreationalContext;)Ljava/lang/Object;+17
J 16631 C1 org.jboss.weld.bean.ContextualInstanceStrategy$DefaultContextualInstanceStrategy.get(Ljavax/enterprise/inject/spi/Bean;Lorg/jboss/weld/manager/BeanManagerImpl;Ljavax/enterprise/context/spi/CreationalContext;)Ljava/lang/Object; (57 bytes) @ 0x00007f211c040584 [0x00007f211c03fa60+0xb24]
J 15922 C1 org.jboss.weld.manager.BeanManagerImpl.getReference(Ljavax/enterprise/inject/spi/Bean;Ljava/lang/reflect/Type;Ljavax/enterprise/context/spi/CreationalContext;Z)Ljava/lang/Object; (73 bytes) @ 0x00007f211bc5c9cc [0x00007f211bc5b7a0+0x122c]
J 15951 C1 org.jboss.weld.el.AbstractWeldELResolver.lookup(Lorg/jboss/weld/manager/BeanManagerImpl;Ljavax/el/ELContext;Ljava/lang/String;)Ljava/lang/Object; (218 bytes) @ 0x00007f211bc970e4 [0x00007f211bc947a0+0x2944]
J 15825 C1 org.jboss.weld.el.AbstractWeldELResolver.getValue(Ljavax/el/ELContext;Ljava/lang/Object;Ljava/lang/Object;)Ljava/lang/Object; (190 bytes) @ 0x00007f211bc11324 [0x00007f211bc104a0+0xe84]
J 15487 C1 org.jboss.weld.environment.servlet.util.ForwardingELResolver.getValue(Ljavax/el/ELContext;Ljava/lang/Object;Ljava/lang/Object;)Ljava/lang/Object; (11 bytes) @ 0x00007f211b7ca8b4 [0x00007f211b7ca6e0+0x1d4]
J 15486 C1 javax.el.CompositeELResolver.getValue(Ljavax/el/ELContext;Ljava/lang/Object;Ljava/lang/Object;)Ljava/lang/Object; (54 bytes) @ 0x00007f211b7e262c [0x00007f211b7e2400+0x22c]
J 16695 C2 com.sun.faces.el.DemuxCompositeELResolver.getValue(Ljavax/el/ELContext;Ljava/lang/Object;Ljava/lang/Object;)Ljava/lang/Object; (48 bytes) @ 0x00007f211c0d65fc [0x00007f211c0d64a0+0x15c]
J 15428 C1 org.apache.el.parser.AstIdentifier.getValue(Lorg/apache/el/lang/EvaluationContext;)Ljava/lang/Object; (240 bytes) @ 0x00007f211a920994 [0x00007f211a91fc40+0xd54]
J 15860 C1 org.apache.el.parser.AstValue.getValue(Lorg/apache/el/lang/EvaluationContext;)Ljava/lang/Object; (259 bytes) @ 0x00007f211bc26d9c [0x00007f211bc26c60+0x13c]
J 15473 C1 org.apache.el.ValueExpressionImpl.getValue(Ljavax/el/ELContext;)Ljava/lang/Object; (63 bytes) @ 0x00007f211a48340c [0x00007f211a482f40+0x4cc]
J 15830 C1 org.jboss.weld.el.WeldValueExpression.getValue(Ljavax/el/ELContext;)Ljava/lang/Object; (83 bytes) @ 0x00007f211bc1535c [0x00007f211bc14b00+0x85c]
J 15846 C1 com.sun.faces.facelets.el.TagValueExpression.getValue(Ljavax/el/ELContext;)Ljava/lang/Object; (87 bytes) @ 0x00007f211bc21d44 [0x00007f211bc21c20+0x124]
j  com.sun.faces.facelets.tag.TagAttributeImpl.getObject(Ljavax/faces/view/facelets/FaceletContext;Ljava/lang/Class;)Ljava/lang/Object;+54
J 16490 C1 com.sun.faces.facelets.tag.TagAttributeImpl.getValue(Ljavax/faces/view/facelets/FaceletContext;)Ljava/lang/String; (23 bytes) @ 0x00007f211bf9fcfc [0x00007f211bf9fc00+0xfc]
J 16380 C1 com.sun.faces.facelets.tag.jsf.ComponentTagHandlerDelegateImpl.assignUniqueId(Ljavax/faces/view/facelets/FaceletContext;Ljavax/faces/component/UIComponent;Ljava/lang/String;Ljavax/faces/component/UIComponent;)V (163 bytes) @ 0x00007f211bf26494 [0x00007f211bf24d60+0x1734]
J 15574 C1 com.sun.faces.facelets.tag.jsf.ComponentTagHandlerDelegateImpl.apply(Ljavax/faces/view/facelets/FaceletContext;Ljavax/faces/component/UIComponent;)V (412 bytes) @ 0x00007f211bb0cabc [0x00007f211bb0b640+0x147c]
J 15570 C1 javax.faces.view.facelets.DelegatingMetaTagHandler.apply(Ljavax/faces/view/facelets/FaceletContext;Ljavax/faces/component/UIComponent;)V (10 bytes) @ 0x00007f211b2ad964 [0x00007f211b2ad7a0+0x1c4]
j  com.sun.faces.facelets.tag.ui.DefineHandler.applyDefinition(Ljavax/faces/view/facelets/FaceletContext;Ljavax/faces/component/UIComponent;)V+6
j  com.sun.faces.facelets.tag.ui.CompositionHandler.apply(Ljavax/faces/view/facelets/FaceletContext;Ljavax/faces/component/UIComponent;Ljava/lang/String;)Z+37
j  com.sun.faces.facelets.impl.DefaultFaceletContext$TemplateManager.apply(Ljavax/faces/view/facelets/FaceletContext;Ljavax/faces/component/UIComponent;Ljava/lang/String;)Z+61
j  com.sun.faces.facelets.impl.DefaultFaceletContext.includeDefinition(Ljavax/faces/component/UIComponent;Ljava/lang/String;)Z+63
j  com.sun.faces.facelets.tag.ui.InsertHandler.apply(Ljavax/faces/view/facelets/FaceletContext;Ljavax/faces/component/UIComponent;)V+19
J 16537 C1 javax.faces.view.facelets.CompositeFaceletHandler.apply(Ljavax/faces/view/facelets/FaceletContext;Ljavax/faces/component/UIComponent;)V (30 bytes) @ 0x00007f211bfc706c [0x00007f211bfc6f20+0x14c]
J 15581 C1 javax.faces.view.facelets.DelegatingMetaTagHandler.applyNextHandler(Ljavax/faces/view/facelets/FaceletContext;Ljavax/faces/component/UIComponent;)V (12 bytes) @ 0x00007f211bb1ed2c [0x00007f211bb1ec00+0x12c]
J 15574 C1 com.sun.faces.facelets.tag.jsf.ComponentTagHandlerDelegateImpl.apply(Ljavax/faces/view/facelets/FaceletContext;Ljavax/faces/component/UIComponent;)V (412 bytes) @ 0x00007f211bb0da04 [0x00007f211bb0b640+0x23c4]
J 15570 C1 javax.faces.view.facelets.DelegatingMetaTagHandler.apply(Ljavax/faces/view/facelets/FaceletContext;Ljavax/faces/component/UIComponent;)V (10 bytes) @ 0x00007f211b2ad964 [0x00007f211b2ad7a0+0x1c4]
J 16537 C1 javax.faces.view.facelets.CompositeFaceletHandler.apply(Ljavax/faces/view/facelets/FaceletContext;Ljavax/faces/component/UIComponent;)V (30 bytes) @ 0x00007f211bfc706c [0x00007f211bfc6f20+0x14c]
J 15581 C1 javax.faces.view.facelets.DelegatingMetaTagHandler.applyNextHandler(Ljavax/faces/view/facelets/FaceletContext;Ljavax/faces/component/UIComponent;)V (12 bytes) @ 0x00007f211bb1ed2c [0x00007f211bb1ec00+0x12c]
J 15574 C1 com.sun.faces.facelets.tag.jsf.ComponentTagHandlerDelegateImpl.apply(Ljavax/faces/view/facelets/FaceletContext;Ljavax/faces/component/UIComponent;)V (412 bytes) @ 0x00007f211bb0da04 [0x00007f211bb0b640+0x23c4]
J 15570 C1 javax.faces.view.facelets.DelegatingMetaTagHandler.apply(Ljavax/faces/view/facelets/FaceletContext;Ljavax/faces/component/UIComponent;)V (10 bytes) @ 0x00007f211b2ad964 [0x00007f211b2ad7a0+0x1c4]
J 16537 C1 javax.faces.view.facelets.CompositeFaceletHandler.apply(Ljavax/faces/view/facelets/FaceletContext;Ljavax/faces/component/UIComponent;)V (30 bytes) @ 0x00007f211bfc706c [0x00007f211bfc6f20+0x14c]
j  com.sun.faces.facelets.compiler.NamespaceHandler.apply(Ljavax/faces/view/facelets/FaceletContext;Ljavax/faces/component/UIComponent;)V+33
j  com.sun.faces.facelets.compiler.EncodingHandler.apply(Ljavax/faces/view/facelets/FaceletContext;Ljavax/faces/component/UIComponent;)V+31
j  com.sun.faces.facelets.impl.DefaultFacelet.include(Lcom/sun/faces/facelets/impl/DefaultFaceletContext;Ljavax/faces/component/UIComponent;)V+19
j  com.sun.faces.facelets.impl.DefaultFacelet.include(Lcom/sun/faces/facelets/impl/DefaultFaceletContext;Ljavax/faces/component/UIComponent;Ljava/net/URL;)V+21
j  com.sun.faces.facelets.impl.DefaultFacelet.include(Lcom/sun/faces/facelets/impl/DefaultFaceletContext;Ljavax/faces/component/UIComponent;Ljava/lang/String;)V+59
j  com.sun.faces.facelets.impl.DefaultFaceletContext.includeFacelet(Ljavax/faces/component/UIComponent;Ljava/lang/String;)V+7
j  com.sun.faces.facelets.tag.ui.CompositionHandler.apply(Ljavax/faces/view/facelets/FaceletContext;Ljavax/faces/component/UIComponent;)V+273
j  com.sun.faces.facelets.compiler.NamespaceHandler.apply(Ljavax/faces/view/facelets/FaceletContext;Ljavax/faces/component/UIComponent;)V+33
j  com.sun.faces.facelets.compiler.EncodingHandler.apply(Ljavax/faces/view/facelets/FaceletContext;Ljavax/faces/component/UIComponent;)V+31
j  com.sun.faces.facelets.impl.DefaultFacelet.apply(Ljavax/faces/context/FacesContext;Ljavax/faces/component/UIComponent;)V+50
j  com.sun.faces.application.view.FaceletViewHandlingStrategy.buildView(Ljavax/faces/context/FacesContext;Ljavax/faces/component/UIViewRoot;)V+222
j  com.sun.faces.lifecycle.RenderResponsePhase.execute(Ljavax/faces/context/FacesContext;)V+99
j  com.sun.faces.lifecycle.Phase.doPhase(Ljavax/faces/context/FacesContext;Ljavax/faces/lifecycle/Lifecycle;Ljava/util/ListIterator;)V+68
j  com.sun.faces.lifecycle.LifecycleImpl.render(Ljavax/faces/context/FacesContext;)V+90
j  javax.faces.webapp.FacesServlet.executeLifecyle(Ljavax/faces/context/FacesContext;)V+45
j  javax.faces.webapp.FacesServlet.service(Ljavax/servlet/ServletRequest;Ljavax/servlet/ServletResponse;)V+71
j  org.eclipse.jetty.servlet.ServletHolder.handle(Lorg/eclipse/jetty/server/Request;Ljavax/servlet/ServletRequest;Ljavax/servlet/ServletResponse;)V+129
j  org.eclipse.jetty.servlet.ServletHandler.doHandle(Ljava/lang/String;Lorg/eclipse/jetty/server/Request;Ljavax/servlet/http/HttpServletRequest;Ljavax/servlet/http/HttpServletResponse;)V+209
j  org.eclipse.jetty.server.handler.ScopedHandler.handle(Ljava/lang/String;Lorg/eclipse/jetty/server/Request;Ljavax/servlet/http/HttpServletRequest;Ljavax/servlet/http/HttpServletResponse;)V+32
j  org.eclipse.jetty.security.SecurityHandler.handle(Ljava/lang/String;Lorg/eclipse/jetty/server/Request;Ljavax/servlet/http/HttpServletRequest;Ljavax/servlet/http/HttpServletResponse;)V+669
j  org.eclipse.jetty.server.handler.HandlerWrapper.handle(Ljava/lang/String;Lorg/eclipse/jetty/server/Request;Ljavax/servlet/http/HttpServletRequest;Ljavax/servlet/http/HttpServletResponse;)V+18
j  org.eclipse.jetty.server.handler.ScopedHandler.nextHandle(Ljava/lang/String;Lorg/eclipse/jetty/server/Request;Ljavax/servlet/http/HttpServletRequest;Ljavax/servlet/http/HttpServletResponse;)V+46
j  org.eclipse.jetty.server.session.SessionHandler.doHandle(Ljava/lang/String;Lorg/eclipse/jetty/server/Request;Ljavax/servlet/http/HttpServletRequest;Ljavax/servlet/http/HttpServletResponse;)V+6
j  org.eclipse.jetty.server.handler.ScopedHandler.nextHandle(Ljava/lang/String;Lorg/eclipse/jetty/server/Request;Ljavax/servlet/http/HttpServletRequest;Ljavax/servlet/http/HttpServletResponse;)V+27
j  org.eclipse.jetty.server.handler.ContextHandler.doHandle(Ljava/lang/String;Lorg/eclipse/jetty/server/Request;Ljavax/servlet/http/HttpServletRequest;Ljavax/servlet/http/HttpServletResponse;)V+141
j  org.eclipse.jetty.server.handler.ScopedHandler.nextScope(Ljava/lang/String;Lorg/eclipse/jetty/server/Request;Ljavax/servlet/http/HttpServletRequest;Ljavax/servlet/http/HttpServletResponse;)V+38
j  org.eclipse.jetty.servlet.ServletHandler.doScope(Ljava/lang/String;Lorg/eclipse/jetty/server/Request;Ljavax/servlet/http/HttpServletRequest;Ljavax/servlet/http/HttpServletResponse;)V+188
j  org.eclipse.jetty.server.session.SessionHandler.doScope(Ljava/lang/String;Lorg/eclipse/jetty/server/Request;Ljavax/servlet/http/HttpServletRequest;Ljavax/servlet/http/HttpServletResponse;)V+206
j  org.eclipse.jetty.server.handler.ScopedHandler.nextScope(Ljava/lang/String;Lorg/eclipse/jetty/server/Request;Ljavax/servlet/http/HttpServletRequest;Ljavax/servlet/http/HttpServletResponse;)V+16
j  org.eclipse.jetty.server.handler.ContextHandler.doScope(Ljava/lang/String;Lorg/eclipse/jetty/server/Request;Ljavax/servlet/http/HttpServletRequest;Ljavax/servlet/http/HttpServletResponse;)V+424
j  org.eclipse.jetty.server.handler.ScopedHandler.handle(Ljava/lang/String;Lorg/eclipse/jetty/server/Request;Ljavax/servlet/http/HttpServletRequest;Ljavax/servlet/http/HttpServletResponse;)V+20
j  org.eclipse.jetty.server.Dispatcher.forward(Ljavax/servlet/ServletRequest;Ljavax/servlet/ServletResponse;Ljavax/servlet/DispatcherType;)V+436
j  org.eclipse.jetty.server.Dispatcher.forward(Ljavax/servlet/ServletRequest;Ljavax/servlet/ServletResponse;)V+6
j  com.super_bits.modulosSB.webPaginas.controller.servlets.WebPaginasServlet.carregarFormulario(Ljava/lang/String;Ljavax/servlet/http/HttpServletRequest;Ljavax/servlet/http/HttpServletResponse;)V+44
j  com.super_bits.modulosSB.webPaginas.controller.servlets.WebPaginasServlet.doGet(Ljavax/servlet/http/HttpServletRequest;Ljavax/servlet/http/HttpServletResponse;)V+450
j  javax.servlet.http.HttpServlet.service(Ljavax/servlet/http/HttpServletRequest;Ljavax/servlet/http/HttpServletResponse;)V+35
j  javax.servlet.http.HttpServlet.service(Ljavax/servlet/ServletRequest;Ljavax/servlet/ServletResponse;)V+39
j  org.eclipse.jetty.servlet.ServletHolder.handle(Lorg/eclipse/jetty/server/Request;Ljavax/servlet/ServletRequest;Ljavax/servlet/ServletResponse;)V+129
j  org.eclipse.jetty.servlet.ServletHandler$CachedChain.doFilter(Ljavax/servlet/ServletRequest;Ljavax/servlet/ServletResponse;)V+214
j  org.eclipse.jetty.websocket.server.WebSocketUpgradeFilter.doFilter(Ljavax/servlet/ServletRequest;Ljavax/servlet/ServletResponse;Ljavax/servlet/FilterChain;)V+117
j  org.eclipse.jetty.servlet.ServletHandler$CachedChain.doFilter(Ljavax/servlet/ServletRequest;Ljavax/servlet/ServletResponse;)V+126
j  com.super_bits.modulosSB.webPaginas.controller.listenners.UserPrincipalFilter.doFilter(Ljavax/servlet/ServletRequest;Ljavax/servlet/ServletResponse;Ljavax/servlet/FilterChain;)V+59
j  org.eclipse.jetty.servlet.ServletHandler$CachedChain.doFilter(Ljavax/servlet/ServletRequest;Ljavax/servlet/ServletResponse;)V+90
j  org.eclipse.jetty.servlet.ServletHandler.doHandle(Ljava/lang/String;Lorg/eclipse/jetty/server/Request;Ljavax/servlet/http/HttpServletRequest;Ljavax/servlet/http/HttpServletResponse;)V+194
j  org.eclipse.jetty.server.handler.ScopedHandler.handle(Ljava/lang/String;Lorg/eclipse/jetty/server/Request;Ljavax/servlet/http/HttpServletRequest;Ljavax/servlet/http/HttpServletResponse;)V+32
j  org.eclipse.jetty.security.SecurityHandler.handle(Ljava/lang/String;Lorg/eclipse/jetty/server/Request;Ljavax/servlet/http/HttpServletRequest;Ljavax/servlet/http/HttpServletResponse;)V+553
j  org.eclipse.jetty.server.handler.HandlerWrapper.handle(Ljava/lang/String;Lorg/eclipse/jetty/server/Request;Ljavax/servlet/http/HttpServletRequest;Ljavax/servlet/http/HttpServletResponse;)V+18
j  org.eclipse.jetty.server.handler.ScopedHandler.nextHandle(Ljava/lang/String;Lorg/eclipse/jetty/server/Request;Ljavax/servlet/http/HttpServletRequest;Ljavax/servlet/http/HttpServletResponse;)V+46
j  org.eclipse.jetty.server.session.SessionHandler.doHandle(Ljava/lang/String;Lorg/eclipse/jetty/server/Request;Ljavax/servlet/http/HttpServletRequest;Ljavax/servlet/http/HttpServletResponse;)V+6
j  org.eclipse.jetty.server.handler.ScopedHandler.nextHandle(Ljava/lang/String;Lorg/eclipse/jetty/server/Request;Ljavax/servlet/http/HttpServletRequest;Ljavax/servlet/http/HttpServletResponse;)V+27
j  org.eclipse.jetty.server.handler.ContextHandler.doHandle(Ljava/lang/String;Lorg/eclipse/jetty/server/Request;Ljavax/servlet/http/HttpServletRequest;Ljavax/servlet/http/HttpServletResponse;)V+141
j  org.eclipse.jetty.server.handler.ScopedHandler.nextScope(Ljava/lang/String;Lorg/eclipse/jetty/server/Request;Ljavax/servlet/http/HttpServletRequest;Ljavax/servlet/http/HttpServletResponse;)V+38
j  org.eclipse.jetty.servlet.ServletHandler.doScope(Ljava/lang/String;Lorg/eclipse/jetty/server/Request;Ljavax/servlet/http/HttpServletRequest;Ljavax/servlet/http/HttpServletResponse;)V+188
j  org.eclipse.jetty.server.session.SessionHandler.doScope(Ljava/lang/String;Lorg/eclipse/jetty/server/Request;Ljavax/servlet/http/HttpServletRequest;Ljavax/servlet/http/HttpServletResponse;)V+206
j  org.eclipse.jetty.server.handler.ScopedHandler.nextScope(Ljava/lang/String;Lorg/eclipse/jetty/server/Request;Ljavax/servlet/http/HttpServletRequest;Ljavax/servlet/http/HttpServletResponse;)V+16
j  org.eclipse.jetty.server.handler.ContextHandler.doScope(Ljava/lang/String;Lorg/eclipse/jetty/server/Request;Ljavax/servlet/http/HttpServletRequest;Ljavax/servlet/http/HttpServletResponse;)V+424
j  org.eclipse.jetty.server.handler.ScopedHandler.handle(Ljava/lang/String;Lorg/eclipse/jetty/server/Request;Ljavax/servlet/http/HttpServletRequest;Ljavax/servlet/http/HttpServletResponse;)V+20
j  org.eclipse.jetty.server.handler.ContextHandlerCollection.handle(Ljava/lang/String;Lorg/eclipse/jetty/server/Request;Ljavax/servlet/http/HttpServletRequest;Ljavax/servlet/http/HttpServletResponse;)V+224
j  org.eclipse.jetty.server.handler.HandlerCollection.handle(Ljava/lang/String;Lorg/eclipse/jetty/server/Request;Ljavax/servlet/http/HttpServletRequest;Ljavax/servlet/http/HttpServletResponse;)V+42
j  org.eclipse.jetty.server.handler.HandlerWrapper.handle(Ljava/lang/String;Lorg/eclipse/jetty/server/Request;Ljavax/servlet/http/HttpServletRequest;Ljavax/servlet/http/HttpServletResponse;)V+18
j  org.eclipse.jetty.server.Server.handle(Lorg/eclipse/jetty/server/HttpChannel;)V+141
j  org.eclipse.jetty.server.HttpChannel.handle()Z+317
j  org.eclipse.jetty.server.HttpConnection.onFillable()V+127
j  org.eclipse.jetty.io.AbstractConnection$ReadCallback.succeeded()V+4
j  org.eclipse.jetty.io.FillInterest.fillable()V+57
j  org.eclipse.jetty.io.ChannelEndPoint$2.run()V+7
j  org.eclipse.jetty.util.thread.strategy.EatWhatYouKill.doProduce()Z+395
j  org.eclipse.jetty.util.thread.strategy.EatWhatYouKill.produce()V+47
j  org.eclipse.jetty.util.thread.strategy.EatWhatYouKill.run()V+30
j  org.eclipse.jetty.util.thread.ReservedThreadExecutor$ReservedThread.run()V+323
j  org.eclipse.jetty.util.thread.QueuedThreadPool.runJob(Ljava/lang/Runnable;)V+1
j  org.eclipse.jetty.util.thread.QueuedThreadPool$2.run()V+104
j  java.lang.Thread.run()V+11
v  ~StubRoutines::call_stub

---------------  P R O C E S S  ---------------

Java Threads: ( => current thread )
  0x00007f2034005800 JavaThread "org.netbeans.modules.debugger.jpda.visual AWT Access Loop" daemon [_thread_blocked, id=15176, stack(0x00007f20ee900000,0x00007f20eea00000)]
  0x00007f20286a1800 JavaThread "Image Fetcher 0" daemon [_thread_blocked, id=15171, stack(0x00007f20f4f00000,0x00007f20f5000000)]
  0x00007f202859e800 JavaThread "AWT-XAWT" daemon [_thread_in_native, id=15170, stack(0x00007f20efd00000,0x00007f20efe00000)]
  0x00007f2028582000 JavaThread "Java2D Disposer" daemon [_thread_blocked, id=15169, stack(0x00007f20f6300000,0x00007f20f6400000)]
  0x00007f202843e000 JavaThread "java-sdk-http-connection-reaper" daemon [_thread_blocked, id=15168, stack(0x00007f20f6400000,0x00007f20f6500000)]
  0x00007f209c02e800 JavaThread "Scheduler-2122160471" [_thread_blocked, id=15157, stack(0x00007f20f4e00000,0x00007f20f4f00000)]
  0x00007f2010008000 JavaThread "qtp1035361293-76" [_thread_blocked, id=15144, stack(0x00007f20f5bb7000,0x00007f20f5cb7000)]
=>0x00007f2010004800 JavaThread "qtp1035361293-75" [_thread_in_native, id=15143, stack(0x00007f20f6600000,0x00007f20f6700000)]
  0x00007f20a8016000 JavaThread "Scheduler-774194879" [_thread_blocked, id=15111, stack(0x00007f20f6500000,0x00007f20f6600000)]
  0x00007f1ffc057000 JavaThread "Console scanner" daemon [_thread_blocked, id=15102, stack(0x00007f20f6900000,0x00007f20f6a00000)]
  0x00007f21295fe000 JavaThread "ForkJoinPool.commonPool-worker-2" daemon [_thread_blocked, id=15094, stack(0x00007f20f6800000,0x00007f20f6900000)]
  0x00007f21298e9800 JavaThread "Timer-0" daemon [_thread_blocked, id=15092, stack(0x00007f20f6c00000,0x00007f20f6d00000)]
  0x00007f212afc5800 JavaThread "DefaultQuartzScheduler_QuartzSchedulerThread" [_thread_blocked, id=15091, stack(0x00007f20f6d00000,0x00007f20f6e00000)]
  0x00007f212afbf000 JavaThread "DefaultQuartzScheduler_Worker-10" [_thread_blocked, id=15090, stack(0x00007f20f6e00000,0x00007f20f6f00000)]
  0x00007f212b010000 JavaThread "DefaultQuartzScheduler_Worker-9" [_thread_blocked, id=15089, stack(0x00007f20f6f00000,0x00007f20f7000000)]
  0x00007f212b00e800 JavaThread "DefaultQuartzScheduler_Worker-8" [_thread_blocked, id=15088, stack(0x00007f20f7000000,0x00007f20f7100000)]
  0x00007f212b00c800 JavaThread "DefaultQuartzScheduler_Worker-7" [_thread_blocked, id=15087, stack(0x00007f20f7100000,0x00007f20f7200000)]
  0x00007f212b00b000 JavaThread "DefaultQuartzScheduler_Worker-6" [_thread_blocked, id=15086, stack(0x00007f20f7200000,0x00007f20f7300000)]
  0x00007f212b00a000 JavaThread "DefaultQuartzScheduler_Worker-5" [_thread_blocked, id=15085, stack(0x00007f20f7300000,0x00007f20f7400000)]
  0x00007f212951c800 JavaThread "DefaultQuartzScheduler_Worker-4" [_thread_blocked, id=15084, stack(0x00007f20f7400000,0x00007f20f7500000)]
  0x00007f212951a800 JavaThread "DefaultQuartzScheduler_Worker-3" [_thread_blocked, id=15083, stack(0x00007f20f7500000,0x00007f20f7600000)]
  0x00007f21295b6000 JavaThread "DefaultQuartzScheduler_Worker-2" [_thread_blocked, id=15082, stack(0x00007f20fc012000,0x00007f20fc112000)]
  0x00007f21295b7000 JavaThread "DefaultQuartzScheduler_Worker-1" [_thread_blocked, id=15081, stack(0x00007f20fe118000,0x00007f20fe218000)]
  0x00007f212b5fb000 JavaThread "com%002esuper_bits%002emodulos%0053%0042%002e%0050ersistencia%002eregistro%002epersistidos%002emodulos%002e%0043%0045%0050%002e%0055nidade%0046ederativa.data" [_thread_blocked, id=15057, stack(0x00007f20fc912000,0x00007f20fca12000)]
  0x00007f212b5ad800 JavaThread "default-query-results-region.data" [_thread_blocked, id=15056, stack(0x00007f20fca12000,0x00007f20fcb12000)]
  0x00007f212b59f800 JavaThread "Statistics Thread-Hibernate 0920d834-4887-446b-b3dc-7f206f6f727b-1" daemon [_thread_blocked, id=15055, stack(0x00007f20fe018000,0x00007f20fe118000)]
  0x00007f212b585000 JavaThread "default-update-timestamps-region.data" [_thread_blocked, id=15054, stack(0x00007f20fdf18000,0x00007f20fe018000)]
  0x00007f212b576000 JavaThread "Hibernate 0920d834-4887-446b-b3dc-7f206f6f727b" daemon [_thread_blocked, id=15052, stack(0x00007f20fe318000,0x00007f20fe418000)]
  0x00007f212b39d800 JavaThread "HikariPool-1 housekeeper" daemon [_thread_blocked, id=15050, stack(0x00007f20fe218000,0x00007f20fe318000)]
  0x00007f212ae5f800 JavaThread "mysql-cj-abandoned-connection-cleanup" daemon [_thread_blocked, id=15049, stack(0x00007f20fde18000,0x00007f20fdf18000)]
  0x00007f212a48a000 JavaThread "Scheduler-1935935291" [_thread_blocked, id=15045, stack(0x00007f20fdd18000,0x00007f20fde18000)]
  0x00007f212a7ce800 JavaThread "weld-worker-8" daemon [_thread_blocked, id=15035, stack(0x00007f20fea18000,0x00007f20feb18000)]
  0x00007f212a7cc800 JavaThread "weld-worker-7" daemon [_thread_blocked, id=15034, stack(0x00007f20feb18000,0x00007f20fec18000)]
  0x00007f212a7cb000 JavaThread "weld-worker-6" daemon [_thread_blocked, id=15033, stack(0x00007f20fec18000,0x00007f20fed18000)]
  0x00007f212a7c9000 JavaThread "weld-worker-5" daemon [_thread_blocked, id=15032, stack(0x00007f20fed18000,0x00007f20fee18000)]
  0x00007f212a7c7800 JavaThread "weld-worker-4" daemon [_thread_blocked, id=15031, stack(0x00007f20fee18000,0x00007f20fef18000)]
  0x00007f212a7c6000 JavaThread "weld-worker-3" daemon [_thread_blocked, id=15030, stack(0x00007f20fef18000,0x00007f20ff018000)]
  0x00007f212a7c4800 JavaThread "weld-worker-2" daemon [_thread_blocked, id=15029, stack(0x00007f20ff018000,0x00007f20ff118000)]
  0x00007f212a7c3800 JavaThread "weld-worker-1" daemon [_thread_blocked, id=15028, stack(0x00007f20ff933000,0x00007f20ffa33000)]
  0x00007f2128f75800 JavaThread "qtp1035361293-24" [_thread_blocked, id=15026, stack(0x00007f210c500000,0x00007f210c600000)]
  0x00007f2128f74000 JavaThread "qtp1035361293-23" [_thread_in_native, id=15025, stack(0x00007f210c600000,0x00007f210c700000)]
  0x00007f2128f72000 JavaThread "qtp1035361293-22" [_thread_blocked, id=15024, stack(0x00007f210c700000,0x00007f210c800000)]
  0x00007f212886f000 JavaThread "qtp1035361293-21-acceptor-0@5967487c-ServerConnector@62ccda64{HTTP/1.1,[http/1.1]}{0.0.0.0:8080}" [_thread_in_native, id=15023, stack(0x00007f210cf00000,0x00007f210d000000)]
  0x00007f212886d000 JavaThread "qtp1035361293-20" [_thread_blocked, id=15022, stack(0x00007f210deff000,0x00007f210dfff000)]
  0x00007f212886c000 JavaThread "qtp1035361293-19" [_thread_blocked, id=15021, stack(0x00007f210fb00000,0x00007f210fc00000)]
  0x00007f2129202000 JavaThread "qtp1035361293-18" [_thread_blocked, id=15020, stack(0x00007f210ff00000,0x00007f2110000000)]
  0x00007f2129201000 JavaThread "qtp1035361293-17" [_thread_blocked, id=15019, stack(0x00007f21140fb000,0x00007f21141fb000)]
  0x00007f21280ea800 JavaThread "Service Thread" daemon [_thread_blocked, id=15013, stack(0x00007f21142fc000,0x00007f21143fc000)]
  0x00007f21280de000 JavaThread "C1 CompilerThread3" daemon [_thread_blocked, id=15012, stack(0x00007f21143fd000,0x00007f21144fd000)]
  0x00007f21280dc000 JavaThread "C2 CompilerThread2" daemon [_thread_blocked, id=15011, stack(0x00007f21144fe000,0x00007f21145fe000)]
  0x00007f21280da800 JavaThread "C2 CompilerThread1" daemon [_thread_in_native, id=15010, stack(0x00007f21145ff000,0x00007f21146ff000)]
  0x00007f21280d7800 JavaThread "C2 CompilerThread0" daemon [_thread_blocked, id=15009, stack(0x00007f2114700000,0x00007f2114800000)]
  0x00007f20c4001800 JavaThread "JDWP Command Reader" daemon [_thread_in_native, id=15007, stack(0x00007f2114800000,0x00007f2114900000)]
  0x00007f21280d5000 JavaThread "JDWP Event Helper Thread" daemon [_thread_blocked, id=15006, stack(0x00007f2114900000,0x00007f2114a00000)]
  0x00007f21280d0800 JavaThread "JDWP Transport Listener: dt_socket" daemon [_thread_blocked, id=15004, stack(0x00007f2114c8e000,0x00007f2114d8e000)]
  0x00007f21280c5000 JavaThread "Signal Dispatcher" daemon [_thread_blocked, id=15002, stack(0x00007f2114d8e000,0x00007f2114e8e000)]
  0x00007f2128093000 JavaThread "Finalizer" daemon [_thread_blocked, id=15001, stack(0x00007f2114e8e000,0x00007f2114f8e000)]
  0x00007f2128090800 JavaThread "Reference Handler" daemon [_thread_blocked, id=15000, stack(0x00007f2114f8e000,0x00007f211508e000)]
  0x00007f2128010000 JavaThread "main" [_thread_blocked, id=14990, stack(0x00007f212ec16000,0x00007f212ed16000)]

Other Threads:
  0x00007f2128086800 VMThread [stack: 0x00007f211508f000,0x00007f211518f000] [id=14999]
  0x00007f21280ed000 WatcherThread [stack: 0x00007f21141fc000,0x00007f21142fc000] [id=15014]

VM state:not at safepoint (normal execution)

VM Mutex/Monitor currently owned by a thread: None

OutOfMemory and StackOverflow Exception counts:
StackOverflowErrors=3

heap address: 0x00000006c7400000, size: 3980 MB, Compressed Oops mode: Zero based, Oop shift amount: 3
Narrow klass base: 0x0000000000000000, Narrow klass shift: 3
Compressed class space size: 1073741824 Address: 0x00000007c0000000

Heap:
 PSYoungGen      total 1192960K, used 1102828K [0x000000076d180000, 0x00000007baa80000, 0x00000007c0000000)
  eden space 1161216K, 92% used [0x000000076d180000,0x00000007aeb0a110,0x00000007b3f80000)
  from space 31744K, 88% used [0x00000007b8b80000,0x00000007ba6f0fa0,0x00000007baa80000)
  to   space 54784K, 0% used [0x00000007b3f80000,0x00000007b3f80000,0x00000007b7500000)
 ParOldGen       total 368640K, used 124576K [0x00000006c7400000, 0x00000006ddc00000, 0x000000076d180000)
  object space 368640K, 33% used [0x00000006c7400000,0x00000006ceda8068,0x00000006ddc00000)
 Metaspace       used 132077K, capacity 135154K, committed 135424K, reserved 1167360K
  class space    used 17528K, capacity 18130K, committed 18176K, reserved 1048576K

Card table byte_map: [0x00007f2118479000,0x00007f2118c40000] byte_map_base: 0x00007f2114e3f000

Marking Bits: (ParMarkBitMap*) 0x00007f212e9cbd80
 Begin Bits: [0x00007f20d83a0000, 0x00007f20dc1d0000)
 End Bits:   [0x00007f20dc1d0000, 0x00007f20e0000000)

Polling page: 0x00007f212f113000

CodeCache: size=245760Kb used=50657Kb max_used=50658Kb free=195102Kb
 bounds [0x00007f2119000000, 0x00007f211c1d0000, 0x00007f2128000000]
 total_blobs=15011 nmethods=14110 adapters=820
 compilation: enabled

Compilation events (10 events):
Event: 82,367 Thread 0x00007f21280de000 17710       3       javax.swing.UIManager::getDefaults (10 bytes)
Event: 82,368 Thread 0x00007f21280de000 nmethod 17710 0x00007f211c055d90 code [0x00007f211c055f00, 0x00007f211c056098]
Event: 82,368 Thread 0x00007f21280de000 17712       3       java.beans.PropertyChangeSupport::fire (39 bytes)
Event: 82,368 Thread 0x00007f21280de000 nmethod 17712 0x00007f211c055790 code [0x00007f211c055920, 0x00007f211c055c48]
Event: 82,368 Thread 0x00007f21280de000 17711  s    3       java.beans.ChangeListenerMap::get (25 bytes)
Event: 82,369 Thread 0x00007f21280de000 nmethod 17711 0x00007f211bfefdd0 code [0x00007f211bfeff60, 0x00007f211bff0448]
Event: 82,377 Thread 0x00007f21280de000 17713 %     3       sun.font.FontUtilities::isComplexText @ 2 (38 bytes)
Event: 82,378 Thread 0x00007f21280de000 nmethod 17713% 0x00007f211bfef610 code [0x00007f211bfef7a0, 0x00007f211bfefc28]
Event: 82,378 Thread 0x00007f21280d7800 17714       4       javax.swing.text.GapContent::findSortIndex (128 bytes)
Event: 82,380 Thread 0x00007f21280de000 17715 % !   3       javax.swing.text.PlainDocument::insertUpdate @ 124 (423 bytes)

GC Heap History (10 events):
Event: 20,153 GC heap before
{Heap before GC invocations=20 (full 3):
 PSYoungGen      total 955392K, used 955033K [0x000000076d180000, 0x00000007ac300000, 0x00000007c0000000)
  eden space 926720K, 100% used [0x000000076d180000,0x00000007a5a80000,0x00000007a5a80000)
  from space 28672K, 98% used [0x00000007aa700000,0x00000007ac2a64c0,0x00000007ac300000)
  to   space 33280K, 0% used [0x00000007a8200000,0x00000007a8200000,0x00000007aa280000)
 ParOldGen       total 217088K, used 44123K [0x00000006c7400000, 0x00000006d4800000, 0x000000076d180000)
  object space 217088K, 20% used [0x00000006c7400000,0x00000006c9f16fb8,0x00000006d4800000)
 Metaspace       used 79859K, capacity 81858K, committed 82048K, reserved 1120256K
  class space    used 10881K, capacity 11302K, committed 11392K, reserved 1048576K
Event: 20,171 GC heap after
Heap after GC invocations=20 (full 3):
 PSYoungGen      total 1000448K, used 14610K [0x000000076d180000, 0x00000007b2200000, 0x00000007c0000000)
  eden space 967168K, 0% used [0x000000076d180000,0x000000076d180000,0x00000007a8200000)
  from space 33280K, 43% used [0x00000007a8200000,0x00000007a9044b58,0x00000007aa280000)
  to   space 32256K, 0% used [0x00000007b0280000,0x00000007b0280000,0x00000007b2200000)
 ParOldGen       total 217088K, used 44131K [0x00000006c7400000, 0x00000006d4800000, 0x000000076d180000)
  object space 217088K, 20% used [0x00000006c7400000,0x00000006c9f18fb8,0x00000006d4800000)
 Metaspace       used 79859K, capacity 81858K, committed 82048K, reserved 1120256K
  class space    used 10881K, capacity 11302K, committed 11392K, reserved 1048576K
}
Event: 22,848 GC heap before
{Heap before GC invocations=21 (full 3):
 PSYoungGen      total 1000448K, used 981778K [0x000000076d180000, 0x00000007b2200000, 0x00000007c0000000)
  eden space 967168K, 100% used [0x000000076d180000,0x00000007a8200000,0x00000007a8200000)
  from space 33280K, 43% used [0x00000007a8200000,0x00000007a9044b58,0x00000007aa280000)
  to   space 32256K, 0% used [0x00000007b0280000,0x00000007b0280000,0x00000007b2200000)
 ParOldGen       total 217088K, used 44131K [0x00000006c7400000, 0x00000006d4800000, 0x000000076d180000)
  object space 217088K, 20% used [0x00000006c7400000,0x00000006c9f18fb8,0x00000006d4800000)
 Metaspace       used 85498K, capacity 87638K, committed 88064K, reserved 1126400K
  class space    used 11493K, capacity 11934K, committed 12032K, reserved 1048576K
Event: 22,890 GC heap after
Heap after GC invocations=21 (full 3):
 PSYoungGen      total 1078784K, used 32244K [0x000000076d180000, 0x00000007b7580000, 0x00000007c0000000)
  eden space 1046528K, 0% used [0x000000076d180000,0x000000076d180000,0x00000007acf80000)
  from space 32256K, 99% used [0x00000007b0280000,0x00000007b21fd078,0x00000007b2200000)
  to   space 52224K, 0% used [0x00000007acf80000,0x00000007acf80000,0x00000007b0280000)
 ParOldGen       total 217088K, used 84433K [0x00000006c7400000, 0x00000006d4800000, 0x000000076d180000)
  object space 217088K, 38% used [0x00000006c7400000,0x00000006cc6747c8,0x00000006d4800000)
 Metaspace       used 85498K, capacity 87638K, committed 88064K, reserved 1126400K
  class space    used 11493K, capacity 11934K, committed 12032K, reserved 1048576K
}
Event: 35,971 GC heap before
{Heap before GC invocations=22 (full 3):
 PSYoungGen      total 1078784K, used 714719K [0x000000076d180000, 0x00000007b7580000, 0x00000007c0000000)
  eden space 1046528K, 65% used [0x000000076d180000,0x0000000796bfaf48,0x00000007acf80000)
  from space 32256K, 99% used [0x00000007b0280000,0x00000007b21fd078,0x00000007b2200000)
  to   space 52224K, 0% used [0x00000007acf80000,0x00000007acf80000,0x00000007b0280000)
 ParOldGen       total 217088K, used 84433K [0x00000006c7400000, 0x00000006d4800000, 0x000000076d180000)
  object space 217088K, 38% used [0x00000006c7400000,0x00000006cc6747c8,0x00000006d4800000)
 Metaspace       used 94909K, capacity 97354K, committed 97428K, reserved 1134592K
  class space    used 12551K, capacity 13032K, committed 13056K, reserved 1048576K
Event: 36,023 GC heap after
Heap after GC invocations=22 (full 3):
 PSYoungGen      total 1098752K, used 37002K [0x000000076d180000, 0x00000007bc200000, 0x00000007c0000000)
  eden space 1046528K, 0% used [0x000000076d180000,0x000000076d180000,0x00000007acf80000)
  from space 52224K, 70% used [0x00000007acf80000,0x00000007af3a2be0,0x00000007b0280000)
  to   space 55808K, 0% used [0x00000007b8b80000,0x00000007b8b80000,0x00000007bc200000)
 ParOldGen       total 217088K, used 93903K [0x00000006c7400000, 0x00000006d4800000, 0x000000076d180000)
  object space 217088K, 43% used [0x00000006c7400000,0x00000006ccfb3f68,0x00000006d4800000)
 Metaspace       used 94909K, capacity 97354K, committed 97428K, reserved 1134592K
  class space    used 12551K, capacity 13032K, committed 13056K, reserved 1048576K
}
Event: 36,023 GC heap before
{Heap before GC invocations=23 (full 4):
 PSYoungGen      total 1098752K, used 37002K [0x000000076d180000, 0x00000007bc200000, 0x00000007c0000000)
  eden space 1046528K, 0% used [0x000000076d180000,0x000000076d180000,0x00000007acf80000)
  from space 52224K, 70% used [0x00000007acf80000,0x00000007af3a2be0,0x00000007b0280000)
  to   space 55808K, 0% used [0x00000007b8b80000,0x00000007b8b80000,0x00000007bc200000)
 ParOldGen       total 217088K, used 93903K [0x00000006c7400000, 0x00000006d4800000, 0x000000076d180000)
  object space 217088K, 43% used [0x00000006c7400000,0x00000006ccfb3f68,0x00000006d4800000)
 Metaspace       used 94909K, capacity 97354K, committed 97428K, reserved 1134592K
  class space    used 12551K, capacity 13032K, committed 13056K, reserved 1048576K
Event: 36,674 GC heap after
Heap after GC invocations=23 (full 4):
 PSYoungGen      total 1098752K, used 0K [0x000000076d180000, 0x00000007bc200000, 0x00000007c0000000)
  eden space 1046528K, 0% used [0x000000076d180000,0x000000076d180000,0x00000007acf80000)
  from space 52224K, 0% used [0x00000007acf80000,0x00000007acf80000,0x00000007b0280000)
  to   space 55808K, 0% used [0x00000007b8b80000,0x00000007b8b80000,0x00000007bc200000)
 ParOldGen       total 368640K, used 124568K [0x00000006c7400000, 0x00000006ddc00000, 0x000000076d180000)
  object space 368640K, 33% used [0x00000006c7400000,0x00000006ceda6068,0x00000006ddc00000)
 Metaspace       used 94909K, capacity 97354K, committed 97428K, reserved 1134592K
  class space    used 12551K, capacity 13032K, committed 13056K, reserved 1048576K
}
Event: 61,846 GC heap before
{Heap before GC invocations=24 (full 4):
 PSYoungGen      total 1098752K, used 1046528K [0x000000076d180000, 0x00000007bc200000, 0x00000007c0000000)
  eden space 1046528K, 100% used [0x000000076d180000,0x00000007acf80000,0x00000007acf80000)
  from space 52224K, 0% used [0x00000007acf80000,0x00000007acf80000,0x00000007b0280000)
  to   space 55808K, 0% used [0x00000007b8b80000,0x00000007b8b80000,0x00000007bc200000)
 ParOldGen       total 368640K, used 124568K [0x00000006c7400000, 0x00000006ddc00000, 0x000000076d180000)
  object space 368640K, 33% used [0x00000006c7400000,0x00000006ceda6068,0x00000006ddc00000)
 Metaspace       used 111034K, capacity 113704K, committed 113920K, reserved 1146880K
  class space    used 15022K, capacity 15546K, committed 15616K, reserved 1048576K
Event: 61,905 GC heap after
Heap after GC invocations=24 (full 4):
 PSYoungGen      total 1192960K, used 28099K [0x000000076d180000, 0x00000007baa80000, 0x00000007c0000000)
  eden space 1161216K, 0% used [0x000000076d180000,0x000000076d180000,0x00000007b3f80000)
  from space 31744K, 88% used [0x00000007b8b80000,0x00000007ba6f0fa0,0x00000007baa80000)
  to   space 54784K, 0% used [0x00000007b3f80000,0x00000007b3f80000,0x00000007b7500000)
 ParOldGen       total 368640K, used 124576K [0x00000006c7400000, 0x00000006ddc00000, 0x000000076d180000)
  object space 368640K, 33% used [0x00000006c7400000,0x00000006ceda8068,0x00000006ddc00000)
 Metaspace       used 111034K, capacity 113704K, committed 113920K, reserved 1146880K
  class space    used 15022K, capacity 15546K, committed 15616K, reserved 1048576K
}

Deoptimization events (10 events):
Event: 77,822 Thread 0x00007f208c019800 Uncommon trap: reason=bimorphic action=maybe_recompile pc=0x00007f211b36e788 method=java.nio.charset.CharsetDecoder.reset()Ljava/nio/charset/CharsetDecoder; @ 1
Event: 77,828 Thread 0x00007f208c019800 Uncommon trap: reason=class_check action=maybe_recompile pc=0x00007f211a1b3e14 method=java.util.Hashtable.put(Ljava/lang/Object;Ljava/lang/Object;)Ljava/lang/Object; @ 60
Event: 77,831 Thread 0x00007f208c019800 Uncommon trap: reason=class_check action=maybe_recompile pc=0x00007f211a1b3e14 method=java.util.Hashtable.put(Ljava/lang/Object;Ljava/lang/Object;)Ljava/lang/Object; @ 60
Event: 77,859 Thread 0x00007f208c019800 Uncommon trap: reason=class_check action=maybe_recompile pc=0x00007f211bcf8444 method=java.lang.StringCoding$StringEncoder.encode([CII)[B @ 30
Event: 77,863 Thread 0x00007f208c019800 Uncommon trap: reason=class_check action=maybe_recompile pc=0x00007f211bcf8444 method=java.lang.StringCoding$StringEncoder.encode([CII)[B @ 30
Event: 77,879 Thread 0x00007f208c019800 Uncommon trap: reason=class_check action=maybe_recompile pc=0x00007f211bcf8444 method=java.lang.StringCoding$StringEncoder.encode([CII)[B @ 30
Event: 77,880 Thread 0x00007f208c019800 Uncommon trap: reason=class_check action=maybe_recompile pc=0x00007f211bcf8444 method=java.lang.StringCoding$StringEncoder.encode([CII)[B @ 30
Event: 77,890 Thread 0x00007f208c019800 Uncommon trap: reason=class_check action=maybe_recompile pc=0x00007f211b40e868 method=java.lang.StringCoding$StringEncoder.encode([CII)[B @ 30
Event: 78,448 Thread 0x00007f20286ba000 Uncommon trap: reason=unstable_if action=reinterpret pc=0x00007f211ae907a0 method=java.util.AbstractList.equals(Ljava/lang/Object;)Z @ 2
Event: 81,790 Thread 0x00007f2010004800 Uncommon trap: reason=unstable_if action=reinterpret pc=0x00007f211a373094 method=java.io.ExpiringCache.entryFor(Ljava/lang/String;)Ljava/io/ExpiringCache$Entry; @ 39

Classes redefined (0 events):
No events

Internal exceptions (10 events):
Event: 81,849 Thread 0x00007f2010004800 Exception <a 'java/lang/NoSuchMethodError': java.lang.Object.lambda$getAcoesVinculadasExcetoListarEnovo$5(Lcom/super_bits/modulosSB/SBCore/modulos/Controller/Interfaces/acoes/ComoAcaoSecundaria;)Z> (0x000000079faed5d0) thrown at [/HUDSON/workspace/8-2-bui
Event: 81,851 Thread 0x00007f2010004800 Exception <a 'java/lang/NoSuchMethodError': java.lang.Object.lambda$getAcoesVinculadasAObjetoExistenteSemRepetirTipo$8(Ljava/util/List;Ljava/util/List;Lcom/super_bits/modulosSB/SBCore/modulos/Controller/Interfaces/acoes/ComoAcaoSecundaria;)V> (0x000000079
Event: 81,852 Thread 0x00007f2010004800 Exception <a 'java/lang/NoSuchMethodError': java.lang.Object.lambda$getAcaoFormularioNovo$10(Lcom/super_bits/modulosSB/SBCore/modulos/Controller/Interfaces/acoes/ComoAcaoSecundaria;)Z> (0x000000079fb26b50) thrown at [/HUDSON/workspace/8-2-build-linux-amd6
Event: 81,852 Thread 0x00007f2010004800 Exception <a 'java/lang/NoSuchMethodError': java.lang.Object.lambda$getAcoesVinculadasDesteTipo$1(Lcom/super_bits/modulosSB/SBCore/modulos/Controller/fabricas/FabTipoAcaoSistemaGenerica;Lcom/super_bits/modulosSB/SBCore/modulos/Controller/Interfaces/acoes/
Event: 81,854 Thread 0x00007f2010004800 Exception <a 'java/lang/NoSuchMethodError': java.lang.Object.lambda$getAcaoSalvarMerge$11(Lcom/super_bits/modulosSB/SBCore/modulos/Controller/Interfaces/acoes/ComoAcaoSecundaria;)Z> (0x000000079fb34e38) thrown at [/HUDSON/workspace/8-2-build-linux-amd64/j
Event: 81,854 Thread 0x00007f2010004800 Exception <a 'java/lang/NoSuchMethodError': java.lang.Object.lambda$getPrimeiraAcaoDesteTipo$0(Lcom/super_bits/modulosSB/SBCore/modulos/Controller/fabricas/FabTipoAcaoSistemaGenerica;Lcom/super_bits/modulosSB/SBCore/modulos/Controller/Interfaces/acoes/Com
Event: 82,160 Thread 0x00007f2010004800 StackOverflowError at 0x00007f2119bc4f80
Event: 82,160 Thread 0x00007f2010004800 Exception <a 'java/lang/StackOverflowError'> (0x00000007a2003608) thrown at [/HUDSON/workspace/8-2-build-linux-amd64/jdk8u202/12319/hotspot/src/share/vm/runtime/sharedRuntime.cpp, line 605]
Event: 82,301 Thread 0x00007f2010004800 Exception <a 'java/lang/StackOverflowError'> (0x00000007a84acdb8) thrown at [/HUDSON/workspace/8-2-build-linux-amd64/jdk8u202/12319/hotspot/src/share/vm/runtime/javaCalls.cpp, line 386]
Event: 82,301 Thread 0x00007f2010004800 Exception <a 'java/lang/StackOverflowError'> (0x00000007a84b0ad8) thrown at [/HUDSON/workspace/8-2-build-linux-amd64/jdk8u202/12319/hotspot/src/share/vm/runtime/javaCalls.cpp, line 386]

Events (10 events):
Event: 82,299 Executing VM operation: RevokeBias
Event: 82,300 Executing VM operation: RevokeBias done
Event: 82,300 Executing VM operation: RevokeBias
Event: 82,301 Executing VM operation: RevokeBias done
Event: 82,301 loading class sun/font/FontScalerException
Event: 82,301 loading class sun/font/FontScalerException done
Event: 82,301 Thread 0x00007f2010004800 DEOPT PACKING pc=0x00007f2119d3dbbc sp=0x00007f20f66176f0
Event: 82,301 Thread 0x00007f2010004800 DEOPT UNPACKING pc=0x00007f2119047784 sp=0x00007f20f66173f8 mode 1
Event: 82,301 Thread 0x00007f2010004800 DEOPT PACKING pc=0x00007f211bed8934 sp=0x00007f20f66183d0
Event: 82,301 Thread 0x00007f2010004800 DEOPT UNPACKING pc=0x00007f2119047784 sp=0x00007f20f66181f8 mode 1


Dynamic libraries:
00400000-00401000 r-xp 00000000 08:02 5922009                            /usr/java/jdk1.8.0_202-amd64/bin/java
00600000-00601000 r--p 00000000 08:02 5922009                            /usr/java/jdk1.8.0_202-amd64/bin/java
00601000-00602000 rw-p 00001000 08:02 5922009                            /usr/java/jdk1.8.0_202-amd64/bin/java
1aa3a000-1af49000 rw-p 00000000 00:00 0                                  [heap]
6c7400000-6ddc00000 rw-p 00000000 00:00 0 
6ddc00000-76d180000 ---p 00000000 00:00 0 
76d180000-7baa80000 rw-p 00000000 00:00 0 
7baa80000-7c0000000 ---p 00000000 00:00 0 
7c0000000-7c11c0000 rw-p 00000000 00:00 0 
7c11c0000-800000000 ---p 00000000 00:00 0 
7f1ff4000000-7f1ff51a8000 rw-p 00000000 00:00 0 
7f1ff51a8000-7f1ff8000000 ---p 00000000 00:00 0 
7f1ffc000000-7f1ffc058000 rw-p 00000000 00:00 0 
7f1ffc058000-7f2000000000 ---p 00000000 00:00 0 
7f2004000000-7f2004021000 rw-p 00000000 00:00 0 
7f2004021000-7f2008000000 ---p 00000000 00:00 0 
7f2008000000-7f2008021000 rw-p 00000000 00:00 0 
7f2008021000-7f200c000000 ---p 00000000 00:00 0 
7f200c000000-7f200d19a000 rw-p 00000000 00:00 0 
7f200d19a000-7f2010000000 ---p 00000000 00:00 0 
7f2010000000-7f2010021000 rw-p 00000000 00:00 0 
7f2010021000-7f2014000000 ---p 00000000 00:00 0 
7f2014000000-7f201403b000 rw-p 00000000 00:00 0 
7f201403b000-7f2018000000 ---p 00000000 00:00 0 
7f2018000000-7f2018021000 rw-p 00000000 00:00 0 
7f2018021000-7f201c000000 ---p 00000000 00:00 0 
7f201c000000-7f201c021000 rw-p 00000000 00:00 0 
7f201c021000-7f2020000000 ---p 00000000 00:00 0 
7f2020000000-7f2020021000 rw-p 00000000 00:00 0 
7f2020021000-7f2024000000 ---p 00000000 00:00 0 
7f2024000000-7f2024021000 rw-p 00000000 00:00 0 
7f2024021000-7f2028000000 ---p 00000000 00:00 0 
7f2028000000-7f20286ff000 rw-p 00000000 00:00 0 
7f20286ff000-7f202c000000 ---p 00000000 00:00 0 
7f202c000000-7f202c035000 rw-p 00000000 00:00 0 
7f202c035000-7f2030000000 ---p 00000000 00:00 0 
7f2030000000-7f2030021000 rw-p 00000000 00:00 0 
7f2030021000-7f2034000000 ---p 00000000 00:00 0 
7f2034000000-7f2034125000 rw-p 00000000 00:00 0 
7f2034125000-7f2038000000 ---p 00000000 00:00 0 
7f2038000000-7f2038021000 rw-p 00000000 00:00 0 
7f2038021000-7f203c000000 ---p 00000000 00:00 0 
7f203c000000-7f203c021000 rw-p 00000000 00:00 0 
7f203c021000-7f2040000000 ---p 00000000 00:00 0 
7f2040000000-7f2040021000 rw-p 00000000 00:00 0 
7f2040021000-7f2044000000 ---p 00000000 00:00 0 
7f2044000000-7f2044021000 rw-p 00000000 00:00 0 
7f2044021000-7f2048000000 ---p 00000000 00:00 0 
7f2048000000-7f2048021000 rw-p 00000000 00:00 0 
7f2048021000-7f204c000000 ---p 00000000 00:00 0 
7f204c000000-7f204c021000 rw-p 00000000 00:00 0 
7f204c021000-7f2050000000 ---p 00000000 00:00 0 
7f2050000000-7f2050021000 rw-p 00000000 00:00 0 
7f2050021000-7f2054000000 ---p 00000000 00:00 0 
7f2054000000-7f2054021000 rw-p 00000000 00:00 0 
7f2054021000-7f2058000000 ---p 00000000 00:00 0 
7f2058000000-7f2058025000 rw-p 00000000 00:00 0 
7f2058025000-7f205c000000 ---p 00000000 00:00 0 
7f205c000000-7f205c021000 rw-p 00000000 00:00 0 
7f205c021000-7f2060000000 ---p 00000000 00:00 0 
7f2060000000-7f2060021000 rw-p 00000000 00:00 0 
7f2060021000-7f2064000000 ---p 00000000 00:00 0 
7f2064000000-7f2064206000 rw-p 00000000 00:00 0 
7f2064206000-7f2068000000 ---p 00000000 00:00 0 
7f2068000000-7f2068021000 rw-p 00000000 00:00 0 
7f2068021000-7f206c000000 ---p 00000000 00:00 0 
7f206c000000-7f206c0da000 rw-p 00000000 00:00 0 
7f206c0da000-7f2070000000 ---p 00000000 00:00 0 
7f2070000000-7f207018c000 rw-p 00000000 00:00 0 
7f207018c000-7f2074000000 ---p 00000000 00:00 0 
7f2074000000-7f2074257000 rw-p 00000000 00:00 0 
7f2074257000-7f2078000000 ---p 00000000 00:00 0 
7f2078000000-7f2078110000 rw-p 00000000 00:00 0 
7f2078110000-7f207c000000 ---p 00000000 00:00 0 
7f207c000000-7f207c0c6000 rw-p 00000000 00:00 0 
7f207c0c6000-7f2080000000 ---p 00000000 00:00 0 
7f2080000000-7f208008a000 rw-p 00000000 00:00 0 
7f208008a000-7f2084000000 ---p 00000000 00:00 0 
7f2084000000-7f2084155000 rw-p 00000000 00:00 0 
7f2084155000-7f2088000000 ---p 00000000 00:00 0 
7f2088000000-7f2088175000 rw-p 00000000 00:00 0 
7f2088175000-7f208c000000 ---p 00000000 00:00 0 
7f208c000000-7f208c3cd000 rw-p 00000000 00:00 0 
7f208c3cd000-7f2090000000 ---p 00000000 00:00 0 
7f2090000000-7f2090fbc000 rw-p 00000000 00:00 0 
7f2090fbc000-7f2094000000 ---p 00000000 00:00 0 
7f2094000000-7f2094d6e000 rw-p 00000000 00:00 0 
7f2094d6e000-7f2098000000 ---p 00000000 00:00 0 
7f2098000000-7f2098021000 rw-p 00000000 00:00 0 
7f2098021000-7f209c000000 ---p 00000000 00:00 0 
7f209c000000-7f209c508000 rw-p 00000000 00:00 0 
7f209c508000-7f20a0000000 ---p 00000000 00:00 0 
7f20a0000000-7f20a00d7000 rw-p 00000000 00:00 0 
7f20a00d7000-7f20a4000000 ---p 00000000 00:00 0 
7f20a4000000-7f20a4021000 rw-p 00000000 00:00 0 
7f20a4021000-7f20a8000000 ---p 00000000 00:00 0 
7f20a8000000-7f20a8c42000 rw-p 00000000 00:00 0 
7f20a8c42000-7f20ac000000 ---p 00000000 00:00 0 
7f20ac000000-7f20ad8ee000 rw-p 00000000 00:00 0 
7f20ad8ee000-7f20b0000000 ---p 00000000 00:00 0 
7f20b0000000-7f20b0021000 rw-p 00000000 00:00 0 
7f20b0021000-7f20b4000000 ---p 00000000 00:00 0 
7f20b4000000-7f20b7ce2000 rw-p 00000000 00:00 0 
7f20b7ce2000-7f20b8000000 ---p 00000000 00:00 0 
7f20b8000000-7f20bbffe000 rw-p 00000000 00:00 0 
7f20bbffe000-7f20bc000000 ---p 00000000 00:00 0 
7f20bc000000-7f20bc021000 rw-p 00000000 00:00 0 
7f20bc021000-7f20c0000000 ---p 00000000 00:00 0 
7f20c0000000-7f20c2cd9000 rw-p 00000000 00:00 0 
7f20c2cd9000-7f20c4000000 ---p 00000000 00:00 0 
7f20c4000000-7f20c409e000 rw-p 00000000 00:00 0 
7f20c409e000-7f20c8000000 ---p 00000000 00:00 0 
7f20c8000000-7f20c8193000 rw-p 00000000 00:00 0 
7f20c8193000-7f20cc000000 ---p 00000000 00:00 0 
7f20cc000000-7f20cc021000 rw-p 00000000 00:00 0 
7f20cc021000-7f20d0000000 ---p 00000000 00:00 0 
7f20d0000000-7f20d0021000 rw-p 00000000 00:00 0 
7f20d0021000-7f20d4000000 ---p 00000000 00:00 0 
7f20d4000000-7f20d4021000 rw-p 00000000 00:00 0 
7f20d4021000-7f20d8000000 ---p 00000000 00:00 0 
7f20d83a0000-7f20e0021000 rw-p 00000000 00:00 0 
7f20e0021000-7f20e4000000 ---p 00000000 00:00 0 
7f20e4000000-7f20e424b000 rw-p 00000000 00:00 0 
7f20e424b000-7f20e8000000 ---p 00000000 00:00 0 
7f20e8000000-7f20e8021000 rw-p 00000000 00:00 0 
7f20e8021000-7f20ec000000 ---p 00000000 00:00 0 
7f20ecc00000-7f20ecc80000 rw-p 00000000 00:00 0 
7f20ecc80000-7f20ece00000 ---p 00000000 00:00 0 
7f20ece00000-7f20ed000000 rw-p 00000000 00:00 0 
7f20ed000000-7f20ed06c000 r-xp 00000000 08:02 5922151                    /usr/java/jdk1.8.0_202-amd64/jre/lib/amd64/libt2k.so
7f20ed06c000-7f20ed26c000 ---p 0006c000 08:02 5922151                    /usr/java/jdk1.8.0_202-amd64/jre/lib/amd64/libt2k.so
7f20ed26c000-7f20ed272000 r--p 0006c000 08:02 5922151                    /usr/java/jdk1.8.0_202-amd64/jre/lib/amd64/libt2k.so
7f20ed272000-7f20ed273000 rw-p 00072000 08:02 5922151                    /usr/java/jdk1.8.0_202-amd64/jre/lib/amd64/libt2k.so
7f20ed400000-7f20ed600000 rw-p 00000000 00:00 0 
7f20ed600000-7f20ed605000 r-xp 00000000 08:02 5394088                    /usr/lib64/libXfixes.so.3.1.0
7f20ed605000-7f20ed804000 ---p 00005000 08:02 5394088                    /usr/lib64/libXfixes.so.3.1.0
7f20ed804000-7f20ed805000 r--p 00004000 08:02 5394088                    /usr/lib64/libXfixes.so.3.1.0
7f20ed805000-7f20ed806000 rw-p 00005000 08:02 5394088                    /usr/lib64/libXfixes.so.3.1.0
7f20eda00000-7f20eda0a000 r-xp 00000000 08:02 5397560                    /usr/lib64/libXcursor.so.1.0.2
7f20eda0a000-7f20edc09000 ---p 0000a000 08:02 5397560                    /usr/lib64/libXcursor.so.1.0.2
7f20edc09000-7f20edc0a000 r--p 00009000 08:02 5397560                    /usr/lib64/libXcursor.so.1.0.2
7f20edc0a000-7f20edc0b000 rw-p 0000a000 08:02 5397560                    /usr/lib64/libXcursor.so.1.0.2
7f20ede00000-7f20ede5d000 r-xp 00000000 08:02 5922106                    /usr/java/jdk1.8.0_202-amd64/jre/lib/amd64/libfontmanager.so
7f20ede5d000-7f20ee05d000 ---p 0005d000 08:02 5922106                    /usr/java/jdk1.8.0_202-amd64/jre/lib/amd64/libfontmanager.so
7f20ee05d000-7f20ee060000 r--p 0005d000 08:02 5922106                    /usr/java/jdk1.8.0_202-amd64/jre/lib/amd64/libfontmanager.so
7f20ee060000-7f20ee061000 rw-p 00060000 08:02 5922106                    /usr/java/jdk1.8.0_202-amd64/jre/lib/amd64/libfontmanager.so
7f20ee200000-7f20ee203000 r-xp 00000000 08:02 5387116                    /usr/lib64/libXau.so.6.0.0
7f20ee203000-7f20ee402000 ---p 00003000 08:02 5387116                    /usr/lib64/libXau.so.6.0.0
7f20ee402000-7f20ee403000 r--p 00002000 08:02 5387116                    /usr/lib64/libXau.so.6.0.0
7f20ee403000-7f20ee404000 rw-p 00003000 08:02 5387116                    /usr/lib64/libXau.so.6.0.0
7f20ee600000-7f20ee610000 r-xp 00000000 08:02 5397616                    /usr/lib64/libXi.so.6.1.0
7f20ee610000-7f20ee80f000 ---p 00010000 08:02 5397616                    /usr/lib64/libXi.so.6.1.0
7f20ee80f000-7f20ee810000 r--p 0000f000 08:02 5397616                    /usr/lib64/libXi.so.6.1.0
7f20ee810000-7f20ee811000 rw-p 00010000 08:02 5397616                    /usr/lib64/libXi.so.6.1.0
7f20ee900000-7f20ee903000 ---p 00000000 00:00 0 
7f20ee903000-7f20eea00000 rw-p 00000000 00:00 0 
7f20eea00000-7f20eea05000 r-xp 00000000 08:02 5397606                    /usr/lib64/libXtst.so.6.1.0
7f20eea05000-7f20eec04000 ---p 00005000 08:02 5397606                    /usr/lib64/libXtst.so.6.1.0
7f20eec04000-7f20eec05000 r--p 00004000 08:02 5397606                    /usr/lib64/libXtst.so.6.1.0
7f20eec05000-7f20eec06000 rw-p 00005000 08:02 5397606                    /usr/lib64/libXtst.so.6.1.0
7f20eed00000-7f20eed03000 ---p 00000000 00:00 0 
7f20eed03000-7f20eee00000 rw-p 00000000 00:00 0 
7f20eee00000-7f20eee09000 r-xp 00000000 08:02 5394082                    /usr/lib64/libXrender.so.1.3.0
7f20eee09000-7f20ef009000 ---p 00009000 08:02 5394082                    /usr/lib64/libXrender.so.1.3.0
7f20ef009000-7f20ef00a000 r--p 00009000 08:02 5394082                    /usr/lib64/libXrender.so.1.3.0
7f20ef00a000-7f20ef00b000 rw-p 0000a000 08:02 5394082                    /usr/lib64/libXrender.so.1.3.0
7f20ef100000-7f20ef103000 ---p 00000000 00:00 0 
7f20ef103000-7f20ef200000 rw-p 00000000 00:00 0 
7f20ef200000-7f20ef211000 r-xp 00000000 08:02 5394090                    /usr/lib64/libXext.so.6.4.0
7f20ef211000-7f20ef410000 ---p 00011000 08:02 5394090                    /usr/lib64/libXext.so.6.4.0
7f20ef410000-7f20ef411000 r--p 00010000 08:02 5394090                    /usr/lib64/libXext.so.6.4.0
7f20ef411000-7f20ef412000 rw-p 00011000 08:02 5394090                    /usr/lib64/libXext.so.6.4.0
7f20ef472000-7f20ef56d000 r--s 00000000 08:02 10880556                   /var/cache/fontconfig/7ef2298fde41cc6eeb7af42e48b7d293-x86_64.cache-8
7f20ef56d000-7f20ef5b1000 r--s 00000000 08:02 10880358                   /var/cache/fontconfig/7e1fba7718b83835f0117a869412581c-x86_64.cache-8
7f20ef5b1000-7f20ef600000 r--s 00000000 08:02 10880357                   /var/cache/fontconfig/8d4af663993b81a124ee82e610bb31f9-x86_64.cache-8
7f20ef600000-7f20ef65a000 r-xp 00000000 08:02 5922100                    /usr/java/jdk1.8.0_202-amd64/jre/lib/amd64/libawt_xawt.so
7f20ef65a000-7f20ef85a000 ---p 0005a000 08:02 5922100                    /usr/java/jdk1.8.0_202-amd64/jre/lib/amd64/libawt_xawt.so
7f20ef85a000-7f20ef85b000 r--p 0005a000 08:02 5922100                    /usr/java/jdk1.8.0_202-amd64/jre/lib/amd64/libawt_xawt.so
7f20ef85b000-7f20ef85e000 rw-p 0005b000 08:02 5922100                    /usr/java/jdk1.8.0_202-amd64/jre/lib/amd64/libawt_xawt.so
7f20ef85e000-7f20ef860000 rw-p 00000000 00:00 0 
7f20ef88d000-7f20ef924000 r--s 00000000 08:02 10880349                   /var/cache/fontconfig/17090aa38d5c6f09fb8c5c354938f1d7-x86_64.cache-8
7f20ef924000-7f20ef9bc000 r--s 00000000 08:02 10880018                   /var/cache/fontconfig/df311e82a1a24c41a75c2c930223552e-x86_64.cache-8
7f20efa00000-7f20efaa0000 r-xp 00000000 08:02 5922098                    /usr/java/jdk1.8.0_202-amd64/jre/lib/amd64/libawt.so
7f20efaa0000-7f20efc9f000 ---p 000a0000 08:02 5922098                    /usr/java/jdk1.8.0_202-amd64/jre/lib/amd64/libawt.so
7f20efc9f000-7f20efca0000 r--p 0009f000 08:02 5922098                    /usr/java/jdk1.8.0_202-amd64/jre/lib/amd64/libawt.so
7f20efca0000-7f20efcab000 rw-p 000a0000 08:02 5922098                    /usr/java/jdk1.8.0_202-amd64/jre/lib/amd64/libawt.so
7f20efcab000-7f20efcd0000 rw-p 00000000 00:00 0 
7f20efd00000-7f20efd03000 ---p 00000000 00:00 0 
7f20efd03000-7f20effc0000 rw-p 00000000 00:00 0 
7f20effc0000-7f20f0021000 rw-p 00000000 00:00 0 
7f20f0021000-7f20f4000000 ---p 00000000 00:00 0 
7f20f403f000-7f20f41ff000 rw-p 00000000 00:00 0 
7f20f41ff000-7f20f43ff000 rw-p 00000000 00:00 0 
7f20f43ff000-7f20f45ff000 rw-p 00000000 00:00 0 
7f20f45ff000-7f20f47ff000 rw-p 00000000 00:00 0 
7f20f47ff000-7f20f4a3f000 rw-p 00000000 00:00 0 
7f20f4abd000-7f20f4bf9000 r-xp 00000000 08:02 5393434                    /usr/lib64/libX11.so.6.4.0
7f20f4bf9000-7f20f4bfc000 r--p 0013b000 08:02 5393434                    /usr/lib64/libX11.so.6.4.0
7f20f4bfc000-7f20f4c00000 rw-p 0013e000 08:02 5393434                    /usr/lib64/libX11.so.6.4.0
7f20f4c00000-7f20f4e00000 rw-p 00000000 00:00 0 
7f20f4e00000-7f20f4e03000 ---p 00000000 00:00 0 
7f20f4e03000-7f20f4f00000 rw-p 00000000 00:00 0 
7f20f4f00000-7f20f4f03000 ---p 00000000 00:00 0 
7f20f4f03000-7f20f51c0000 rw-p 00000000 00:00 0 
7f20f51c0000-7f20f5400000 rw-p 00000000 00:00 0 
7f20f5400000-7f20f5438000 r-xp 00000000 08:02 5922150                    /usr/java/jdk1.8.0_202-amd64/jre/lib/amd64/libsunec.so
7f20f5438000-7f20f5637000 ---p 00038000 08:02 5922150                    /usr/java/jdk1.8.0_202-amd64/jre/lib/amd64/libsunec.so
7f20f5637000-7f20f563c000 r--p 00037000 08:02 5922150                    /usr/java/jdk1.8.0_202-amd64/jre/lib/amd64/libsunec.so
7f20f563c000-7f20f563e000 rw-p 0003c000 08:02 5922150                    /usr/java/jdk1.8.0_202-amd64/jre/lib/amd64/libsunec.so
7f20f565a000-7f20f566e000 r--s 00000000 08:02 10880356                   /var/cache/fontconfig/d42e465d3d703735db7577b46e8d64be-x86_64.cache-8
7f20f566e000-7f20f5696000 r-xp 00000000 08:02 5388901                    /usr/lib64/libxcb.so.1.1.0
7f20f5696000-7f20f5697000 r--p 00027000 08:02 5388901                    /usr/lib64/libxcb.so.1.1.0
7f20f5697000-7f20f5698000 rw-p 00028000 08:02 5388901                    /usr/lib64/libxcb.so.1.1.0
7f20f5698000-7f20f5858000 rw-p 00000000 00:00 0 
7f20f5858000-7f20f5a98000 rw-p 00000000 00:00 0 
7f20f5a98000-7f20f5a9b000 ---p 00000000 00:00 0 
7f20f5a9b000-7f20f5b98000 rw-p 00000000 00:00 0 
7f20f5bb7000-7f20f5bba000 ---p 00000000 00:00 0 
7f20f5bba000-7f20f5cb7000 rw-p 00000000 00:00 0 
7f20f5cb7000-7f20f5ce2000 r-xp 00000000 08:02 1966238                    /lib64/libgcc_s.so.1
7f20f5ce2000-7f20f5ce3000 r--p 0002b000 08:02 1966238                    /lib64/libgcc_s.so.1
7f20f5ce3000-7f20f5ce4000 rw-p 0002c000 08:02 1966238                    /lib64/libgcc_s.so.1
7f20f5cf5000-7f20f5d00000 r--s 00000000 08:02 10880353                   /var/cache/fontconfig/d62e99ef547d1d24cdb1bd22ec1a2976-x86_64.cache-8
7f20f5d00000-7f20f5ec0000 rw-p 00000000 00:00 0 
7f20f5ec0000-7f20f60c0000 rw-p 00000000 00:00 0 
7f20f60c0000-7f20f6300000 rw-p 00000000 00:00 0 
7f20f6300000-7f20f6303000 ---p 00000000 00:00 0 
7f20f6303000-7f20f6400000 rw-p 00000000 00:00 0 
7f20f6400000-7f20f6403000 ---p 00000000 00:00 0 
7f20f6403000-7f20f6500000 rw-p 00000000 00:00 0 
7f20f6500000-7f20f6503000 ---p 00000000 00:00 0 
7f20f6503000-7f20f6600000 rw-p 00000000 00:00 0 
7f20f6600000-7f20f6603000 ---p 00000000 00:00 0 
7f20f6603000-7f20f6700000 rw-p 00000000 00:00 0 
7f20f6700000-7f20f6703000 ---p 00000000 00:00 0 
7f20f6703000-7f20f6800000 rw-p 00000000 00:00 0 
7f20f6800000-7f20f6803000 ---p 00000000 00:00 0 
7f20f6803000-7f20f6900000 rw-p 00000000 00:00 0 
7f20f6900000-7f20f6903000 ---p 00000000 00:00 0 
7f20f6903000-7f20f6c00000 rw-p 00000000 00:00 0 
7f20f6c00000-7f20f6c03000 ---p 00000000 00:00 0 
7f20f6c03000-7f20f6d00000 rw-p 00000000 00:00 0 
7f20f6d00000-7f20f6d03000 ---p 00000000 00:00 0 
7f20f6d03000-7f20f6e00000 rw-p 00000000 00:00 0 
7f20f6e00000-7f20f6e03000 ---p 00000000 00:00 0 
7f20f6e03000-7f20f6f00000 rw-p 00000000 00:00 0 
7f20f6f00000-7f20f6f03000 ---p 00000000 00:00 0 
7f20f6f03000-7f20f7000000 rw-p 00000000 00:00 0 
7f20f7000000-7f20f7003000 ---p 00000000 00:00 0 
7f20f7003000-7f20f7100000 rw-p 00000000 00:00 0 
7f20f7100000-7f20f7103000 ---p 00000000 00:00 0 
7f20f7103000-7f20f7200000 rw-p 00000000 00:00 0 
7f20f7200000-7f20f7203000 ---p 00000000 00:00 0 
7f20f7203000-7f20f7300000 rw-p 00000000 00:00 0 
7f20f7300000-7f20f7303000 ---p 00000000 00:00 0 
7f20f7303000-7f20f7400000 rw-p 00000000 00:00 0 
7f20f7400000-7f20f7403000 ---p 00000000 00:00 0 
7f20f7403000-7f20f7500000 rw-p 00000000 00:00 0 
7f20f7500000-7f20f7503000 ---p 00000000 00:00 0 
7f20f7503000-7f20f77c0000 rw-p 00000000 00:00 0 
7f20f77c0000-7f20f79c0000 rw-p 00000000 00:00 0 
7f20f79c0000-7f20f7bc0000 rw-p 00000000 00:00 0 
7f20f7bc0000-7f20f7dc0000 rw-p 00000000 00:00 0 
7f20f7dc0000-7f20f7fc0000 rw-p 00000000 00:00 0 
7f20f7fc0000-7f20f8021000 rw-p 00000000 00:00 0 
7f20f8021000-7f20fc000000 ---p 00000000 00:00 0 
7f20fc000000-7f20fc003000 r--s 00000000 08:02 10880360                   /var/cache/fontconfig/e174b952f45c81266f2aa6ff2faf8204-x86_64.cache-8
7f20fc003000-7f20fc009000 r--s 0003e000 08:02 5922290                    /usr/java/jdk1.8.0_202-amd64/jre/lib/ext/sunjce_provider.jar
7f20fc009000-7f20fc00b000 r--s 00009000 08:02 5922289                    /usr/java/jdk1.8.0_202-amd64/jre/lib/ext/sunec.jar
7f20fc00b000-7f20fc00f000 r--s 00039000 08:02 5922291                    /usr/java/jdk1.8.0_202-amd64/jre/lib/ext/sunpkcs11.jar
7f20fc00f000-7f20fc012000 r--s 0001a000 08:02 5922334                    /usr/java/jdk1.8.0_202-amd64/jre/lib/jce.jar
7f20fc012000-7f20fc015000 ---p 00000000 00:00 0 
7f20fc015000-7f20fc2d2000 rw-p 00000000 00:00 0 
7f20fc2d2000-7f20fc4d2000 rw-p 00000000 00:00 0 
7f20fc4d2000-7f20fc6d2000 rw-p 00000000 00:00 0 
7f20fc6d2000-7f20fc912000 rw-p 00000000 00:00 0 
7f20fc912000-7f20fc915000 ---p 00000000 00:00 0 
7f20fc915000-7f20fca12000 rw-p 00000000 00:00 0 
7f20fca12000-7f20fca15000 ---p 00000000 00:00 0 
7f20fca15000-7f20fccd2000 rw-p 00000000 00:00 0 
7f20fccd2000-7f20fced2000 rw-p 00000000 00:00 0 
7f20fced2000-7f20fd112000 rw-p 00000000 00:00 0 
7f20fd112000-7f20fd118000 r--s 002f8000 08:02 5922341                    /usr/java/jdk1.8.0_202-amd64/jre/lib/charsets.jar
7f20fd118000-7f20fd2d8000 rw-p 00000000 00:00 0 
7f20fd2d8000-7f20fd4d8000 rw-p 00000000 00:00 0 
7f20fd4d8000-7f20fd6d8000 rw-p 00000000 00:00 0 
7f20fd6d8000-7f20fd8ee000 rw-p 00000000 00:00 0 
7f20fd8ee000-7f20fdad8000 rw-p 00000000 00:00 0 
7f20fdad8000-7f20fdd18000 rw-p 00000000 00:00 0 
7f20fdd18000-7f20fdd1b000 ---p 00000000 00:00 0 
7f20fdd1b000-7f20fde18000 rw-p 00000000 00:00 0 
7f20fde18000-7f20fde1b000 ---p 00000000 00:00 0 
7f20fde1b000-7f20fdf18000 rw-p 00000000 00:00 0 
7f20fdf18000-7f20fdf1b000 ---p 00000000 00:00 0 
7f20fdf1b000-7f20fe018000 rw-p 00000000 00:00 0 
7f20fe018000-7f20fe01b000 ---p 00000000 00:00 0 
7f20fe01b000-7f20fe118000 rw-p 00000000 00:00 0 
7f20fe118000-7f20fe11b000 ---p 00000000 00:00 0 
7f20fe11b000-7f20fe218000 rw-p 00000000 00:00 0 
7f20fe218000-7f20fe21b000 ---p 00000000 00:00 0 
7f20fe21b000-7f20fe318000 rw-p 00000000 00:00 0 
7f20fe318000-7f20fe31b000 ---p 00000000 00:00 0 
7f20fe31b000-7f20fe5d8000 rw-p 00000000 00:00 0 
7f20fe5d8000-7f20fe7d8000 rw-p 00000000 00:00 0 
7f20fe7d8000-7f20fea18000 rw-p 00000000 00:00 0 
7f20fea18000-7f20fea1b000 ---p 00000000 00:00 0 
7f20fea1b000-7f20feb18000 rw-p 00000000 00:00 0 
7f20feb18000-7f20feb1b000 ---p 00000000 00:00 0 
7f20feb1b000-7f20fec18000 rw-p 00000000 00:00 0 
7f20fec18000-7f20fec1b000 ---p 00000000 00:00 0 
7f20fec1b000-7f20fed18000 rw-p 00000000 00:00 0 
7f20fed18000-7f20fed1b000 ---p 00000000 00:00 0 
7f20fed1b000-7f20fee18000 rw-p 00000000 00:00 0 
7f20fee18000-7f20fee1b000 ---p 00000000 00:00 0 
7f20fee1b000-7f20fef18000 rw-p 00000000 00:00 0 
7f20fef18000-7f20fef1b000 ---p 00000000 00:00 0 
7f20fef1b000-7f20ff018000 rw-p 00000000 00:00 0 
7f20ff018000-7f20ff01b000 ---p 00000000 00:00 0 
7f20ff01b000-7f20ff2d8000 rw-p 00000000 00:00 0 
7f20ff2d8000-7f20ff4d8000 rw-p 00000000 00:00 0 
7f20ff4d8000-7f20ff718000 rw-p 00000000 00:00 0 
7f20ff718000-7f20ff733000 r--s 001cf000 08:02 5922288                    /usr/java/jdk1.8.0_202-amd64/jre/lib/ext/nashorn.jar
7f20ff733000-7f20ff933000 rw-p 00000000 00:00 0 
7f20ff933000-7f20ff936000 ---p 00000000 00:00 0 
7f20ff936000-7f20ffa33000 rw-p 00000000 00:00 0 
7f20ffa33000-7f20ffa68000 r--s 00000000 00:18 1553                       /run/nscd/dblrg2HP (deleted)
7f20ffa68000-7f20ffc28000 rw-p 00000000 00:00 0 
7f20ffc28000-7f20ffe68000 rw-p 00000000 00:00 0 
7f20ffe68000-7f20ffe7d000 r--s 000ff000 08:02 5922404                    /usr/java/jdk1.8.0_202-amd64/jre/lib/resources.jar
7f20ffe7d000-7f20ffe7f000 r--s 00011000 08:03 1051753                    /home/salvio/.m2/repository/org/hamcrest/hamcrest-core/1.1/hamcrest-core-1.1.jar
7f20ffe7f000-7f20ffe86000 r--s 00037000 08:03 1051751                    /home/salvio/.m2/repository/junit/junit/4.10/junit-4.10.jar
7f20ffe86000-7f20ffe88000 r--s 00009000 08:03 1051074                    /home/salvio/.m2/repository/org/slf4j/slf4j-api/1.7.36/slf4j-api-1.7.36.jar
7f20ffe88000-7f20ffe8a000 r--s 00005000 08:03 2752759                    /home/salvio/.m2/repository/br/org/coletivoJava/fw/WebPaginas/modulos/openid/1.0.0-RC-SNAPSHOT/openid-1.0.0-RC-SNAPSHOT.jar
7f20ffe8a000-7f20ffe97000 r--s 0006f000 08:03 1316055                    /home/salvio/.m2/repository/com/restfb/restfb/2.0.0-rc.3/restfb-2.0.0-rc.3.jar
7f20ffe97000-7f20ffe9a000 r--s 0000e000 08:03 1053126                    /home/salvio/.m2/repository/com/sun/activation/jakarta.activation/1.2.1/jakarta.activation-1.2.1.jar
7f20ffe9a000-7f20ffea3000 r--s 0009d000 08:03 1053123                    /home/salvio/.m2/repository/com/sun/mail/jakarta.mail/1.6.7/jakarta.mail-1.6.7.jar
7f20ffea3000-7f20ffea5000 r--s 0000e000 08:03 1053124                    /home/salvio/.m2/repository/org/apache/commons/commons-email/1.6.0/commons-email-1.6.0.jar
7f20ffea5000-7f20ffeaf000 r--s 00061000 08:03 6429988                    /home/salvio/.m2/repository/com/amazonaws/aws-java-sdk-sqs/1.12.777/aws-java-sdk-sqs-1.12.777.jar
7f20ffeaf000-7f20ffebb000 r--s 0006b000 08:03 6429986                    /home/salvio/.m2/repository/com/amazonaws/aws-java-sdk-sns/1.12.777/aws-java-sdk-sns-1.12.777.jar
7f20ffebb000-7f20ffebc000 r--s 00000000 08:03 1048851                    /home/salvio/.m2/repository/br/org/coletivoJava/utilitarios/apiComunicacaoPadrao/1.0.0-RC-SNAPSHOT/apiComunicacaoPadrao-1.0.0-RC-SNAPSHOT.jar
7f20ffebc000-7f20ffec7000 r--s 00030000 08:03 1053225                    /home/salvio/.m2/repository/info/cukes/cucumber-java/1.2.5/cucumber-java-1.2.5.jar
7f20ffec7000-7f20ffec9000 r--s 00028000 08:03 1053221                    /home/salvio/.m2/repository/info/cukes/cucumber-java8/1.2.5/cucumber-java8-1.2.5.jar
7f20ffec9000-7f20ffed1000 r--s 001a4000 08:03 1053217                    /home/salvio/.m2/repository/info/cukes/gherkin/2.12.2/gherkin-2.12.2.jar
7f20ffed1000-7f20ffee1000 r--s 00084000 08:03 1053219                    /home/salvio/.m2/repository/info/cukes/cucumber-jvm-deps/1.0.5/cucumber-jvm-deps-1.0.5.jar
7f20ffee1000-7f20ffee2000 r--s 00009000 08:03 1053218                    /home/salvio/.m2/repository/info/cukes/cucumber-html/0.2.3/cucumber-html-0.2.3.jar
7f20ffee2000-7f20ffee7000 r--s 00033000 08:03 1053222                    /home/salvio/.m2/repository/info/cukes/cucumber-core/1.2.5/cucumber-core-1.2.5.jar
7f20ffee7000-7f20ffee9000 r--s 00004000 08:03 1053215                    /home/salvio/.m2/repository/info/cukes/cucumber-junit/1.2.5/cucumber-junit-1.2.5.jar
7f20ffee9000-7f20ffeec000 r--s 00011000 08:03 1316053                    /home/salvio/.m2/repository/javax/servlet/servlet-api/2.3/servlet-api-2.3.jar
7f20ffeec000-7f20ffeef000 r--s 0000d000 08:03 1316051                    /home/salvio/.m2/repository/avalon-framework/avalon-framework/4.1.3/avalon-framework-4.1.3.jar
7f20ffeef000-7f20ffef2000 r--s 0000f000 08:03 1313161                    /home/salvio/.m2/repository/logkit/logkit/1.0.1/logkit-1.0.1.jar
7f20ffef2000-7f20ffef9000 r--s 00051000 08:03 1313085                    /home/salvio/.m2/repository/log4j/log4j/1.2.12/log4j-1.2.12.jar
7f20ffef9000-7f20ffefa000 r--s 0000c000 08:03 1313065                    /home/salvio/.m2/repository/commons-logging/commons-logging/1.1/commons-logging-1.1.jar
7f20ffefa000-7f20fff11000 r--s 00112000 08:03 1313055                    /home/salvio/.m2/repository/xerces/xercesImpl/2.8.1/xercesImpl-2.8.1.jar
7f20fff11000-7f20fff13000 r--s 0001a000 08:03 1199765                    /home/salvio/.m2/repository/net/sourceforge/nekohtml/nekohtml/1.9.7/nekohtml-1.9.7.jar
7f20fff13000-7f20fff18000 r--s 00040000 08:03 1313054                    /home/salvio/.m2/repository/commons-httpclient/commons-httpclient/3.0.1/commons-httpclient-3.0.1.jar
7f20fff18000-7f20fff1e000 r--s 00053000 08:03 1313057                    /home/salvio/.m2/repository/org/openid4java/openid4java-nodeps/0.9.5/openid4java-nodeps-0.9.5.jar
7f20fff1e000-7f20fff1f000 r--s 00000000 08:03 1313056                    /home/salvio/.m2/repository/org/openid4java/openid4java-consumer/0.9.5/openid4java-consumer-0.9.5.jar
7f20fff1f000-7f20fff21000 r--s 0000c000 08:03 1199763                    /home/salvio/.m2/repository/org/json/json/20160810/json-20160810.jar
7f20fff21000-7f20fff25000 r--s 0003f000 08:03 1313052                    /home/salvio/.m2/repository/org/brickred/socialauth/4.15/socialauth-4.15.jar
7f20fff25000-7f20fff3d000 r--s 00222000 08:03 1055551                    /home/salvio/.m2/repository/com/itextpdf/itextpdf/5.5.13.3/itextpdf-5.5.13.3.jar
7f20fff3d000-7f20fff49000 r--s 00073000 08:03 1055549                    /home/salvio/.m2/repository/commons-collections/commons-collections/3.0/commons-collections-3.0.jar
7f20fff49000-7f20fff79000 r--s 00401000 08:03 1055545                    /home/salvio/.m2/repository/org/primefaces/primefaces/13.0.10/primefaces-13.0.10.jar
7f20fff79000-7f20fff96000 r--s 005ec000 08:03 6963639                    /home/salvio/.m2/repository/org/primefaces/extensions/primefaces-extensions/13.0.21/primefaces-extensions-13.0.21.jar
7f20fff96000-7f20fffb0000 r--s 0029f000 08:03 1055544                    /home/salvio/.m2/repository/org/primefaces/extensions/resources-ckeditor/12.0.4/resources-ckeditor-12.0.4.jar
7f20fffb0000-7f20fffe0000 r--s 0037a000 08:03 1055487                    /home/salvio/.m2/repository/org/glassfish/javax.faces/2.4.0/javax.faces-2.4.0.jar
7f20fffe0000-7f2100000000 r--s 0017c000 08:03 1055485                    /home/salvio/.m2/repository/org/jboss/weld/weld-core-impl/2.4.8.Final/weld-core-impl-2.4.8.Final.jar
7f2100000000-7f2100021000 rw-p 00000000 00:00 0 
7f2100021000-7f2104000000 ---p 00000000 00:00 0 
7f2104000000-7f2104021000 rw-p 00000000 00:00 0 
7f2104021000-7f2108000000 ---p 00000000 00:00 0 
7f2108000000-7f210802c000 rw-p 00000000 00:00 0 
7f210802c000-7f210c000000 ---p 00000000 00:00 0 
7f210c000000-7f210c002000 r--s 0000d000 08:03 1055413                    /home/salvio/.m2/repository/org/jboss/logging/jboss-logging/3.4.2.Final/jboss-logging-3.4.2.Final.jar
7f210c002000-7f210c004000 r--s 00012000 08:03 1055412                    /home/salvio/.m2/repository/org/jboss/jandex/1.2.4.Final/jandex-1.2.4.Final.jar
7f210c004000-7f210c005000 r--s 00000000 08:03 1051070                    /home/salvio/.m2/repository/javax/inject/javax.inject/1/javax.inject-1.jar
7f210c005000-7f210c007000 r--s 00010000 08:03 1055547                    /home/salvio/.m2/repository/commons-fileupload/commons-fileupload/1.4/commons-fileupload-1.4.jar
7f210c007000-7f210c008000 r--s 00052000 08:03 1055539                    /home/salvio/.m2/repository/org/primefaces/extensions/resources-codemirror/6.1.1/resources-codemirror-6.1.1.jar
7f210c008000-7f210c016000 r--s 000b0000 08:03 1055493                    /home/salvio/.m2/repository/javax/faces/javax.faces-api/2.3/javax.faces-api-2.3.jar
7f210c016000-7f210c019000 r--s 0001d000 08:03 1055491                    /home/salvio/.m2/repository/org/glassfish/javax.json/1.1.4/javax.json-1.1.4.jar
7f210c019000-7f210c01b000 r--s 00010000 08:03 1055489                    /home/salvio/.m2/repository/javax/el/javax.el-api/3.0.1-b04/javax.el-api-3.0.1-b04.jar
7f210c01b000-7f210c01d000 r--s 00003000 08:03 1055483                    /home/salvio/.m2/repository/org/jboss/weld/weld-core-jsf/2.4.8.Final/weld-core-jsf-2.4.8.Final.jar
7f210c01d000-7f210c01e000 r--s 00003000 08:03 1055410                    /home/salvio/.m2/repository/org/jboss/spec/javax/interceptor/jboss-interceptors-api_1.2_spec/1.0.0.Final/jboss-interceptors-api_1.2_spec-1.0.0.Final.jar
7f210c01e000-7f210c01f000 r--s 00004000 08:03 1055408                    /home/salvio/.m2/repository/org/jboss/spec/javax/annotation/jboss-annotations-api_1.2_spec/1.0.0.Final/jboss-annotations-api_1.2_spec-1.0.0.Final.jar
7f210c01f000-7f210c021000 r--s 00005000 08:03 1055481                    /home/salvio/.m2/repository/org/jboss/weld/weld-api/2.4.SP2/weld-api-2.4.SP2.jar
7f210c021000-7f210c025000 r--s 0000e000 08:03 1055404                    /home/salvio/.m2/repository/javax/enterprise/cdi-api/1.2/cdi-api-1.2.jar
7f210c025000-7f210c046000 r--s 0017f000 08:03 1055480                    /home/salvio/.m2/repository/org/jboss/weld/weld-core/2.4.8.Final/weld-core-2.4.8.Final.jar
7f210c046000-7f210c049000 r--s 0001a000 08:03 1055402                    /home/salvio/.m2/repository/org/jboss/classfilewriter/jboss-classfilewriter/1.2.1.Final/jboss-classfilewriter-1.2.1.Final.jar
7f210c049000-7f210c04b000 r--s 00010000 08:03 1055403                    /home/salvio/.m2/repository/org/jboss/spec/javax/el/jboss-el-api_3.0_spec/1.0.0.Alpha1/jboss-el-api_3.0_spec-1.0.0.Alpha1.jar
7f210c04b000-7f210c135000 r--s 008da000 08:03 1330829                    /home/salvio/.m2/repository/net/sf/ehcache/ehcache/2.10.6/ehcache-2.10.6.jar
7f210c135000-7f210c18c000 r--s 0036e000 08:03 1709936                    /home/salvio/.m2/repository/net/bytebuddy/byte-buddy/1.12.18/byte-buddy-1.12.18.jar
7f210c18c000-7f210c215000 r--s 0069f000 08:03 1709939                    /home/salvio/.m2/repository/org/hibernate/hibernate-core/5.6.15.Final/hibernate-core-5.6.15.Final.jar
7f210c215000-7f210c300000 r--s 00c37000 08:03 3932539                    /home/salvio/.m2/repository/br/org/coletivoJava/fw/carameloWebAppTaglib/1.0.0-RC-SNAPSHOT/carameloWebAppTaglib-1.0.0-RC-SNAPSHOT.jar
7f210c300000-7f210c500000 rw-p 00000000 00:00 0 
7f210c500000-7f210c503000 ---p 00000000 00:00 0 
7f210c503000-7f210c600000 rw-p 00000000 00:00 0 
7f210c600000-7f210c603000 ---p 00000000 00:00 0 
7f210c603000-7f210c700000 rw-p 00000000 00:00 0 
7f210c700000-7f210c703000 ---p 00000000 00:00 0 
7f210c703000-7f210ca00000 rw-p 00000000 00:00 0 
7f210ca00000-7f210ca09000 r-xp 00000000 08:02 5922137                    /usr/java/jdk1.8.0_202-amd64/jre/lib/amd64/libmanagement.so
7f210ca09000-7f210cc08000 ---p 00009000 08:02 5922137                    /usr/java/jdk1.8.0_202-amd64/jre/lib/amd64/libmanagement.so
7f210cc08000-7f210cc09000 r--p 00008000 08:02 5922137                    /usr/java/jdk1.8.0_202-amd64/jre/lib/amd64/libmanagement.so
7f210cc09000-7f210cc0a000 rw-p 00009000 08:02 5922137                    /usr/java/jdk1.8.0_202-amd64/jre/lib/amd64/libmanagement.so
7f210cc0a000-7f210cc0d000 r--s 000c5000 08:03 1055477                    /home/salvio/.m2/repository/org/jboss/weld/probe/weld-probe-core/2.4.8.Final/weld-probe-core-2.4.8.Final.jar
7f210cc0d000-7f210cc12000 r--s 00011000 08:03 1055476                    /home/salvio/.m2/repository/org/jboss/weld/weld-spi/2.4.SP2/weld-spi-2.4.SP2.jar
7f210cc12000-7f210cc15000 r--s 00012000 08:03 1055475                    /home/salvio/.m2/repository/org/jboss/weld/environment/weld-environment-common/2.4.8.Final/weld-environment-common-2.4.8.Final.jar
7f210cc15000-7f210cc18000 r--s 00015000 08:03 1055472                    /home/salvio/.m2/repository/org/jboss/weld/servlet/weld-servlet-core/2.4.8.Final/weld-servlet-core-2.4.8.Final.jar
7f210cc18000-7f210cc1c000 r--s 00033000 08:03 1055467                    /home/salvio/.m2/repository/org/glassfish/javax.el/3.0.0/javax.el-3.0.0.jar
7f210cc1c000-7f210cc20000 r--s 00020000 08:03 1053120                    /home/salvio/.m2/repository/org/glassfish/jakarta.json/2.0.1/jakarta.json-2.0.1.jar
7f210cc20000-7f210cc21000 r--s 00006000 08:03 1054340                    /home/salvio/.m2/repository/javax/transaction/javax.transaction-api/1.3/javax.transaction-api-1.3.jar
7f210cc21000-7f210cc23000 r--s 00005000 08:03 1054343                    /home/salvio/.m2/repository/com/fasterxml/jackson/datatype/jackson-datatype-hibernate5/2.13.1/jackson-datatype-hibernate5-2.13.1.jar
7f210cc23000-7f210cc25000 r--s 00005000 08:03 1048779                    /home/salvio/.m2/repository/br/org/coletivoJava/fw/SBServlets/1.0.0-RC-SNAPSHOT/SBServlets-1.0.0-RC-SNAPSHOT.jar
7f210cc25000-7f210cc2a000 r--s 0001a000 08:03 1048776                    /home/salvio/.m2/repository/br/org/coletivoJava/fw/SBRestClient/1.0.0-RC-SNAPSHOT/SBRestClient-1.0.0-RC-SNAPSHOT.jar
7f210cc2a000-7f210cc2c000 r--s 00004000 08:03 1048789                    /home/salvio/.m2/repository/br/org/coletivoJava/fw/api/erp/comunicacao/apiComunicacao/1.0.0-RC-SNAPSHOT/apiComunicacao-1.0.0-RC-SNAPSHOT.jar
7f210cc2c000-7f210cc47000 r--s 0012e000 08:03 1054191                    /home/salvio/.m2/repository/net/sf/ehcache/ehcache-core/2.6.11/ehcache-core-2.6.11.jar
7f210cc47000-7f210ccc0000 r--s 010ef000 08:02 5923789                    /usr/java/jdk1.8.0_202-amd64/lib/tools.jar
7f210ccc0000-7f210cec0000 rw-p 00000000 00:00 0 
7f210cec0000-7f210cec1000 r--s 00001000 08:03 2101269                    /home/salvio/.m2/repository/org/hibernate/hibernate-hikaricp/5.6.15.Final/hibernate-hikaricp-5.6.15.Final.jar
7f210cec1000-7f210cec5000 r--s 00023000 08:03 2101121                    /home/salvio/.m2/repository/com/zaxxer/HikariCP/3.4.5/HikariCP-3.4.5.jar
7f210cec5000-7f210cec6000 r--s 00000000 08:03 1710233                    /home/salvio/.m2/repository/org/hibernate/hibernate-entitymanager/5.6.15.Final/hibernate-entitymanager-5.6.15.Final.jar
7f210cec6000-7f210cec8000 r--s 0000c000 08:03 1191863                    /home/salvio/.m2/repository/org/hibernate/hibernate-ehcache/5.6.15.Final/hibernate-ehcache-5.6.15.Final.jar
7f210cec8000-7f210cecc000 r--s 0001c000 08:03 1709982                    /home/salvio/.m2/repository/javax/xml/bind/jaxb-api/2.3.1/jaxb-api-2.3.1.jar
7f210cecc000-7f210cecf000 r--s 00011000 08:03 1709967                    /home/salvio/.m2/repository/org/hibernate/common/hibernate-commons-annotations/5.1.2.Final/hibernate-commons-annotations-5.1.2.Final.jar
7f210cecf000-7f210ced1000 r--s 0000c000 08:03 1054181                    /home/salvio/.m2/repository/javax/activation/javax.activation-api/1.2.0/javax.activation-api-1.2.0.jar
7f210ced1000-7f210ced3000 r--s 0000f000 08:03 1709953                    /home/salvio/.m2/repository/com/fasterxml/classmate/1.5.1/classmate-1.5.1.jar
7f210ced3000-7f210cee5000 r--s 00187000 08:03 1709935                    /home/salvio/.m2/repository/com/google/protobuf/protobuf-java/3.21.9/protobuf-java-3.21.9.jar
7f210cee5000-7f210cf00000 r--s 00243000 08:03 1709933                    /home/salvio/.m2/repository/com/mysql/mysql-connector-j/8.0.33/mysql-connector-j-8.0.33.jar
7f210cf00000-7f210cf03000 ---p 00000000 00:00 0 
7f210cf03000-7f210d1c0000 rw-p 00000000 00:00 0 
7f210d1c0000-7f210d3c0000 rw-p 00000000 00:00 0 
7f210d3c0000-7f210d5c0000 rw-p 00000000 00:00 0 
7f210d5c0000-7f210d7c0000 rw-p 00000000 00:00 0 
7f210d7c0000-7f210d9c0000 rw-p 00000000 00:00 0 
7f210d9c0000-7f210dc00000 rw-p 00000000 00:00 0 
7f210dc00000-7f210dc03000 r-xp 00000000 08:02 10375130                   /tmp/jansi-2.4.1-1834af632ff4816c-libjansi.so
7f210dc03000-7f210de02000 ---p 00003000 08:02 10375130                   /tmp/jansi-2.4.1-1834af632ff4816c-libjansi.so
7f210de02000-7f210de03000 r--p 00002000 08:02 10375130                   /tmp/jansi-2.4.1-1834af632ff4816c-libjansi.so
7f210de03000-7f210de04000 rw-p 00003000 08:02 10375130                   /tmp/jansi-2.4.1-1834af632ff4816c-libjansi.so
7f210de04000-7f210de06000 r--s 00005000 08:03 1054175                    /home/salvio/.m2/repository/org/jboss/spec/javax/transaction/jboss-transaction-api_1.2_spec/1.1.1.Final/jboss-transaction-api_1.2_spec-1.1.1.Final.jar
7f210de06000-7f210de0b000 r--s 00068000 08:03 1053850                    /home/salvio/.m2/repository/antlr/antlr/2.7.7/antlr-2.7.7.jar
7f210de0b000-7f210de11000 r--s 00023000 08:03 1054172                    /home/salvio/.m2/repository/javax/persistence/javax.persistence-api/2.2/javax.persistence-api-2.2.jar
7f210de11000-7f210de18000 r--s 00040000 08:03 1048777                    /home/salvio/.m2/repository/br/org/coletivoJava/fw/SBPersistencia/1.0.0-RC-SNAPSHOT/SBPersistencia-1.0.0-RC-SNAPSHOT.jar
7f210de18000-7f210de28000 r--s 000a8000 08:03 1055466                    /home/salvio/.m2/repository/org/apache/commons/commons-collections4/4.1/commons-collections4-4.1.jar
7f210de28000-7f210de54000 r--s 00268000 08:03 1055465                    /home/salvio/.m2/repository/org/apache/poi/poi/3.17/poi-3.17.jar
7f210de54000-7f210de57000 r--s 01819000 08:03 1053952                    /home/salvio/.m2/repository/nu/pattern/opencv/2.4.9-7/opencv-2.4.9-7.jar
7f210de57000-7f210de61000 r--s 00254000 08:03 1053950                    /home/salvio/.m2/repository/net/imagej/ij/1.53u/ij-1.53u.jar
7f210de61000-7f210de63000 r--s 00003000 08:03 1048774                    /home/salvio/.m2/repository/br/org/coletivoJava/utilitarios/editorImagem/1.0.0-RC-SNAPSHOT/editorImagem-1.0.0-RC-SNAPSHOT.jar
7f210de63000-7f210de64000 r--s 00006000 08:03 1054729                    /home/salvio/.m2/repository/org/codehaus/jackson/jackson-xc/1.9.2/jackson-xc-1.9.2.jar
7f210de64000-7f210de65000 r--s 00004000 08:03 1054726                    /home/salvio/.m2/repository/org/codehaus/jackson/jackson-jaxrs/1.9.2/jackson-jaxrs-1.9.2.jar
7f210de65000-7f210de73000 r--s 000ad000 08:03 1054725                    /home/salvio/.m2/repository/org/codehaus/jackson/jackson-mapper-asl/1.9.2/jackson-mapper-asl-1.9.2.jar
7f210de73000-7f210de77000 r--s 00034000 08:03 1054722                    /home/salvio/.m2/repository/org/codehaus/jackson/jackson-core-asl/1.9.2/jackson-core-asl-1.9.2.jar
7f210de77000-7f210de8a000 r--s 000c7000 08:03 1054716                    /home/salvio/.m2/repository/com/sun/xml/bind/jaxb-impl/2.2.3-1/jaxb-impl-2.2.3-1.jar
7f210de8a000-7f210de8c000 r--s 0000f000 08:03 1054713                    /home/salvio/.m2/repository/org/codehaus/jettison/jettison/1.1/jettison-1.1.jar
7f210de8c000-7f210de90000 r--s 00025000 08:03 1054711                    /home/salvio/.m2/repository/com/sun/jersey/jersey-json/1.19.4/jersey-json-1.19.4.jar
7f210de90000-7f210de9a000 r--s 00061000 08:03 1054708                    /home/salvio/.m2/repository/com/sun/jersey/jersey-core/1.19.4/jersey-core-1.19.4.jar
7f210de9a000-7f210de9d000 r--s 0001e000 08:03 1054706                    /home/salvio/.m2/repository/com/sun/jersey/jersey-client/1.19.4/jersey-client-1.19.4.jar
7f210de9d000-7f210de9e000 r--s 00004000 08:03 1054704                    /home/salvio/.m2/repository/org/glassfish/hk2/osgi-resource-locator/1.0.1/osgi-resource-locator-1.0.1.jar
7f210de9e000-7f210dea1000 r--s 00027000 08:03 1054703                    /home/salvio/.m2/repository/org/glassfish/hk2/hk2-locator/2.4.0-b10/hk2-locator-2.4.0-b10.jar
7f210dea1000-7f210dea2000 r--s 00001000 08:03 1054701                    /home/salvio/.m2/repository/org/glassfish/hk2/external/javax.inject/2.4.0-b10/javax.inject-2.4.0-b10.jar
7f210dea2000-7f210dea5000 r--s 00015000 08:03 1054697                    /home/salvio/.m2/repository/org/glassfish/hk2/hk2-utils/2.4.0-b10/hk2-utils-2.4.0-b10.jar
7f210dea5000-7f210deaa000 r--s 00028000 08:03 1054691                    /home/salvio/.m2/repository/org/glassfish/hk2/hk2-api/2.4.0-b10/hk2-api-2.4.0-b10.jar
7f210deaa000-7f210dec1000 r--s 000d5000 08:03 1054694                    /home/salvio/.m2/repository/org/glassfish/jersey/bundles/repackaged/jersey-guava/2.17/jersey-guava-2.17.jar
7f210dec1000-7f210decf000 r--s 00098000 08:03 1054690                    /home/salvio/.m2/repository/org/glassfish/jersey/core/jersey-common/2.17/jersey-common-2.17.jar
7f210decf000-7f210dede000 r--s 00094000 08:03 1048828                    /home/salvio/.m2/repository/br/org/coletivoJava/fw/SBWebPaginas/1.0.0-RC-SNAPSHOT/SBWebPaginas-1.0.0-RC-SNAPSHOT.jar
7f210dede000-7f210deef000 r--s 0008a000 08:03 1056180                    /home/salvio/.m2/repository/joda-time/joda-time/2.9.9/joda-time-2.9.9.jar
7f210deef000-7f210deff000 r--s 000a7000 08:03 1056178                    /home/salvio/.m2/repository/org/mongodb/mongodb-driver-core/3.0.4/mongodb-driver-core-3.0.4.jar
7f210deff000-7f210df02000 ---p 00000000 00:00 0 
7f210df02000-7f210f800000 rw-p 00000000 00:00 0 
7f210f800000-7f210f816000 r-xp 00000000 08:02 5922139                    /usr/java/jdk1.8.0_202-amd64/jre/lib/amd64/libnet.so
7f210f816000-7f210fa16000 ---p 00016000 08:02 5922139                    /usr/java/jdk1.8.0_202-amd64/jre/lib/amd64/libnet.so
7f210fa16000-7f210fa17000 r--p 00016000 08:02 5922139                    /usr/java/jdk1.8.0_202-amd64/jre/lib/amd64/libnet.so
7f210fa17000-7f210fa18000 rw-p 00017000 08:02 5922139                    /usr/java/jdk1.8.0_202-amd64/jre/lib/amd64/libnet.so
7f210fa18000-7f210fa1a000 r--s 00002000 08:03 1054698                    /home/salvio/.m2/repository/org/glassfish/hk2/external/aopalliance-repackaged/2.4.0-b10/aopalliance-repackaged-2.4.0-b10.jar
7f210fa1a000-7f210fa1c000 r--s 00005000 08:03 1054695                    /home/salvio/.m2/repository/javax/annotation/javax.annotation-api/1.2/javax.annotation-api-1.2.jar
7f210fa1c000-7f210fa20000 r--s 00019000 08:03 1054692                    /home/salvio/.m2/repository/javax/ws/rs/javax.ws.rs-api/2.0.1/javax.ws.rs-api-2.0.1.jar
7f210fa20000-7f210fa22000 r--s 00001000 08:03 1054688                    /home/salvio/.m2/repository/org/zalando/phrs/jersey-media-json-gson/0.1/jersey-media-json-gson-0.1.jar
7f210fa22000-7f210fa23000 r--s 00001000 08:03 1048827                    /home/salvio/.m2/repository/br/org/coletivoJava/utilitarios/clienteRest/1.0.0-RC-SNAPSHOT/clienteRest-1.0.0-RC-SNAPSHOT.jar
7f210fa23000-7f210fa25000 r--s 00001000 08:03 1048825                    /home/salvio/.m2/repository/br/org/coletivoJava/fw/api/erp/SBErpIntegracaoSistemas/SBErpIntegracaoSistemas/1.0.0-RC-SNAPSHOT/SBErpIntegracaoSistemas-1.0.0-RC-SNAPSHOT.jar
7f210fa25000-7f210fa2a000 r--s 00032000 08:03 1056176                    /home/salvio/.m2/repository/org/mongodb/bson/3.0.4/bson-3.0.4.jar
7f210fa2a000-7f210fa30000 r--s 00048000 08:03 1056177                    /home/salvio/.m2/repository/org/mongodb/mongodb-driver/3.0.4/mongodb-driver-3.0.4.jar
7f210fa30000-7f210fa48000 r--s 00132000 08:03 1056174                    /home/salvio/.m2/repository/org/freemarker/freemarker/2.3.23/freemarker-2.3.23.jar
7f210fa48000-7f210fa4d000 r--s 004ef000 08:03 1056175                    /home/salvio/.m2/repository/org/xerial/sqlite-jdbc/3.8.11.1/sqlite-jdbc-3.8.11.1.jar
7f210fa4d000-7f210fa51000 r--s 001b1000 08:03 1056172                    /home/salvio/.m2/repository/com/relevantcodes/extentreports/2.41.2/extentreports-2.41.2.jar
7f210fa51000-7f210fa53000 r--s 00003000 08:03 1048735                    /home/salvio/.m2/repository/br/org/coletivoJava/fw/api/erp/cepBR/SbErpCodigoPostalBRRepublicaVirtual/1.0.0-RC-SNAPSHOT/SbErpCodigoPostalBRRepublicaVirtual-1.0.0-RC-SNAPSHOT.jar
7f210fa53000-7f210fa58000 r--s 00048000 08:03 1052310                    /home/salvio/.m2/repository/dom4j/dom4j/1.6.1/dom4j-1.6.1.jar
7f210fa58000-7f210fa61000 r--s 0002d000 08:03 1053128                    /home/salvio/.m2/repository/xml-apis/xml-apis/1.4.01/xml-apis-1.4.01.jar
7f210fa61000-7f210fa62000 r--s 00001000 08:03 1196833                    /home/salvio/.m2/repository/br/org/coletivoJava/fw/api/erp/cepBR/SbErpCodigoPostalBRApiFreeRedundante/1.0.0-RC-SNAPSHOT/SbErpCodigoPostalBRApiFreeRedundante-1.0.0-RC-SNAPSHOT.jar
7f210fa62000-7f210fa63000 r--s 00005000 08:03 1052853                    /home/salvio/.m2/repository/com/googlecode/json-simple/json-simple/1.1.1/json-simple-1.1.1.jar
7f210fa63000-7f210fa65000 r--s 00005000 08:03 1050941                    /home/salvio/.m2/repository/org/jetbrains/annotations/22.0.0/annotations-22.0.0.jar
7f210fa65000-7f210fa67000 r--s 00006000 08:03 1048864                    /home/salvio/.m2/repository/midoricorp/Matrix-ClientServer-API-java/1.1-SNAPSHOT/Matrix-ClientServer-API-java-1.1-SNAPSHOT.jar
7f210fa67000-7f210fa6b000 r--s 00018000 08:03 1048863                    /home/salvio/.m2/repository/br/org/coletivoJava/fw/integracoes/intMatrixChat/1.0-SNAPSHOT/intMatrixChat-1.0-SNAPSHOT.jar
7f210fa6b000-7f210fa6d000 r--s 00002000 08:03 1048860                    /home/salvio/.m2/repository/br/org/coletivoJava/fw/api/erp/chat/SbErpChat/1.0.0-RC-SNAPSHOT/SbErpChat-1.0.0-RC-SNAPSHOT.jar
7f210fa6d000-7f210fa77000 r--s 000aa000 08:03 1052316                    /home/salvio/.m2/repository/org/javassist/javassist/3.21.0-GA/javassist-3.21.0-GA.jar
7f210fa77000-7f210fa7b000 r--s 0001d000 08:03 1048742                    /home/salvio/.m2/repository/org/reflections/reflections/0.9.12-SNAPSHOT/reflections-0.9.12-SNAPSHOT.jar
7f210fa7b000-7f210fa81000 r--s 00044000 08:03 1052521                    /home/salvio/.m2/repository/org/apache/logging/log4j/log4j-api/2.16.0/log4j-api-2.16.0.jar
7f210fa81000-7f210faa3000 r--s 00193000 08:03 1052522                    /home/salvio/.m2/repository/org/apache/logging/log4j/log4j-core/2.16.0/log4j-core-2.16.0.jar
7f210faa3000-7f210faa5000 r--s 00003000 08:03 1052515                    /home/salvio/.m2/repository/com/fasterxml/jackson/datatype/jackson-datatype-json-org/2.13.0/jackson-datatype-json-org-2.13.0.jar
7f210faa5000-7f210faa7000 r--s 0000a000 08:03 1052512                    /home/salvio/.m2/repository/jakarta/json/jakarta.json-api/2.0.0/jakarta.json-api-2.0.0.jar
7f210faa7000-7f210fab8000 r--s 00057000 08:03 1048749                    /home/salvio/.m2/repository/br/org/coletivoJava/fw/SBApiCore/1.0.0-RC-SNAPSHOT/SBApiCore-1.0.0-RC-SNAPSHOT.jar
7f210fab8000-7f210fabb000 r--s 0000d000 08:03 1048875                    /home/salvio/.m2/repository/br/org/coletivoJava/fw/integracoes/intWhatsapp/1.0-SNAPSHOT/intWhatsapp-1.0-SNAPSHOT.jar
7f210fabb000-7f210fabe000 r--s 00017000 08:03 1181209                    /home/salvio/.m2/repository/br/org/coletivoJava/fw/api/erp/chat/SbErpChatMatrixOrg/1.0.0-RC-SNAPSHOT/SbErpChatMatrixOrg-1.0.0-RC-SNAPSHOT.jar
7f210fabe000-7f210fac2000 r--s 00052000 08:03 1055945                    /home/salvio/.m2/repository/com/fasterxml/jackson/core/jackson-core/2.11.0/jackson-core-2.11.0.jar
7f210fac2000-7f210fac5000 r--s 0000e000 08:03 1055943                    /home/salvio/.m2/repository/com/fasterxml/jackson/core/jackson-annotations/2.11.0/jackson-annotations-2.11.0.jar
7f210fac5000-7f210fadb000 r--s 00145000 08:03 1055939                    /home/salvio/.m2/repository/com/fasterxml/jackson/core/jackson-databind/2.11.0/jackson-databind-2.11.0.jar
7f210fadb000-7f210fae8000 r--s 000b1000 08:03 1055938                    /home/salvio/.m2/repository/org/apache/httpcomponents/httpclient/4.5.12/httpclient-4.5.12.jar
7f210fae8000-7f210fb00000 r--s 000eb000 08:03 6429960                    /home/salvio/.m2/repository/com/amazonaws/aws-java-sdk-core/1.12.777/aws-java-sdk-core-1.12.777.jar
7f210fb00000-7f210fb03000 ---p 00000000 00:00 0 
7f210fb03000-7f210fc00000 rw-p 00000000 00:00 0 
7f210fc00000-7f210fc11000 r-xp 00000000 08:02 5922140                    /usr/java/jdk1.8.0_202-amd64/jre/lib/amd64/libnio.so
7f210fc11000-7f210fe10000 ---p 00011000 08:02 5922140                    /usr/java/jdk1.8.0_202-amd64/jre/lib/amd64/libnio.so
7f210fe10000-7f210fe11000 r--p 00010000 08:02 5922140                    /usr/java/jdk1.8.0_202-amd64/jre/lib/amd64/libnio.so
7f210fe11000-7f210fe12000 rw-p 00011000 08:02 5922140                    /usr/java/jdk1.8.0_202-amd64/jre/lib/amd64/libnio.so
7f210fe12000-7f210fe14000 r--s 00003000 08:03 1052509                    /home/salvio/.m2/repository/com/fasterxml/jackson/datatype/jackson-datatype-jakarta-jsonp/2.13.0/jackson-datatype-jakarta-jsonp-2.13.0.jar
7f210fe14000-7f210fe1c000 r--s 00049000 08:03 1054348                    /home/salvio/.m2/repository/org/apache/httpcomponents/httpcore/4.4.13/httpcore-4.4.13.jar
7f210fe1c000-7f210fe1e000 r--s 00005000 08:03 6429961                    /home/salvio/.m2/repository/com/amazonaws/jmespath-java/1.12.777/jmespath-java-1.12.777.jar
7f210fe1e000-7f210fe20000 r--s 00010000 08:03 6429962                    /home/salvio/.m2/repository/com/fasterxml/jackson/dataformat/jackson-dataformat-cbor/2.17.2/jackson-dataformat-cbor-2.17.2.jar
7f210fe20000-7f210fe2f000 r--s 000ab000 08:03 6429976                    /home/salvio/.m2/repository/com/amazonaws/aws-java-sdk-kms/1.12.777/aws-java-sdk-kms-1.12.777.jar
7f210fe2f000-7f210fe4b000 r--s 0011d000 08:03 6429974                    /home/salvio/.m2/repository/com/amazonaws/aws-java-sdk-s3/1.12.777/aws-java-sdk-s3-1.12.777.jar
7f210fe4b000-7f210fe4f000 r--s 0000c000 08:03 1053132                    /home/salvio/.m2/repository/javax/validation/validation-api/1.1.0.Final/validation-api-1.1.0.Final.jar
7f210fe4f000-7f210fe51000 r--s 00000000 08:03 1053130                    /home/salvio/.m2/repository/de/sven-jacobs/loremipsum/1.0/loremipsum-1.0.jar
7f210fe51000-7f210fe53000 r--s 00008000 08:03 1053117                    /home/salvio/.m2/repository/com/jayway/restassured/rest-assured-common/2.9.0/rest-assured-common-2.9.0.jar
7f210fe53000-7f210fea0000 r--s 0040c000 08:03 1053118                    /home/salvio/.m2/repository/org/codehaus/groovy/groovy/2.4.4/groovy-2.4.4.jar
7f210fea0000-7f210fea2000 r--s 0001e000 08:03 1053114                    /home/salvio/.m2/repository/org/codehaus/groovy/groovy-json/2.4.4/groovy-json-2.4.4.jar
7f210fea2000-7f210fea4000 r--s 0000b000 08:03 1053113                    /home/salvio/.m2/repository/com/jayway/restassured/json-path/2.9.0/json-path-2.9.0.jar
7f210fea4000-7f210feab000 r--s 0003a000 08:03 1053110                    /home/salvio/.m2/repository/commons-codec/commons-codec/1.9/commons-codec-1.9.jar
7f210feab000-7f210fead000 r--s 0000a000 08:03 1053106                    /home/salvio/.m2/repository/javax/ws/rs/jsr311-api/1.1.1/jsr311-api-1.1.1.jar
7f210fead000-7f210feb2000 r--s 00036000 08:03 1053105                    /home/salvio/.m2/repository/com/google/code/gson/gson/2.8.5/gson-2.8.5.jar
7f210feb2000-7f210feb9000 r--s 00065000 08:03 1708249                    /home/salvio/.m2/repository/org/jsoup/jsoup/1.15.4/jsoup-1.15.4.jar
7f210feb9000-7f210febd000 r--s 00029000 08:03 1053088                    /home/salvio/.m2/repository/org/apache/commons/commons-text/1.3/commons-text-1.3.jar
7f210febd000-7f210febe000 r--s 00002000 08:03 1048747                    /home/salvio/.m2/repository/mtfn/mtfn/0.0.2/mtfn-0.0.2.jar
7f210febe000-7f210fec0000 r--s 00002000 08:03 1048755                    /home/salvio/.m2/repository/br/org/coletivoJava/fw/api/erp/cepBR/SbErpCodigoPostalBR/1.0.0-RC-SNAPSHOT/SbErpCodigoPostalBR-1.0.0-RC-SNAPSHOT.jar
7f210fec0000-7f210fed2000 r--s 000b0000 08:03 6429958                    /home/salvio/.m2/repository/com/amazonaws/aws-java-sdk-ses/1.12.777/aws-java-sdk-ses-1.12.777.jar
7f210fed2000-7f210fee7000 r--s 000d1000 08:03 1048768                    /home/salvio/.m2/repository/br/org/coletivoJava/fw/SBCore/1.0.0-RC-SNAPSHOT/SBCore-1.0.0-RC-SNAPSHOT.jar
7f210fee7000-7f210fee9000 r--s 00007000 08:03 1048832                    /home/salvio/.m2/repository/br/org/coletivoJava/utilitarios/gestaoArquivosProtocoloS3/1.0.0-RC-SNAPSHOT/gestaoArquivosProtocoloS3-1.0.0-RC-SNAPSHOT.jar
7f210fee9000-7f210fef0000 r--s 00026000 08:03 6685488                    /home/salvio/.m2/repository/br/org/carameloCode/erp/notificacao/SbErpNotificacoes/1.0.0-RC-SNAPSHOT/SbErpNotificacoes-1.0.0-RC-SNAPSHOT.jar
7f210fef0000-7f210fef6000 r--s 00030000 08:03 1048824                    /home/salvio/.m2/repository/br/org/coletivoJava/fw/modulos/SBAcessosModel/1.0.0-RC-SNAPSHOT/SBAcessosModel-1.0.0-RC-SNAPSHOT.jar
7f210fef6000-7f210ff00000 r--s 00073000 08:03 1051627                    /home/salvio/.m2/repository/commons-io/commons-io/2.16.1/commons-io-2.16.1.jar
7f210ff00000-7f210ff03000 ---p 00000000 00:00 0 
7f210ff03000-7f2110021000 rw-p 00000000 00:00 0 
7f2110021000-7f2114000000 ---p 00000000 00:00 0 
7f2114000000-7f2114001000 r--s 00002000 08:03 1048850                    /home/salvio/.m2/repository/br/org/coletivoJava/fw/integracoes/intAmazonShortMessageService/1.0.0-RC-SNAPSHOT/intAmazonShortMessageService-1.0.0-RC-SNAPSHOT.jar
7f2114001000-7f2114004000 r--s 00019000 08:03 2891286                    /home/salvio/.m2/repository/org/apache/xmlgraphics/batik-codec/1.18/batik-codec-1.18.jar
7f2114004000-7f2114009000 r--s 00033000 08:03 2891284                    /home/salvio/.m2/repository/org/apache/xmlgraphics/batik-svggen/1.18/batik-svggen-1.18.jar
7f2114009000-7f211400c000 r--s 0001d000 08:03 2891282                    /home/salvio/.m2/repository/org/apache/xmlgraphics/batik-transcoder/1.18/batik-transcoder-1.18.jar
7f211400c000-7f211400f000 r--s 0002c000 08:03 2891280                    /home/salvio/.m2/repository/org/apache/xmlgraphics/batik-gvt/1.18/batik-gvt-1.18.jar
7f211400f000-7f2114011000 r--s 00010000 08:03 2891278                    /home/salvio/.m2/repository/org/apache/xmlgraphics/batik-extension/1.18/batik-extension-1.18.jar
7f2114011000-7f2114013000 r--s 00007000 08:03 2891275                    /home/salvio/.m2/repository/org/apache/xmlgraphics/batik-xml/1.18/batik-xml-1.18.jar
7f2114013000-7f2114015000 r--s 00005000 08:03 2891273                    /home/salvio/.m2/repository/org/apache/xmlgraphics/batik-script/1.18/batik-script-1.18.jar
7f2114015000-7f2114021000 r--s 000a1000 08:03 2891272                    /home/salvio/.m2/repository/org/apache/xmlgraphics/batik-bridge/1.18/batik-bridge-1.18.jar
7f2114021000-7f2114028000 r--s 00061000 08:03 2891270                    /home/salvio/.m2/repository/org/apache/xmlgraphics/batik-awt-util/1.18/batik-awt-util-1.18.jar
7f2114028000-7f211402d000 r--s 00010000 08:03 2890207                    /home/salvio/.m2/repository/xml-apis/xml-apis-ext/1.3.04/xml-apis-ext-1.3.04.jar
7f211402d000-7f211402e000 r--s 00002000 08:03 2891268                    /home/salvio/.m2/repository/org/apache/xmlgraphics/batik-i18n/1.18/batik-i18n-1.18.jar
7f211402e000-7f2114030000 r--s 00001000 08:03 2891265                    /home/salvio/.m2/repository/org/apache/xmlgraphics/batik-constants/1.18/batik-constants-1.18.jar
7f2114030000-7f2114034000 r--s 0001c000 08:03 2891263                    /home/salvio/.m2/repository/org/apache/xmlgraphics/batik-util/1.18/batik-util-1.18.jar
7f2114034000-7f2114038000 r--s 00035000 08:03 2891262                    /home/salvio/.m2/repository/org/apache/xmlgraphics/batik-svg-dom/1.18/batik-svg-dom-1.18.jar
7f2114038000-7f2114039000 r--s 00001000 08:03 2891260                    /home/salvio/.m2/repository/org/apache/xmlgraphics/batik-shared-resources/1.18/batik-shared-resources-1.18.jar
7f2114039000-7f211403b000 r--s 00011000 08:03 2891258                    /home/salvio/.m2/repository/org/apache/xmlgraphics/batik-parser/1.18/batik-parser-1.18.jar
7f211403b000-7f211403c000 r--s 00002000 08:03 2891254                    /home/salvio/.m2/repository/org/apache/xmlgraphics/batik-ext/1.18/batik-ext-1.18.jar
7f211403c000-7f2114040000 r--s 00029000 08:03 2891252                    /home/salvio/.m2/repository/org/apache/xmlgraphics/batik-dom/1.18/batik-dom-1.18.jar
7f2114040000-7f2114047000 r--s 0004a000 08:03 2891250                    /home/salvio/.m2/repository/org/apache/xmlgraphics/batik-css/1.18/batik-css-1.18.jar
7f2114047000-7f2114053000 r--s 0006b000 08:03 2891247                    /home/salvio/.m2/repository/org/apache/xmlgraphics/batik-anim/1.18/batik-anim-1.18.jar
7f2114053000-7f2114098000 r--s 003fa000 08:03 2891248                    /home/salvio/.m2/repository/org/apache/xmlgraphics/fop-core/2.10/fop-core-2.10.jar
7f2114098000-7f211409a000 r--s 00005000 08:03 2891241                    /home/salvio/.m2/repository/org/apache/xmlgraphics/fop-util/2.10/fop-util-2.10.jar
7f211409a000-7f211409e000 r--s 000a4000 08:03 1053874                    /home/salvio/.m2/repository/org/plutext/jaxb-xslfo/1.0.1/jaxb-xslfo-1.0.1.jar
7f211409e000-7f21140a0000 r--s 00018000 08:03 2891231                    /home/salvio/.m2/repository/org/docx4j/docx4j-export-fo/8.3.15/docx4j-export-fo-8.3.15.jar
7f21140a0000-7f21140a2000 r--s 00006000 08:03 2892203                    /home/salvio/.m2/repository/com/sun/istack/istack-commons-runtime/3.0.12/istack-commons-runtime-3.0.12.jar
7f21140a2000-7f21140a4000 r--s 00010000 08:03 2892202                    /home/salvio/.m2/repository/org/glassfish/jaxb/txw2/2.3.8/txw2-2.3.8.jar
7f21140a4000-7f21140a8000 r--s 00019000 08:03 2892205                    /home/salvio/.m2/repository/jakarta/xml/bind/jakarta.xml.bind-api/2.3.3/jakarta.xml.bind-api-2.3.3.jar
7f21140a8000-7f21140bd000 r--s 000e4000 08:03 2892201                    /home/salvio/.m2/repository/org/glassfish/jaxb/jaxb-runtime/2.3.8/jaxb-runtime-2.3.8.jar
7f21140bd000-7f21140bf000 r--s 00000000 08:03 2892211                    /home/salvio/.m2/repository/org/docx4j/docx4j-JAXB-ReferenceImpl/8.3.15/docx4j-JAXB-ReferenceImpl-8.3.15.jar
7f21140bf000-7f21140c3000 r--s 00028000 08:03 2890154                    /home/salvio/.m2/repository/com/thoughtworks/qdox/qdox/1.12.1/qdox-1.12.1.jar
7f21140c3000-7f21140ca000 r--s 0017a000 08:03 2891234                    /home/salvio/.m2/repository/org/apache/pdfbox/fontbox/2.0.34/fontbox-2.0.34.jar
7f21140ca000-7f21140cc000 r--s 00002000 08:03 2890151                    /home/salvio/.m2/repository/com/google/errorprone/error_prone_annotations/2.3.3/error_prone_annotations-2.3.3.jar
7f21140cc000-7f21140d8000 r--s 0002f000 08:03 2890147                    /home/salvio/.m2/repository/org/checkerframework/checker-qual/3.51.0/checker-qual-3.51.0.jar
7f21140d8000-7f21140db000 r--s 00022000 08:03 1053848                    /home/salvio/.m2/repository/org/antlr/stringtemplate/3.2.1/stringtemplate-3.2.1.jar
7f21140db000-7f21140ef000 r--s 001a7000 08:03 1053870                    /home/salvio/.m2/repository/org/docx4j/org/apache/xalan-interpretive/8.0.0/xalan-interpretive-8.0.0.jar
7f21140ef000-7f21140fb000 r--s 0009c000 08:03 2891931                    /home/salvio/.m2/repository/org/apache/xmlgraphics/xmlgraphics-commons/2.11/xmlgraphics-commons-2.11.jar
7f21140fb000-7f21140fe000 ---p 00000000 00:00 0 
7f21140fe000-7f21141fb000 rw-p 00000000 00:00 0 
7f21141fb000-7f21141fc000 ---p 00000000 00:00 0 
7f21141fc000-7f21142fc000 rw-p 00000000 00:00 0 
7f21142fc000-7f21142ff000 ---p 00000000 00:00 0 
7f21142ff000-7f21143fc000 rw-p 00000000 00:00 0 
7f21143fc000-7f21143fd000 ---p 00000000 00:00 0 
7f21143fd000-7f2114400000 ---p 00000000 00:00 0 
7f2114400000-7f21144fd000 rw-p 00000000 00:00 0 
7f21144fd000-7f21144fe000 ---p 00000000 00:00 0 
7f21144fe000-7f2114501000 ---p 00000000 00:00 0 
7f2114501000-7f21145fe000 rw-p 00000000 00:00 0 
7f21145fe000-7f21145ff000 ---p 00000000 00:00 0 
7f21145ff000-7f2114602000 ---p 00000000 00:00 0 
7f2114602000-7f21146ff000 rw-p 00000000 00:00 0 
7f21146ff000-7f2114700000 ---p 00000000 00:00 0 
7f2114700000-7f2114703000 ---p 00000000 00:00 0 
7f2114703000-7f2114800000 rw-p 00000000 00:00 0 
7f2114800000-7f2114803000 ---p 00000000 00:00 0 
7f2114803000-7f2114900000 rw-p 00000000 00:00 0 
7f2114900000-7f2114903000 ---p 00000000 00:00 0 
7f2114903000-7f2114a00000 rw-p 00000000 00:00 0 
7f2114a00000-7f2114a04000 r-xp 00000000 08:02 5922105                    /usr/java/jdk1.8.0_202-amd64/jre/lib/amd64/libdt_socket.so
7f2114a04000-7f2114c03000 ---p 00004000 08:02 5922105                    /usr/java/jdk1.8.0_202-amd64/jre/lib/amd64/libdt_socket.so
7f2114c03000-7f2114c04000 r--p 00003000 08:02 5922105                    /usr/java/jdk1.8.0_202-amd64/jre/lib/amd64/libdt_socket.so
7f2114c04000-7f2114c05000 rw-p 00004000 08:02 5922105                    /usr/java/jdk1.8.0_202-amd64/jre/lib/amd64/libdt_socket.so
7f2114c05000-7f2114c06000 r--s 0000a000 08:03 2891243                    /home/salvio/.m2/repository/org/apache/xmlgraphics/fop-events/2.10/fop-events-2.10.jar
7f2114c06000-7f2114c0a000 r--s 00027000 08:03 2891930                    /home/salvio/.m2/repository/org/antlr/antlr-runtime/3.5.3/antlr-runtime-3.5.3.jar
7f2114c0a000-7f2114c1d000 r--s 000fe000 08:03 2891933                    /home/salvio/.m2/repository/org/apache/commons/commons-compress/1.28.0/commons-compress-1.28.0.jar
7f2114c1d000-7f2114c29000 r--s 000a0000 08:03 2891927                    /home/salvio/.m2/repository/org/apache/commons/commons-lang3/3.18.0/commons-lang3-3.18.0.jar
7f2114c29000-7f2114c59000 r--s 001f9000 08:03 2891233                    /home/salvio/.m2/repository/org/docx4j/docx4j-openxml-objects/8.3.15/docx4j-openxml-objects-8.3.15.jar
7f2114c59000-7f2114c8e000 r--s 00334000 08:03 2891235                    /home/salvio/.m2/repository/org/docx4j/docx4j-core/8.3.15/docx4j-core-8.3.15.jar
7f2114c8e000-7f2114c91000 ---p 00000000 00:00 0 
7f2114c91000-7f2114d8e000 rw-p 00000000 00:00 0 
7f2114d8e000-7f2114d91000 ---p 00000000 00:00 0 
7f2114d91000-7f2114e8e000 rw-p 00000000 00:00 0 
7f2114e8e000-7f2114e91000 ---p 00000000 00:00 0 
7f2114e91000-7f2114f8e000 rw-p 00000000 00:00 0 
7f2114f8e000-7f2114f91000 ---p 00000000 00:00 0 
7f2114f91000-7f211508e000 rw-p 00000000 00:00 0 
7f211508e000-7f211508f000 ---p 00000000 00:00 0 
7f211508f000-7f2116caa000 rw-p 00000000 00:00 0 
7f2116caa000-7f2116e83000 r--s 03d22000 08:02 5922172                    /usr/java/jdk1.8.0_202-amd64/jre/lib/rt.jar
7f2116e83000-7f2117e49000 rw-p 00000000 00:00 0 
7f2117e49000-7f2117e4a000 ---p 00000000 00:00 0 
7f2117e4a000-7f2117ffe000 rw-p 00000000 00:00 0 
7f2117ffe000-7f2118479000 ---p 00000000 00:00 0 
7f2118479000-7f211852d000 rw-p 00000000 00:00 0 
7f211852d000-7f21189a7000 ---p 00000000 00:00 0 
7f21189a7000-7f2118c15000 rw-p 00000000 00:00 0 
7f2118c15000-7f2118c3f000 ---p 00000000 00:00 0 
7f2118c3f000-7f2118d08000 rw-p 00000000 00:00 0 
7f2118d08000-7f2119000000 ---p 00000000 00:00 0 
7f2119000000-7f211c1d0000 rwxp 00000000 00:00 0 
7f211c1d0000-7f2128000000 ---p 00000000 00:00 0 
7f2128000000-7f212bffe000 rw-p 00000000 00:00 0 
7f212bffe000-7f212c000000 ---p 00000000 00:00 0 
7f212c000000-7f212c001000 r--s 00000000 08:03 2891239                    /home/salvio/.m2/repository/org/apache/xmlgraphics/fop/2.10/fop-2.10.jar
7f212c001000-7f212c003000 r--s 00014000 08:03 2891928                    /home/salvio/.m2/repository/net/arnx/wmf2svg/0.9.11/wmf2svg-0.9.11.jar
7f212c003000-7f212c007000 r--s 00043000 08:03 1053873                    /home/salvio/.m2/repository/org/docx4j/org/apache/xalan-serializer/8.0.0/xalan-serializer-8.0.0.jar
7f212c007000-7f212c008000 r--s 00000000 08:03 1053868                    /home/salvio/.m2/repository/org/docx4j/org/apache/xalan-metainf/8.0.0/xalan-metainf-8.0.0.jar
7f212c008000-7f212c00a000 r--s 00003000 08:03 2891925                    /home/salvio/.m2/repository/org/slf4j/jcl-over-slf4j/2.0.17/jcl-over-slf4j-2.0.17.jar
7f212c00a000-7f212c00e000 r--s 00015000 08:03 1048801                    /home/salvio/.m2/repository/net/engio/mbassador/1.3.2/mbassador-1.3.2.jar
7f212c00e000-7f212c013000 r--s 00040000 08:03 1053808                    /home/salvio/.m2/repository/org/plutext/jaxb-svg11/1.0.2/jaxb-svg11-1.0.2.jar
7f212c013000-7f212c01d000 r--s 00086000 08:03 2891236                    /home/salvio/.m2/repository/org/docx4j/docx4j-openxml-objects-sml/8.3.15/docx4j-openxml-objects-sml-8.3.15.jar
7f212c01d000-7f212c027000 r--s 0004f000 08:03 2891246                    /home/salvio/.m2/repository/org/docx4j/docx4j-openxml-objects-pml/8.3.15/docx4j-openxml-objects-pml-8.3.15.jar
7f212c027000-7f212c033000 r--s 000a6000 08:03 1053856                    /home/salvio/.m2/repository/net/sourceforge/jexcelapi/jxl/2.6.12/jxl-2.6.12.jar
7f212c033000-7f212c035000 r--s 00009000 08:03 1048784                    /home/salvio/.m2/repository/br/org/coletivoJava/utilitarios/editorArquivos/1.0.0-RC-SNAPSHOT/editorArquivos-1.0.0-RC-SNAPSHOT.jar
7f212c035000-7f212c040000 r--s 0008a000 08:03 1053988                    /home/salvio/.m2/repository/c3p0/c3p0/0.9.1.1/c3p0-0.9.1.1.jar
7f212c040000-7f212c04a000 r--s 00098000 08:03 1053986                    /home/salvio/.m2/repository/org/quartz-scheduler/quartz/2.2.1/quartz-2.2.1.jar
7f212c04a000-7f212c04b000 r--s 00003000 08:03 1048775                    /home/salvio/.m2/repository/br/org/coletivoJava/utilitarios/SBTarefaAgendada/1.0.0-RC-SNAPSHOT/SBTarefaAgendada-1.0.0-RC-SNAPSHOT.jar
7f212c04b000-7f212c04d000 r--s 00009000 08:03 1208273                    /home/salvio/.m2/repository/br/org/coletivoJava/fw/integracoes/intMav/1.0.0-RC-SNAPSHOT/intMav-1.0.0-RC-SNAPSHOT.jar
7f212c04d000-7f212c04e000 r--s 00002000 08:03 1180726                    /home/salvio/.m2/repository/com/google/http-client/google-http-client-apache-v2/1.38.0/google-http-client-apache-v2-1.38.0.jar
7f212c04e000-7f212c050000 r--s 00001000 08:03 1052538                    /home/salvio/.m2/repository/com/google/j2objc/j2objc-annotations/1.3/j2objc-annotations-1.3.jar
7f212c050000-7f212c051000 r--s 00001000 08:03 1180724                    /home/salvio/.m2/repository/org/checkerframework/checker-compat-qual/2.5.5/checker-compat-qual-2.5.5.jar
7f212c051000-7f212c052000 r--s 00000000 08:03 1052529                    /home/salvio/.m2/repository/com/google/guava/listenablefuture/9999.0-empty-to-avoid-conflict-with-guava/listenablefuture-9999.0-empty-to-avoid-conflict-with-guava.jar
7f212c052000-7f212c054000 r--s 00000000 08:03 1052527                    /home/salvio/.m2/repository/com/google/guava/failureaccess/1.0.1/failureaccess-1.0.1.jar
7f212c054000-7f212c085000 r--s 00252000 08:03 1180721                    /home/salvio/.m2/repository/com/google/guava/guava/29.0-android/guava-29.0-android.jar
7f212c085000-7f212c087000 r--s 00001000 08:03 1180719                    /home/salvio/.m2/repository/com/google/http-client/google-http-client-jackson2/1.38.0/google-http-client-jackson2-1.38.0.jar
7f212c087000-7f212c089000 r--s 00003000 08:03 1052531                    /home/salvio/.m2/repository/com/google/code/findbugs/jsr305/3.0.2/jsr305-3.0.2.jar
7f212c089000-7f212c08a000 r--s 00005000 08:03 1180716                    /home/salvio/.m2/repository/io/opencensus/opencensus-contrib-http-util/0.24.0/opencensus-contrib-http-util-0.24.0.jar
7f212c08a000-7f212c08c000 r--s 00006000 08:03 1180713                    /home/salvio/.m2/repository/io/grpc/grpc-context/1.22.1/grpc-context-1.22.1.jar
7f212c08c000-7f212c096000 r--s 0004c000 08:03 1180712                    /home/salvio/.m2/repository/io/opencensus/opencensus-api/0.24.0/opencensus-api-0.24.0.jar
7f212c096000-7f212c09d000 r--s 00040000 08:03 1180711                    /home/salvio/.m2/repository/com/google/http-client/google-http-client/1.38.0/google-http-client-1.38.0.jar
7f212c09d000-7f212c09f000 r--s 0000f000 08:03 1180714                    /home/salvio/.m2/repository/com/google/oauth-client/google-oauth-client/1.31.2/google-oauth-client-1.31.2.jar
7f212c09f000-7f212c0a4000 r--s 00030000 08:03 1180710                    /home/salvio/.m2/repository/com/google/api-client/google-api-client/1.31.1/google-api-client-1.31.1.jar
7f212c0a4000-7f212c0a7000 r--s 00021000 08:03 1180708                    /home/salvio/.m2/repository/com/google/apis/google-api-services-calendar/v3-rev20200917-1.30.10/google-api-services-calendar-v3-rev20200917-1.30.10.jar
7f212c0a7000-7f212c0ff000 r--s 0023f000 08:03 3279039                    /home/salvio/.m2/repository/br/org/carameloCode/erp/crm/modelRegras/1.1-SNAPSHOT/modelRegras-1.1-SNAPSHOT.jar
7f212c0ff000-7f212c100000 ---p 00000000 00:00 0 
7f212c100000-7f212c200000 rw-p 00000000 00:00 0 
7f212c200000-7f212c21b000 r-xp 00000000 08:02 5922154                    /usr/java/jdk1.8.0_202-amd64/jre/lib/amd64/libzip.so
7f212c21b000-7f212c41a000 ---p 0001b000 08:02 5922154                    /usr/java/jdk1.8.0_202-amd64/jre/lib/amd64/libzip.so
7f212c41a000-7f212c41b000 r--p 0001a000 08:02 5922154                    /usr/java/jdk1.8.0_202-amd64/jre/lib/amd64/libzip.so
7f212c41b000-7f212c41c000 rw-p 0001b000 08:02 5922154                    /usr/java/jdk1.8.0_202-amd64/jre/lib/amd64/libzip.so
7f212c41c000-7f212c41e000 r--s 0000a000 08:03 1209396                    /home/salvio/.m2/repository/br/org/coletivoJava/fw/integracoes/intGoogleCalendar/1.0-SNAPSHOT/intGoogleCalendar-1.0-SNAPSHOT.jar
7f212c41e000-7f212c420000 r--s 00008000 08:03 2752936                    /home/salvio/.m2/repository/br/org/coletivoJava/fw/integracoes/intTypebot/1.0-SNAPSHOT/intTypebot-1.0-SNAPSHOT.jar
7f212c420000-7f212c423000 r--s 00019000 08:03 2753070                    /home/salvio/.m2/repository/io/jsonwebtoken/jjwt/0.9.1/jjwt-0.9.1.jar
7f212c423000-7f212c425000 r--s 00002000 08:03 2752938                    /home/salvio/.m2/repository/br/org/coletivoJava/fw/integracoes/intAsteriskVoip/1.0.0-RC-SNAPSHOT/intAsteriskVoip-1.0.0-RC-SNAPSHOT.jar
7f212c425000-7f212c44c000 r--s 001f6000 08:03 1053091                    /home/salvio/.m2/repository/org/apache/commons/commons-math3/3.6.1/commons-math3-3.6.1.jar
7f212c44c000-7f212c452000 r--s 0002a000 08:03 1048859                    /home/salvio/.m2/repository/br/org/coletivoJava/fw/integracoes/erp/intERPRestful/1.0.0-RC-SNAPSHOT/intERPRestful-1.0.0-RC-SNAPSHOT.jar
7f212c452000-7f212c458000 r--s 00063000 08:03 1053084                    /home/salvio/.m2/repository/dnsjava/dnsjava/3.3.1/dnsjava-3.3.1.jar
7f212c458000-7f212c459000 r--s 00003000 08:03 1186501                    /home/salvio/.m2/repository/org/w3c/css/sac/1.3/sac-1.3.jar
7f212c459000-7f212c45d000 r--s 00061000 08:03 1311250                    /home/salvio/.m2/repository/net/sourceforge/cssparser/cssparser/0.9.30/cssparser-0.9.30.jar
7f212c45d000-7f212c45f000 r--s 00004000 08:03 1321222                    /home/salvio/.m2/repository/br/org/coletivoJava/fw/api/erp/crm/SbErpCRM/1.0.0-RC-SNAPSHOT/SbErpCRM-1.0.0-RC-SNAPSHOT.jar
7f212c45f000-7f212c460000 r--s 00001000 08:03 1182575                    /home/salvio/.m2/repository/com/super_bits/casa_nova/crm/apiJava/1.1-SNAPSHOT/apiJava-1.1-SNAPSHOT.jar
7f212c460000-7f212c462000 r--s 00001000 08:03 1321404                    /home/salvio/.m2/repository/com/super_bits/Casa_Nova/mktFaturamento/apiJava/1.1-SNAPSHOT/apiJava-1.1-SNAPSHOT.jar
7f212c462000-7f212c463000 r--s 00003000 08:03 2494123                    /home/salvio/.m2/repository/br/org/coletivoJava/fw/api/erp/ia/SbErpIA/1.0.0-RC-SNAPSHOT/SbErpIA-1.0.0-RC-SNAPSHOT.jar
7f212c463000-7f212c465000 r--s 00000000 08:03 1574583                    /home/salvio/.m2/repository/br/org/coletivoJava/fw/api/erp/comunicacao/canais/SbErpTipoCanalEmail/1.0.0-RC-SNAPSHOT/SbErpTipoCanalEmail-1.0.0-RC-SNAPSHOT.jar
7f212c465000-7f212c46d000 r--s 0002d000 08:03 6817889                    /home/salvio/.m2/repository/br/org/carameloCode/erp/agenda/SbErpAgenda/1.0.0-RC-SNAPSHOT/SbErpAgenda-1.0.0-RC-SNAPSHOT.jar
7f212c46d000-7f212c46f000 r--s 00008000 08:03 1203727                    /home/salvio/.m2/repository/br/org/coletivoJava/fw/integracoes/intMautic/1.0-SNAPSHOT/intMautic-1.0-SNAPSHOT.jar
7f212c46f000-7f212c493000 r--p 00000000 08:02 5440131                    /usr/share/locale/pt_BR/LC_MESSAGES/libc.mo
7f212c493000-7f212c495000 r--s 00006000 08:03 1320849                    /home/salvio/.m2/repository/javax/transaction/javax.transaction-api/1.2/javax.transaction-api-1.2.jar
7f212c495000-7f212c49a000 r--s 0002e000 08:03 1320843                    /home/salvio/.m2/repository/org/apache/taglibs/taglibs-standard-impl/1.2.5/taglibs-standard-impl-1.2.5.jar
7f212c49a000-7f212c49c000 r--s 00008000 08:03 1320844                    /home/salvio/.m2/repository/org/apache/taglibs/taglibs-standard-spec/1.2.5/taglibs-standard-spec-1.2.5.jar
7f212c49c000-7f212c49d000 r--s 00000000 08:03 1442097                    /home/salvio/.m2/repository/org/eclipse/jetty/apache-jstl/9.4.7.v20180619/apache-jstl-9.4.7.v20180619.jar
7f212c49d000-7f212c4af000 r--s 00223000 08:03 1320842                    /home/salvio/.m2/repository/org/eclipse/jdt/core/compiler/ecj/4.4.2/ecj-4.4.2.jar
7f212c4af000-7f212c4b4000 r--s 00037000 08:03 1442091                    /home/salvio/.m2/repository/org/mortbay/jasper/apache-el/8.5.9.1/apache-el-8.5.9.1.jar
7f212c4b4000-7f212c4c1000 r--s 000e1000 08:03 1442088                    /home/salvio/.m2/repository/org/mortbay/jasper/apache-jsp/8.5.9.1/apache-jsp-8.5.9.1.jar
7f212c4c1000-7f212c4c3000 r--s 0002d000 08:03 1320834                    /home/salvio/.m2/repository/org/eclipse/jetty/toolchain/jetty-schemas/3.1/jetty-schemas-3.1.jar
7f212c4c3000-7f212c4c4000 r--s 00002000 08:03 1442093                    /home/salvio/.m2/repository/org/eclipse/jetty/apache-jsp/9.4.7.v20180619/apache-jsp-9.4.7.v20180619.jar
7f212c4c4000-7f212c4c6000 r--s 00004000 08:03 1442095                    /home/salvio/.m2/repository/org/eclipse/jetty/websocket/websocket-servlet/9.4.7.v20180619/websocket-servlet-9.4.7.v20180619.jar
7f212c4c6000-7f212c4cc000 r--s 0003c000 08:03 1336618                    /home/salvio/.m2/repository/org/eclipse/jetty/jetty-client/9.4.7.v20180619/jetty-client-9.4.7.v20180619.jar
7f212c4cc000-7f212c4ce000 r--s 00007000 08:03 1196015                    /home/salvio/.m2/repository/org/eclipse/jetty/websocket/websocket-client/9.4.7.v20180619/websocket-client-9.4.7.v20180619.jar
7f212c4ce000-7f212c4d1000 r--s 00008000 08:03 1442086                    /home/salvio/.m2/repository/org/eclipse/jetty/websocket/websocket-api/9.4.7.v20180619/websocket-api-9.4.7.v20180619.jar
7f212c4d1000-7f212c4d6000 r--s 0002c000 08:03 1442083                    /home/salvio/.m2/repository/org/eclipse/jetty/websocket/websocket-common/9.4.7.v20180619/websocket-common-9.4.7.v20180619.jar
7f212c4d6000-7f212c4d8000 r--s 00007000 08:03 1442081                    /home/salvio/.m2/repository/org/eclipse/jetty/websocket/websocket-server/9.4.7.v20180619/websocket-server-9.4.7.v20180619.jar
7f212c4d8000-7f212c4da000 r--s 00007000 08:03 1320820                    /home/salvio/.m2/repository/javax/websocket/javax.websocket-api/1.0/javax.websocket-api-1.0.jar
7f212c4da000-7f212c4dc000 r--s 00005000 08:03 1442073                    /home/salvio/.m2/repository/javax/websocket/javax.websocket-client-api/1.0/javax.websocket-client-api-1.0.jar
7f212c4dc000-7f212c4e1000 r--s 00023000 08:03 1442079                    /home/salvio/.m2/repository/org/eclipse/jetty/websocket/javax-websocket-client-impl/9.4.7.v20180619/javax-websocket-client-impl-9.4.7.v20180619.jar
7f212c4e1000-7f212c4e3000 r--s 00006000 08:03 1336610                    /home/salvio/.m2/repository/org/ow2/asm/asm-tree/5.1/asm-tree-5.1.jar
7f212c4e3000-7f212c4e5000 r--s 0000a000 08:03 1336608                    /home/salvio/.m2/repository/org/ow2/asm/asm-commons/5.1/asm-commons-5.1.jar
7f212c4e5000-7f212c4e7000 r--s 0000c000 08:03 1336605                    /home/salvio/.m2/repository/org/ow2/asm/asm/5.1/asm-5.1.jar
7f212c4e7000-7f212c4ea000 r--s 00011000 08:03 1336616                    /home/salvio/.m2/repository/org/eclipse/jetty/jetty-annotations/9.4.7.v20180619/jetty-annotations-9.4.7.v20180619.jar
7f212c4ea000-7f212c4ec000 r--s 00005000 08:03 1336612                    /home/salvio/.m2/repository/org/eclipse/jetty/jetty-jmx/9.4.7.v20180619/jetty-jmx-9.4.7.v20180619.jar
7f212c4ec000-7f212c4ef000 r--s 0001d000 08:03 1336614                    /home/salvio/.m2/repository/org/eclipse/jetty/jetty-io/9.4.7.v20180619/jetty-io-9.4.7.v20180619.jar
7f212c4ef000-7f212c4f2000 r--s 00026000 08:03 1336603                    /home/salvio/.m2/repository/org/eclipse/jetty/jetty-http/9.4.7.v20180619/jetty-http-9.4.7.v20180619.jar
7f212c4f2000-7f212c4f5000 r--s 00015000 08:03 1054500                    /home/salvio/.m2/repository/javax/servlet/javax.servlet-api/3.1.0/javax.servlet-api-3.1.0.jar
7f212c4f5000-7f212c4fd000 r--s 00086000 08:03 1336602                    /home/salvio/.m2/repository/org/eclipse/jetty/jetty-server/9.4.7.v20180619/jetty-server-9.4.7.v20180619.jar
7f212c4fd000-7f212c4ff000 r--s 00009000 08:03 1336600                    /home/salvio/.m2/repository/org/eclipse/jetty/jetty-jndi/9.4.7.v20180619/jetty-jndi-9.4.7.v20180619.jar
7f212c4ff000-7f212c500000 ---p 00000000 00:00 0 
7f212c500000-7f212c600000 rw-p 00000000 00:00 0 
7f212c600000-7f212c878000 r--p 00000000 08:02 5533537                    /usr/lib/locale/pt_BR.utf8/LC_COLLATE
7f212c878000-7f212c879000 r--s 00008000 08:03 1442077                    /home/salvio/.m2/repository/org/eclipse/jetty/websocket/javax-websocket-server-impl/9.4.7.v20180619/javax-websocket-server-impl-9.4.7.v20180619.jar
7f212c879000-7f212c87b000 r--s 0000c000 08:03 1336598                    /home/salvio/.m2/repository/org/eclipse/jetty/jetty-plus/9.4.7.v20180619/jetty-plus-9.4.7.v20180619.jar
7f212c87b000-7f212c87d000 r--s 00015000 08:03 1196013                    /home/salvio/.m2/repository/org/eclipse/jetty/jetty-security/9.4.7.v20180619/jetty-security-9.4.7.v20180619.jar
7f212c87d000-7f212c87f000 r--s 00008000 08:03 1442071                    /home/salvio/.m2/repository/org/eclipse/jetty/jetty-jaas/9.4.7.v20180619/jetty-jaas-9.4.7.v20180619.jar
7f212c87f000-7f212c881000 r--s 00008000 08:03 1336596                    /home/salvio/.m2/repository/org/eclipse/jetty/jetty-quickstart/9.4.7.v20180619/jetty-quickstart-9.4.7.v20180619.jar
7f212c881000-7f212c883000 r--s 00019000 08:03 1195987                    /home/salvio/.m2/repository/org/eclipse/jetty/jetty-servlet/9.4.7.v20180619/jetty-servlet-9.4.7.v20180619.jar
7f212c883000-7f212c884000 r--s 0000c000 08:03 1195983                    /home/salvio/.m2/repository/org/eclipse/jetty/jetty-xml/9.4.7.v20180619/jetty-xml-9.4.7.v20180619.jar
7f212c884000-7f212c886000 r--s 0001d000 08:03 1195989                    /home/salvio/.m2/repository/org/eclipse/jetty/jetty-webapp/9.4.7.v20180619/jetty-webapp-9.4.7.v20180619.jar
7f212c886000-7f212c88e000 r--s 0006a000 08:03 1195976                    /home/salvio/.m2/repository/org/eclipse/jetty/jetty-util/9.4.7.v20180619/jetty-util-9.4.7.v20180619.jar
7f212c88e000-7f212c896000 r--s 00049000 08:03 1196567                    /home/salvio/.m2/repository/backport-util-concurrent/backport-util-concurrent/3.1/backport-util-concurrent-3.1.jar
7f212c896000-7f212c898000 r--s 00004000 08:03 1320778                    /home/salvio/.m2/repository/org/apache/maven/plugin-tools/maven-plugin-tools-api/3.4/maven-plugin-tools-api-3.4.jar
7f212c898000-7f212c89c000 r--s 0001a000 08:03 1320779                    /home/salvio/.m2/repository/org/sonatype/aether/aether-util/1.11/aether-util-1.11.jar
7f212c89c000-7f212c8a0000 r--s 00033000 08:03 1320756                    /home/salvio/.m2/repository/org/codehaus/plexus/plexus-utils/2.0.6/plexus-utils-2.0.6.jar
7f212c8a0000-7f212c8ac000 r--s 0006b000 08:03 1320753                    /home/salvio/.m2/repository/org/sonatype/sisu/sisu-guice/2.9.4/sisu-guice-2.9.4-no_aop.jar
7f212c8ac000-7f212c8b2000 r--s 00033000 08:03 1320751                    /home/salvio/.m2/repository/org/sonatype/sisu/sisu-inject-bean/2.1.1/sisu-inject-bean-2.1.1.jar
7f212c8b2000-7f212c8b4000 r--s 00018000 08:03 1199736                    /home/salvio/.m2/repository/org/eclipse/jetty/jetty-maven-plugin/9.4.7.v20180619/jetty-maven-plugin-9.4.7.v20180619.jar
7f212c8b4000-7f212c8b5000 r--s 00004000 08:03 1180212                    /home/salvio/.m2/repository/org/codehaus/plexus/plexus-compiler-javac/2.7/plexus-compiler-javac-2.7.jar
7f212c8b5000-7f212c8b7000 r--s 00000000 08:03 1180209                    /home/salvio/.m2/repository/org/codehaus/plexus/plexus-compiler-manager/2.7/plexus-compiler-manager-2.7.jar
7f212c8b7000-7f212c8b9000 r--s 00005000 08:03 1180210                    /home/salvio/.m2/repository/org/codehaus/plexus/plexus-compiler-api/2.7/plexus-compiler-api-2.7.jar
7f212c8b9000-7f212c8bb000 r--s 00002000 08:03 1051188                    /home/salvio/.m2/repository/org/apache/maven/shared/maven-shared-incremental/1.1/maven-shared-incremental-1.1.jar
7f212c8bb000-7f212c8bd000 r--s 00006000 08:03 1180204                    /home/salvio/.m2/repository/com/google/code/findbugs/jsr305/2.0.1/jsr305-2.0.1.jar
7f212c8bd000-7f212c8c1000 r--s 0002a000 08:03 1056196                    /home/salvio/.m2/repository/commons-io/commons-io/2.4/commons-io-2.4.jar
7f212c8c1000-7f212c8c4000 r--s 00023000 08:03 1180205                    /home/salvio/.m2/repository/org/apache/maven/shared/maven-shared-utils/3.0.0/maven-shared-utils-3.0.0.jar
7f212c8c4000-7f212c8c6000 r--s 00002000 08:03 1052802                    /home/salvio/.m2/repository/org/sonatype/plexus/plexus-cipher/1.4/plexus-cipher-1.4.jar
7f212c8c6000-7f212c8c8000 r--s 00000000 08:03 1056194                    /home/salvio/.m2/repository/org/codehaus/plexus/plexus-component-annotations/1.5.5/plexus-component-annotations-1.5.5.jar
7f212c8c8000-7f212c8ca000 r--s 0000d000 08:03 1052793                    /home/salvio/.m2/repository/org/codehaus/plexus/plexus-interpolation/1.14/plexus-interpolation-1.14.jar
7f212c8ca000-7f212c8ce000 r--s 00017000 08:03 1052791                    /home/salvio/.m2/repository/org/sonatype/aether/aether-util/1.7/aether-util-1.7.jar
7f212c8ce000-7f212c8d2000 r--s 00033000 08:03 1056192                    /home/salvio/.m2/repository/org/codehaus/plexus/plexus-utils/2.0.4/plexus-utils-2.0.4.jar
7f212c8d2000-7f212c8dd000 r--s 00069000 08:03 1052772                    /home/salvio/.m2/repository/org/sonatype/sisu/sisu-guice/2.1.7/sisu-guice-2.1.7-noaop.jar
7f212c8dd000-7f212c8e2000 r--s 00021000 08:03 1052770                    /home/salvio/.m2/repository/org/sonatype/sisu/sisu-inject-bean/1.4.2/sisu-inject-bean-1.4.2.jar
7f212c8e2000-7f212c8e4000 r--s 0000b000 08:03 1179946                    /home/salvio/.m2/repository/org/apache/maven/plugins/maven-compiler-plugin/3.5.1/maven-compiler-plugin-3.5.1.jar
7f212c8e4000-7f212c8ee000 r--s 00086000 08:03 1051078                    /home/salvio/.m2/repository/org/apache/commons/commons-lang3/3.12.0/commons-lang3-3.12.0.jar
7f212c8ee000-7f212c8f4000 r--s 0004a000 08:03 1051077                    /home/salvio/.m2/repository/commons-io/commons-io/2.11.0/commons-io-2.11.0.jar
7f212c8f4000-7f212c8f6000 r--s 00001000 08:03 1051073                    /home/salvio/.m2/repository/org/sonatype/plexus/plexus-build-api/0.0.7/plexus-build-api-0.0.7.jar
7f212c8f6000-7f212c8f8000 r--s 0000c000 08:03 1051071                    /home/salvio/.m2/repository/org/apache/maven/shared/maven-filtering/3.3.1/maven-filtering-3.3.1.jar
7f212c8f8000-7f212c8fc000 r--s 0003e000 08:03 1051072                    /home/salvio/.m2/repository/org/codehaus/plexus/plexus-utils/3.5.1/plexus-utils-3.5.1.jar
7f212c8fc000-7f212c8ff000 r--s 00012000 08:03 1051068                    /home/salvio/.m2/repository/org/codehaus/plexus/plexus-interpolation/1.26/plexus-interpolation-1.26.jar
7f212c8ff000-7f212c900000 ---p 00000000 00:00 0 
7f212c900000-7f212ca00000 rw-p 00000000 00:00 0 
7f212ca00000-7f212ca02000 r-xp 00000000 08:02 5922142                    /usr/java/jdk1.8.0_202-amd64/jre/lib/amd64/libnpt.so
7f212ca02000-7f212cc02000 ---p 00002000 08:02 5922142                    /usr/java/jdk1.8.0_202-amd64/jre/lib/amd64/libnpt.so
7f212cc02000-7f212cc03000 r--p 00002000 08:02 5922142                    /usr/java/jdk1.8.0_202-amd64/jre/lib/amd64/libnpt.so
7f212cc03000-7f212cc04000 rw-p 00003000 08:02 5922142                    /usr/java/jdk1.8.0_202-amd64/jre/lib/amd64/libnpt.so
7f212cc04000-7f212cc05000 r--s 00006000 08:03 1052801                    /home/salvio/.m2/repository/org/sonatype/plexus/plexus-sec-dispatcher/1.3/plexus-sec-dispatcher-1.3.jar
7f212cc05000-7f212cc06000 r--s 00007000 08:03 1050768                    /home/salvio/.m2/repository/org/apache/maven/plugins/maven-resources-plugin/3.3.1/maven-resources-plugin-3.3.1.jar
7f212cc06000-7f212cc07000 r--s 00002000 08:03 1179887                    /home/salvio/.m2/repository/org/codehaus/plexus/plexus-interactivity-api/1.0-alpha-6/plexus-interactivity-api-1.0-alpha-6.jar
7f212cc07000-7f212cc09000 r--s 00005000 08:03 1179888                    /home/salvio/.m2/repository/org/apache/maven/wagon/wagon-ssh-common/1.0/wagon-ssh-common-1.0.jar
7f212cc09000-7f212cc0c000 r--s 0002c000 08:03 1179892                    /home/salvio/.m2/repository/org/codehaus/plexus/plexus-utils/1.4.2/plexus-utils-1.4.2.jar
7f212cc0c000-7f212cc10000 r--s 00031000 08:03 1179886                    /home/salvio/.m2/repository/com/jcraft/jsch/0.1.44-1/jsch-0.1.44-1.jar
7f212cc10000-7f212cc11000 r--s 00006000 08:03 1179884                    /home/salvio/.m2/repository/org/apache/maven/wagon/wagon-ssh/1.0/wagon-ssh-1.0.jar
7f212cc11000-7f212cc16000 r--s 000a0000 08:02 5922405                    /usr/java/jdk1.8.0_202-amd64/jre/lib/jsse.jar
7f212cc16000-7f212cc17000 r--s 0000d000 08:02 5926351                    /usr/lib/apache-netbeans/java/maven-nblib/netbeans-eventspy.jar
7f212cc17000-7f212cc22000 r--s 0021a000 08:02 5922161                    /usr/java/jdk1.8.0_202-amd64/jre/lib/ext/localedata.jar
7f212cc22000-7f212cc45000 r--s 0038e000 08:02 5922282                    /usr/java/jdk1.8.0_202-amd64/jre/lib/ext/cldrdata.jar
7f212cc45000-7f212cc48000 r--s 0003c000 08:02 5926393                    /usr/lib/apache-netbeans/java/maven/lib/jansi-2.4.1.jar
7f212cc48000-7f212cc55000 r--s 000b3000 08:02 5926389                    /usr/lib/apache-netbeans/java/maven/lib/httpclient-4.5.14.jar
7f212cc55000-7f212cc5d000 r--s 00049000 08:02 5926391                    /usr/lib/apache-netbeans/java/maven/lib/httpcore-4.4.16.jar
7f212cc5d000-7f212cc90000 r--s 002b6000 08:02 5926385                    /usr/lib/apache-netbeans/java/maven/lib/guava-33.2.1-jre.jar
7f212cc90000-7f212cc91000 r--s 00005000 08:02 5926432                    /usr/lib/apache-netbeans/java/maven/lib/maven-slf4j-provider-3.9.9.jar
7f212cc91000-7f212cc93000 r--s 0000c000 08:02 5926426                    /usr/lib/apache-netbeans/java/maven/lib/maven-resolver-transport-http-1.9.22.jar
7f212cc93000-7f212cc94000 r--s 00007000 08:02 5926427                    /usr/lib/apache-netbeans/java/maven/lib/maven-resolver-transport-wagon-1.9.22.jar
7f212cc94000-7f212cca1000 r--s 000b1000 08:02 5926387                    /usr/lib/apache-netbeans/java/maven/lib/guice-5.1.0.jar
7f212cca1000-7f212cca8000 r--s 00048000 08:02 5926421                    /usr/lib/apache-netbeans/java/maven/lib/maven-resolver-impl-1.9.22.jar
7f212cca8000-7f212ccaf000 r--s 00054000 08:02 5926375                    /usr/lib/apache-netbeans/java/maven/lib/commons-codec-1.17.1.jar
7f212ccaf000-7f212ccbd000 r--s 0009f000 08:02 5926413                    /usr/lib/apache-netbeans/java/maven/lib/maven-core-3.9.9.jar
7f212ccbd000-7f212ccff000 rw-p 00000000 00:00 0 
7f212ccff000-7f212cd00000 ---p 00000000 00:00 0 
7f212cd00000-7f212ce00000 rw-p 00000000 00:00 0 
7f212ce00000-7f212ce3a000 r-xp 00000000 08:02 5922127                    /usr/java/jdk1.8.0_202-amd64/jre/lib/amd64/libjdwp.so
7f212ce3a000-7f212d039000 ---p 0003a000 08:02 5922127                    /usr/java/jdk1.8.0_202-amd64/jre/lib/amd64/libjdwp.so
7f212d039000-7f212d03a000 r--p 00039000 08:02 5922127                    /usr/java/jdk1.8.0_202-amd64/jre/lib/amd64/libjdwp.so
7f212d03a000-7f212d03b000 rw-p 0003a000 08:02 5922127                    /usr/java/jdk1.8.0_202-amd64/jre/lib/amd64/libjdwp.so
7f212d03b000-7f212d03d000 r--s 00009000 08:02 5926449                    /usr/lib/apache-netbeans/java/maven/lib/slf4j-api-1.7.36.jar
7f212d03d000-7f212d03f000 r--s 00009000 08:02 5926430                    /usr/lib/apache-netbeans/java/maven/lib/maven-settings-builder-3.9.9.jar
7f212d03f000-7f212d041000 r--s 00001000 08:02 5926452                    /usr/lib/apache-netbeans/java/maven/lib/wagon-http-3.5.3.jar
7f212d041000-7f212d042000 r--s 00003000 08:02 5926425                    /usr/lib/apache-netbeans/java/maven/lib/maven-resolver-transport-file-1.9.22.jar
7f212d042000-7f212d045000 r--s 0000c000 08:02 5926410                    /usr/lib/apache-netbeans/java/maven/lib/maven-artifact-3.9.9.jar
7f212d045000-7f212d04a000 r--s 0002e000 08:02 5926416                    /usr/lib/apache-netbeans/java/maven/lib/maven-model-builder-3.9.9.jar
7f212d04a000-7f212d04d000 r--s 00033000 08:02 5926415                    /usr/lib/apache-netbeans/java/maven/lib/maven-model-3.9.9.jar
7f212d04d000-7f212d04e000 r--s 0000a000 08:02 5926429                    /usr/lib/apache-netbeans/java/maven/lib/maven-settings-3.9.9.jar
7f212d04e000-7f212d050000 r--s 00000000 08:02 5926371                    /usr/lib/apache-netbeans/java/maven/lib/aopalliance-1.0.jar
7f212d050000-7f212d051000 r--s 00003000 08:02 5926411                    /usr/lib/apache-netbeans/java/maven/lib/maven-builder-support-3.9.9.jar
7f212d051000-7f212d054000 r--s 0000a000 08:02 5926424                    /usr/lib/apache-netbeans/java/maven/lib/maven-resolver-spi-1.9.22.jar
7f212d054000-7f212d05a000 r--s 0002f000 08:02 5926435                    /usr/lib/apache-netbeans/java/maven/lib/org.eclipse.sisu.plexus-0.9.0.M3.jar
7f212d05a000-7f212d0ff000 rw-p 00000000 00:00 0 
7f212d0ff000-7f212d100000 ---p 00000000 00:00 0 
7f212d100000-7f212d200000 rw-p 00000000 00:00 0 
7f212d200000-7f212d22c000 r-xp 00000000 08:02 5922119                    /usr/java/jdk1.8.0_202-amd64/jre/lib/amd64/libjava.so
7f212d22c000-7f212d42b000 ---p 0002c000 08:02 5922119                    /usr/java/jdk1.8.0_202-amd64/jre/lib/amd64/libjava.so
7f212d42b000-7f212d42c000 r--p 0002b000 08:02 5922119                    /usr/java/jdk1.8.0_202-amd64/jre/lib/amd64/libjava.so
7f212d42c000-7f212d42e000 rw-p 0002c000 08:02 5922119                    /usr/java/jdk1.8.0_202-amd64/jre/lib/amd64/libjava.so
7f212d42e000-7f212d430000 r--s 00003000 08:02 5926408                    /usr/lib/apache-netbeans/java/maven/lib/jcl-over-slf4j-1.7.36.jar
7f212d430000-7f212d433000 r--s 00022000 08:02 5926431                    /usr/lib/apache-netbeans/java/maven/lib/maven-shared-utils-3.4.2.jar
7f212d433000-7f212d43a000 r--s 00040000 08:02 5926412                    /usr/lib/apache-netbeans/java/maven/lib/maven-compat-3.9.9.jar
7f212d43a000-7f212d4ff000 rw-p 00000000 00:00 0 
7f212d4ff000-7f212d500000 ---p 00000000 00:00 0 
7f212d500000-7f212d600000 rw-p 00000000 00:00 0 
7f212d600000-7f212d60d000 r-xp 00000000 08:02 5922153                    /usr/java/jdk1.8.0_202-amd64/jre/lib/amd64/libverify.so
7f212d60d000-7f212d80c000 ---p 0000d000 08:02 5922153                    /usr/java/jdk1.8.0_202-amd64/jre/lib/amd64/libverify.so
7f212d80c000-7f212d80e000 r--p 0000c000 08:02 5922153                    /usr/java/jdk1.8.0_202-amd64/jre/lib/amd64/libverify.so
7f212d80e000-7f212d80f000 rw-p 0000e000 08:02 5922153                    /usr/java/jdk1.8.0_202-amd64/jre/lib/amd64/libverify.so
7f212d80f000-7f212d810000 r--s 00000000 08:02 5926406                    /usr/lib/apache-netbeans/java/maven/lib/javax.inject-1.jar
7f212d810000-7f212d812000 r--s 00002000 08:02 5926437                    /usr/lib/apache-netbeans/java/maven/lib/plexus-cipher-2.0.jar
7f212d812000-7f212d814000 r--s 0000c000 08:02 5926454                    /usr/lib/apache-netbeans/java/maven/lib/wagon-provider-api-3.5.3.jar
7f212d814000-7f212d8ff000 rw-p 00000000 00:00 0 
7f212d8ff000-7f212d900000 ---p 00000000 00:00 0 
7f212d900000-7f212da00000 rw-p 00000000 00:00 0 
7f212da00000-7f212e6e8000 r-xp 00000000 08:02 5922158                    /usr/java/jdk1.8.0_202-amd64/jre/lib/amd64/server/libjvm.so
7f212e6e8000-7f212e8e7000 ---p 00ce8000 08:02 5922158                    /usr/java/jdk1.8.0_202-amd64/jre/lib/amd64/server/libjvm.so
7f212e8e7000-7f212e97d000 r--p 00ce7000 08:02 5922158                    /usr/java/jdk1.8.0_202-amd64/jre/lib/amd64/server/libjvm.so
7f212e97d000-7f212e9ae000 rw-p 00d7d000 08:02 5922158                    /usr/java/jdk1.8.0_202-amd64/jre/lib/amd64/server/libjvm.so
7f212e9ae000-7f212e9e9000 rw-p 00000000 00:00 0 
7f212e9e9000-7f212e9ee000 r--s 00022000 08:02 5926419                    /usr/lib/apache-netbeans/java/maven/lib/maven-resolver-api-1.9.22.jar
7f212e9ee000-7f212e9f0000 r--s 00005000 08:02 5926404                    /usr/lib/apache-netbeans/java/maven/lib/javax.annotation-api-1.3.2.jar
7f212e9f0000-7f212e9f3000 r--s 0001a000 08:02 5926414                    /usr/lib/apache-netbeans/java/maven/lib/maven-embedder-3.9.9.jar
7f212e9f3000-7f212e9f5000 r--s 00000000 08:02 5926383                    /usr/lib/apache-netbeans/java/maven/lib/failureaccess-1.0.2.jar
7f212e9f5000-7f212e9f6000 r--s 00009000 08:02 5926453                    /usr/lib/apache-netbeans/java/maven/lib/wagon-http-shared-3.5.3.jar
7f212e9f6000-7f212e9f8000 r--s 00000000 08:02 5926439                    /usr/lib/apache-netbeans/java/maven/lib/plexus-component-annotations-2.1.0.jar
7f212e9f8000-7f212ea00000 r--s 00062000 08:02 5926433                    /usr/lib/apache-netbeans/java/maven/lib/org.eclipse.sisu.inject-0.9.0.M3.jar
7f212ea00000-7f212ebfb000 r-xp 00000000 08:02 1966084                    /lib64/libc.so.6
7f212ebfb000-7f212ebff000 r--p 001fa000 08:02 1966084                    /lib64/libc.so.6
7f212ebff000-7f212ec07000 rw-p 001fe000 08:02 1966084                    /lib64/libc.so.6
7f212ec07000-7f212ec15000 rw-p 00000000 00:00 0 
7f212ec15000-7f212ec16000 ---p 00000000 00:00 0 
7f212ec16000-7f212ec19000 ---p 00000000 00:00 0 
7f212ec19000-7f212ed16000 rw-p 00000000 00:00 0 
7f212ed16000-7f212edfd000 r-xp 00000000 08:02 1966096                    /lib64/libm.so.6
7f212edfd000-7f212edfe000 r--p 000e6000 08:02 1966096                    /lib64/libm.so.6
7f212edfe000-7f212ee00000 rw-p 000e7000 08:02 1966096                    /lib64/libm.so.6
7f212ee00000-7f212ee17000 r-xp 00000000 08:02 5922430                    /usr/java/jdk1.8.0_202-amd64/lib/amd64/jli/libjli.so
7f212ee17000-7f212f016000 ---p 00017000 08:02 5922430                    /usr/java/jdk1.8.0_202-amd64/lib/amd64/jli/libjli.so
7f212f016000-7f212f017000 r--p 00016000 08:02 5922430                    /usr/java/jdk1.8.0_202-amd64/lib/amd64/jli/libjli.so
7f212f017000-7f212f018000 rw-p 00017000 08:02 5922430                    /usr/java/jdk1.8.0_202-amd64/lib/amd64/jli/libjli.so
7f212f018000-7f212f01c000 r--s 0003e000 08:02 5926445                    /usr/lib/apache-netbeans/java/maven/lib/plexus-utils-3.5.1.jar
7f212f01c000-7f212f01e000 r--s 00010000 08:02 5926373                    /usr/lib/apache-netbeans/java/maven/lib/commons-cli-1.8.0.jar
7f212f01e000-7f212f021000 r--s 00011000 08:02 5926423                    /usr/lib/apache-netbeans/java/maven/lib/maven-resolver-provider-3.9.9.jar
7f212f021000-7f212f022000 r--s 00005000 08:02 5926443                    /usr/lib/apache-netbeans/java/maven/lib/plexus-sec-dispatcher-2.0.jar
7f212f022000-7f212f027000 r--s 0002b000 08:02 5926428                    /usr/lib/apache-netbeans/java/maven/lib/maven-resolver-util-1.9.22.jar
7f212f027000-7f212f029000 r--s 0000a000 08:02 5926417                    /usr/lib/apache-netbeans/java/maven/lib/maven-plugin-api-3.9.9.jar
7f212f029000-7f212f02a000 r--s 00009000 08:02 5926420                    /usr/lib/apache-netbeans/java/maven/lib/maven-resolver-connector-basic-1.9.22.jar
7f212f02a000-7f212f02b000 r--s 00006000 08:02 5926418                    /usr/lib/apache-netbeans/java/maven/lib/maven-repository-metadata-3.9.9.jar
7f212f02b000-7f212f02d000 r--s 00008000 08:02 5926422                    /usr/lib/apache-netbeans/java/maven/lib/maven-resolver-named-locks-1.9.22.jar
7f212f02d000-7f212f030000 r--s 00012000 08:02 5926441                    /usr/lib/apache-netbeans/java/maven/lib/plexus-interpolation-1.27.jar
7f212f030000-7f212f032000 r--s 00016000 08:02 5926447                    /usr/lib/apache-netbeans/java/maven/lib/plexus-xml-3.0.1.jar
7f212f032000-7f212f035000 r--s 0000b000 08:02 5926363                    /usr/lib/apache-netbeans/java/maven/boot/plexus-classworlds-2.8.0.jar
7f212f035000-7f212f05d000 rw-p 00000000 00:00 0 
7f212f05d000-7f212f092000 r--s 00000000 08:02 10880327                   /var/lib/nscd/passwd
7f212f092000-7f212f0ea000 r--p 00000000 08:02 5538845                    /usr/lib/locale/pt_BR.utf8/LC_CTYPE
7f212f0ea000-7f212f0eb000 r-xp 00000000 08:02 1966137                    /lib64/librt.so.1
7f212f0eb000-7f212f0ec000 r--p 00000000 08:02 1966137                    /lib64/librt.so.1
7f212f0ec000-7f212f0ed000 rw-p 00001000 08:02 1966137                    /lib64/librt.so.1
7f212f0ed000-7f212f0f2000 rw-p 00000000 00:00 0 
7f212f0f2000-7f212f0f3000 r-xp 00000000 08:02 1966091                    /lib64/libdl.so.2
7f212f0f3000-7f212f0f4000 r--p 00000000 08:02 1966091                    /lib64/libdl.so.2
7f212f0f4000-7f212f0f5000 rw-p 00001000 08:02 1966091                    /lib64/libdl.so.2
7f212f0f5000-7f212f0f6000 r-xp 00000000 08:02 1966094                    /lib64/libpthread.so.0
7f212f0f6000-7f212f0f7000 r--p 00000000 08:02 1966094                    /lib64/libpthread.so.0
7f212f0f7000-7f212f0f8000 rw-p 00001000 08:02 1966094                    /lib64/libpthread.so.0
7f212f0f8000-7f212f0f9000 r--s 00002000 08:02 5926451                    /usr/lib/apache-netbeans/java/maven/lib/wagon-file-3.5.3.jar
7f212f0f9000-7f212f101000 rw-s 00000000 08:02 10375108                   /tmp/hsperfdata_salvio/14971
7f212f101000-7f212f102000 r--p 00000000 08:02 5540412                    /usr/lib/locale/pt_BR.utf8/LC_NUMERIC
7f212f102000-7f212f103000 r--p 00000000 08:02 5538791                    /usr/lib/locale/pt_BR.utf8/LC_TIME
7f212f103000-7f212f104000 r--p 00000000 08:02 5538789                    /usr/lib/locale/pt_BR.utf8/LC_MONETARY
7f212f104000-7f212f105000 r--p 00000000 08:02 5533906                    /usr/lib/locale/pt_BR.utf8/LC_MESSAGES/SYS_LC_MESSAGES
7f212f105000-7f212f106000 r--p 00000000 08:02 5533544                    /usr/lib/locale/pt_BR.utf8/LC_PAPER
7f212f106000-7f212f107000 r--p 00000000 08:02 5533568                    /usr/lib/locale/pt_BR.utf8/LC_NAME
7f212f107000-7f212f108000 r--p 00000000 08:02 5532628                    /usr/lib/locale/pt_BR.utf8/LC_ADDRESS
7f212f108000-7f212f109000 r--p 00000000 08:02 5538790                    /usr/lib/locale/pt_BR.utf8/LC_TELEPHONE
7f212f109000-7f212f10a000 r--p 00000000 08:02 5539732                    /usr/lib/locale/pt_BR.utf8/LC_MEASUREMENT
7f212f10a000-7f212f111000 r--s 00000000 08:02 5538787                    /usr/lib64/gconv/gconv-modules.cache
7f212f111000-7f212f112000 r--p 00000000 08:02 5538788                    /usr/lib/locale/pt_BR.utf8/LC_IDENTIFICATION
7f212f112000-7f212f113000 rw-p 00000000 00:00 0 
7f212f113000-7f212f114000 r--p 00000000 00:00 0 
7f212f114000-7f212f116000 rw-p 00000000 00:00 0 
7f212f116000-7f212f149000 r-xp 00000000 08:02 1966082                    /lib64/ld-linux-x86-64.so.2
7f212f149000-7f212f14b000 r--p 00032000 08:02 1966082                    /lib64/ld-linux-x86-64.so.2
7f212f14b000-7f212f14d000 rw-p 00034000 08:02 1966082                    /lib64/ld-linux-x86-64.so.2
7ffd531c8000-7ffd531ea000 rw-p 00000000 00:00 0                          [stack]
7ffd531f8000-7ffd531fc000 r--p 00000000 00:00 0                          [vvar]
7ffd531fc000-7ffd531fe000 r-xp 00000000 00:00 0                          [vdso]
ffffffffff600000-ffffffffff601000 --xp 00000000 00:00 0                  [vsyscall]

VM Arguments:
jvm_args: -agentlib:jdwp=transport=dt_socket,server=n,address=56509 -Dclassworlds.conf=/usr/lib/apache-netbeans/java/maven/bin/m2.conf -Dmaven.home=/usr/lib/apache-netbeans/java/maven -Dlibrary.jansi.path=/usr/lib/apache-netbeans/java/maven/lib/jansi-native -Dmaven.multiModuleProjectDirectory=/home/superBits/projetos/carameloCode/source/carameloCodeCRM/webApp 
java_command: org.codehaus.plexus.classworlds.launcher.Launcher -Dnetbeans.deploy.debugmode=true -Djpda.listen=maven -Djpda.address=56509 -Dexec.vmArgs= -Dexec.appArgs= -Dmaven.ext.class.path=/usr/lib/apache-netbeans/java/maven-nblib/netbeans-eventspy.jar --no-transfer-progress jetty:run
java_class_path (initial): /usr/lib/apache-netbeans/java/maven/boot/plexus-classworlds-2.8.0.jar
Launcher Type: SUN_STANDARD

Environment Variables:
JAVA_HOME=/usr/java/jdk1.8.0_202-amd64
JRE_HOME=/usr/java/jdk1.8.0_202-amd64/jre
PATH=/home/salvio/.grok/bin:/home/salvio/.local/bin:/home/salvio/bin:/usr/local/bin:/usr/bin:/bin
SHELL=/bin/bash
DISPLAY=:0
HOSTTYPE=x86_64
OSTYPE=linux
MACHTYPE=x86_64-suse-linux

Signal Handlers:
SIGSEGV: [libjvm.so+0xad3ce0], sa_mask[0]=11111111011111111101111111111110, sa_flags=SA_RESTART|SA_SIGINFO
SIGBUS: [libjvm.so+0xad3ce0], sa_mask[0]=11111111011111111101111111111110, sa_flags=SA_RESTART|SA_SIGINFO
SIGFPE: [libjvm.so+0x90b820], sa_mask[0]=11111111011111111101111111111110, sa_flags=SA_RESTART|SA_SIGINFO
SIGPIPE: [libjvm.so+0x90b820], sa_mask[0]=11111111011111111101111111111110, sa_flags=SA_RESTART|SA_SIGINFO
SIGXFSZ: [libjvm.so+0x90b820], sa_mask[0]=11111111011111111101111111111110, sa_flags=SA_RESTART|SA_SIGINFO
SIGILL: [libjvm.so+0x90b820], sa_mask[0]=11111111011111111101111111111110, sa_flags=SA_RESTART|SA_SIGINFO
SIGUSR1: SIG_DFL, sa_mask[0]=00000000000000000000000000000000, sa_flags=none
SIGUSR2: [libjvm.so+0x90b6f0], sa_mask[0]=00000000000000000000000000000000, sa_flags=SA_RESTART|SA_SIGINFO
SIGHUP: [libjvm.so+0x90bd10], sa_mask[0]=11111111011111111101111111111110, sa_flags=SA_RESTART|SA_SIGINFO
SIGINT: SIG_IGN, sa_mask[0]=00000000000000000000000000000000, sa_flags=none
SIGTERM: [libjvm.so+0x90bd10], sa_mask[0]=11111111011111111101111111111110, sa_flags=SA_RESTART|SA_SIGINFO
SIGQUIT: [libjvm.so+0x90bd10], sa_mask[0]=11111111011111111101111111111110, sa_flags=SA_RESTART|SA_SIGINFO


---------------  S Y S T E M  ---------------

OS:NAME="openSUSE Leap"
VERSION="15.6"
ID="opensuse-leap"
ID_LIKE="suse opensuse"
VERSION_ID="15.6"
PRETTY_NAME="openSUSE Leap 15.6"
ANSI_COLOR="0;32"
CPE_NAME="cpe:/o:opensuse:leap:15.6"
BUG_REPORT_URL="https://bugs.opensuse.org"
HOME_URL="https://www.opensuse.org/"
DOCUMENTATION_URL="https://en.opensuse.org/Portal:Leap"
LOGO="distributor-logo-Leap"

uname:Linux 6.4.0-150600.23.38-default #1 SMP PREEMPT_DYNAMIC Thu Feb  6 08:53:28 UTC 2025 (cb92f8c) x86_64
libc:glibc 2.38 NPTL 2.38 
rlimit: STACK 8192k, CORE infinity, NPROC 63535, NOFILE 524288, AS infinity
load average:3,69 4,51 4,37

/proc/meminfo:
MemTotal:       16300228 kB
MemFree:         1054024 kB
MemAvailable:    2505252 kB
Buffers:          204144 kB
Cached:          2330000 kB
SwapCached:        17760 kB
Active:          2090004 kB
Inactive:       12052080 kB
Active(anon):     982752 kB
Inactive(anon): 11714832 kB
Active(file):    1107252 kB
Inactive(file):   337248 kB
Unevictable:      204552 kB
Mlocked:              32 kB
SwapTotal:      16300352 kB
SwapFree:       14700352 kB
Zswap:                 0 kB
Zswapped:              0 kB
Dirty:              2692 kB
Writeback:             0 kB
AnonPages:      11653028 kB
Mapped:           941140 kB
Shmem:           1089640 kB
KReclaimable:     342416 kB
Slab:             580292 kB
SReclaimable:     342416 kB
SUnreclaim:       237876 kB
KernelStack:       38992 kB
PageTables:       161508 kB
SecPageTables:         0 kB
NFS_Unstable:          0 kB
Bounce:                0 kB
WritebackTmp:          0 kB
CommitLimit:    24450464 kB
Committed_AS:   43284412 kB
VmallocTotal:   34359738367 kB
VmallocUsed:       69192 kB
VmallocChunk:          0 kB
Percpu:             5664 kB
HardwareCorrupted:     0 kB
AnonHugePages:   4603904 kB
ShmemHugePages:        0 kB
ShmemPmdMapped:        0 kB
FileHugePages:         0 kB
FilePmdMapped:         0 kB
CmaTotal:              0 kB
CmaFree:               0 kB
Unaccepted:            0 kB
HugePages_Total:       0
HugePages_Free:        0
HugePages_Rsvd:        0
HugePages_Surp:        0
Hugepagesize:       2048 kB
Hugetlb:               0 kB
DirectMap4k:      218488 kB
DirectMap2M:    11237376 kB
DirectMap1G:     6291456 kB


CPU:total 8 (initial active 8) (4 cores per cpu, 2 threads per core) family 6 model 60 stepping 3, cmov, cx8, fxsr, mmx, sse, sse2, sse3, ssse3, sse4.1, sse4.2, popcnt, avx, avx2, aes, clmul, erms, lzcnt, ht, tsc, tscinvbit, bmi1, bmi2

/proc/cpuinfo:
processor	: 0
vendor_id	: GenuineIntel
cpu family	: 6
model		: 60
model name	: Intel(R) Core(TM) i7-4790 CPU @ 3.60GHz
stepping	: 3
microcode	: 0x28
cpu MHz		: 2149.713
cache size	: 8192 KB
physical id	: 0
siblings	: 8
core id		: 0
cpu cores	: 4
apicid		: 0
initial apicid	: 0
fpu		: yes
fpu_exception	: yes
cpuid level	: 13
wp		: yes
flags		: fpu vme de pse tsc msr pae mce cx8 apic sep mtrr pge mca cmov pat pse36 clflush dts acpi mmx fxsr sse sse2 ss ht tm pbe syscall nx pdpe1gb rdtscp lm constant_tsc arch_perfmon pebs bts rep_good nopl xtopology nonstop_tsc cpuid aperfmperf pni pclmulqdq dtes64 monitor ds_cpl vmx smx est tm2 ssse3 sdbg fma cx16 xtpr pdcm pcid sse4_1 sse4_2 x2apic movbe popcnt tsc_deadline_timer aes xsave avx f16c rdrand lahf_lm abm cpuid_fault epb pti ssbd ibrs ibpb stibp tpr_shadow flexpriority ept vpid ept_ad fsgsbase tsc_adjust bmi1 avx2 smep bmi2 erms invpcid xsaveopt dtherm arat pln pts vnmi md_clear flush_l1d
vmx flags	: vnmi preemption_timer invvpid ept_x_only ept_ad ept_1gb flexpriority tsc_offset vtpr mtf vapic ept vpid unrestricted_guest ple shadow_vmcs
bugs		: cpu_meltdown spectre_v1 spectre_v2 spec_store_bypass l1tf mds swapgs itlb_multihit srbds mmio_unknown
bogomips	: 7183.70
clflush size	: 64
cache_alignment	: 64
address sizes	: 39 bits physical, 48 bits virtual
power management:

processor	: 1
vendor_id	: GenuineIntel
cpu family	: 6
model		: 60
model name	: Intel(R) Core(TM) i7-4790 CPU @ 3.60GHz
stepping	: 3
microcode	: 0x28
cpu MHz		: 2127.516
cache size	: 8192 KB
physical id	: 0
siblings	: 8
core id		: 1
cpu cores	: 4
apicid		: 2
initial apicid	: 2
fpu		: yes
fpu_exception	: yes
cpuid level	: 13
wp		: yes
flags		: fpu vme de pse tsc msr pae mce cx8 apic sep mtrr pge mca cmov pat pse36 clflush dts acpi mmx fxsr sse sse2 ss ht tm pbe syscall nx pdpe1gb rdtscp lm constant_tsc arch_perfmon pebs bts rep_good nopl xtopology nonstop_tsc cpuid aperfmperf pni pclmulqdq dtes64 monitor ds_cpl vmx smx est tm2 ssse3 sdbg fma cx16 xtpr pdcm pcid sse4_1 sse4_2 x2apic movbe popcnt tsc_deadline_timer aes xsave avx f16c rdrand lahf_lm abm cpuid_fault epb pti ssbd ibrs ibpb stibp tpr_shadow flexpriority ept vpid ept_ad fsgsbase tsc_adjust bmi1 avx2 smep bmi2 erms invpcid xsaveopt dtherm arat pln pts vnmi md_clear flush_l1d
vmx flags	: vnmi preemption_timer invvpid ept_x_only ept_ad ept_1gb flexpriority tsc_offset vtpr mtf vapic ept vpid unrestricted_guest ple shadow_vmcs
bugs		: cpu_meltdown spectre_v1 spectre_v2 spec_store_bypass l1tf mds swapgs itlb_multihit srbds mmio_unknown
bogomips	: 7183.70
clflush size	: 64
cache_alignment	: 64
address sizes	: 39 bits physical, 48 bits virtual
power management:

processor	: 2
vendor_id	: GenuineIntel
cpu family	: 6
model		: 60
model name	: Intel(R) Core(TM) i7-4790 CPU @ 3.60GHz
stepping	: 3
microcode	: 0x28
cpu MHz		: 2127.505
cache size	: 8192 KB
physical id	: 0
siblings	: 8
core id		: 2
cpu cores	: 4
apicid		: 4
initial apicid	: 4
fpu		: yes
fpu_exception	: yes
cpuid level	: 13
wp		: yes
flags		: fpu vme de pse tsc msr pae mce cx8 apic sep mtrr pge mca cmov pat pse36 clflush dts acpi mmx fxsr sse sse2 ss ht tm pbe syscall nx pdpe1gb rdtscp lm constant_tsc arch_perfmon pebs bts rep_good nopl xtopology nonstop_tsc cpuid aperfmperf pni pclmulqdq dtes64 monitor ds_cpl vmx smx est tm2 ssse3 sdbg fma cx16 xtpr pdcm pcid sse4_1 sse4_2 x2apic movbe popcnt tsc_deadline_timer aes xsave avx f16c rdrand lahf_lm abm cpuid_fault epb pti ssbd ibrs ibpb stibp tpr_shadow flexpriority ept vpid ept_ad fsgsbase tsc_adjust bmi1 avx2 smep bmi2 erms invpcid xsaveopt dtherm arat pln pts vnmi md_clear flush_l1d
vmx flags	: vnmi preemption_timer invvpid ept_x_only ept_ad ept_1gb flexpriority tsc_offset vtpr mtf vapic ept vpid unrestricted_guest ple shadow_vmcs
bugs		: cpu_meltdown spectre_v1 spectre_v2 spec_store_bypass l1tf mds swapgs itlb_multihit srbds mmio_unknown
bogomips	: 7183.70
clflush size	: 64
cache_alignment	: 64
address sizes	: 39 bits physical, 48 bits virtual
power management:

processor	: 3
vendor_id	: GenuineIntel
cpu family	: 6
model		: 60
model name	: Intel(R) Core(TM) i7-4790 CPU @ 3.60GHz
stepping	: 3
microcode	: 0x28
cpu MHz		: 2127.518
cache size	: 8192 KB
physical id	: 0
siblings	: 8
core id		: 3
cpu cores	: 4
apicid		: 6
initial apicid	: 6
fpu		: yes
fpu_exception	: yes
cpuid level	: 13
wp		: yes
flags		: fpu vme de pse tsc msr pae mce cx8 apic sep mtrr pge mca cmov pat pse36 clflush dts acpi mmx fxsr sse sse2 ss ht tm pbe syscall nx pdpe1gb rdtscp lm constant_tsc arch_perfmon pebs bts rep_good nopl xtopology nonstop_tsc cpuid aperfmperf pni pclmulqdq dtes64 monitor ds_cpl vmx smx est tm2 ssse3 sdbg fma cx16 xtpr pdcm pcid sse4_1 sse4_2 x2apic movbe popcnt tsc_deadline_timer aes xsave avx f16c rdrand lahf_lm abm cpuid_fault epb pti ssbd ibrs ibpb stibp tpr_shadow flexpriority ept vpid ept_ad fsgsbase tsc_adjust bmi1 avx2 smep bmi2 erms invpcid xsaveopt dtherm arat pln pts vnmi md_clear flush_l1d
vmx flags	: vnmi preemption_timer invvpid ept_x_only ept_ad ept_1gb flexpriority tsc_offset vtpr mtf vapic ept vpid unrestricted_guest ple shadow_vmcs
bugs		: cpu_meltdown spectre_v1 spectre_v2 spec_store_bypass l1tf mds swapgs itlb_multihit srbds mmio_unknown
bogomips	: 7183.70
clflush size	: 64
cache_alignment	: 64
address sizes	: 39 bits physical, 48 bits virtual
power management:

processor	: 4
vendor_id	: GenuineIntel
cpu family	: 6
model		: 60
model name	: Intel(R) Core(TM) i7-4790 CPU @ 3.60GHz
stepping	: 3
microcode	: 0x28
cpu MHz		: 2127.789
cache size	: 8192 KB
physical id	: 0
siblings	: 8
core id		: 0
cpu cores	: 4
apicid		: 1
initial apicid	: 1
fpu		: yes
fpu_exception	: yes
cpuid level	: 13
wp		: yes
flags		: fpu vme de pse tsc msr pae mce cx8 apic sep mtrr pge mca cmov pat pse36 clflush dts acpi mmx fxsr sse sse2 ss ht tm pbe syscall nx pdpe1gb rdtscp lm constant_tsc arch_perfmon pebs bts rep_good nopl xtopology nonstop_tsc cpuid aperfmperf pni pclmulqdq dtes64 monitor ds_cpl vmx smx est tm2 ssse3 sdbg fma cx16 xtpr pdcm pcid sse4_1 sse4_2 x2apic movbe popcnt tsc_deadline_timer aes xsave avx f16c rdrand lahf_lm abm cpuid_fault epb pti ssbd ibrs ibpb stibp tpr_shadow flexpriority ept vpid ept_ad fsgsbase tsc_adjust bmi1 avx2 smep bmi2 erms invpcid xsaveopt dtherm arat pln pts vnmi md_clear flush_l1d
vmx flags	: vnmi preemption_timer invvpid ept_x_only ept_ad ept_1gb flexpriority tsc_offset vtpr mtf vapic ept vpid unrestricted_guest ple shadow_vmcs
bugs		: cpu_meltdown spectre_v1 spectre_v2 spec_store_bypass l1tf mds swapgs itlb_multihit srbds mmio_unknown
bogomips	: 7183.70
clflush size	: 64
cache_alignment	: 64
address sizes	: 39 bits physical, 48 bits virtual
power management:

processor	: 5
vendor_id	: GenuineIntel
cpu family	: 6
model		: 60
model name	: Intel(R) Core(TM) i7-4790 CPU @ 3.60GHz
stepping	: 3
microcode	: 0x28
cpu MHz		: 2195.021
cache size	: 8192 KB
physical id	: 0
siblings	: 8
core id		: 1
cpu cores	: 4
apicid		: 3
initial apicid	: 3
fpu		: yes
fpu_exception	: yes
cpuid level	: 13
wp		: yes
flags		: fpu vme de pse tsc msr pae mce cx8 apic sep mtrr pge mca cmov pat pse36 clflush dts acpi mmx fxsr sse sse2 ss ht tm pbe syscall nx pdpe1gb rdtscp lm constant_tsc arch_perfmon pebs bts rep_good nopl xtopology nonstop_tsc cpuid aperfmperf pni pclmulqdq dtes64 monitor ds_cpl vmx smx est tm2 ssse3 sdbg fma cx16 xtpr pdcm pcid sse4_1 sse4_2 x2apic movbe popcnt tsc_deadline_timer aes xsave avx f16c rdrand lahf_lm abm cpuid_fault epb pti ssbd ibrs ibpb stibp tpr_shadow flexpriority ept vpid ept_ad fsgsbase tsc_adjust bmi1 avx2 smep bmi2 erms invpcid xsaveopt dtherm arat pln pts vnmi md_clear flush_l1d
vmx flags	: vnmi preemption_timer invvpid ept_x_only ept_ad ept_1gb flexpriority tsc_offset vtpr mtf vapic ept vpid unrestricted_guest ple shadow_vmcs
bugs		: cpu_meltdown spectre_v1 spectre_v2 spec_store_bypass l1tf mds swapgs itlb_multihit srbds mmio_unknown
bogomips	: 7183.70
clflush size	: 64
cache_alignment	: 64
address sizes	: 39 bits physical, 48 bits virtual
power management:

processor	: 6
vendor_id	: GenuineIntel
cpu family	: 6
model		: 60
model name	: Intel(R) Core(TM) i7-4790 CPU @ 3.60GHz
stepping	: 3
microcode	: 0x28
cpu MHz		: 2195.012
cache size	: 8192 KB
physical id	: 0
siblings	: 8
core id		: 2
cpu cores	: 4
apicid		: 5
initial apicid	: 5
fpu		: yes
fpu_exception	: yes
cpuid level	: 13
wp		: yes
flags		: fpu vme de pse tsc msr pae mce cx8 apic sep mtrr pge mca cmov pat pse36 clflush dts acpi mmx fxsr sse sse2 ss ht tm pbe syscall nx pdpe1gb rdtscp lm constant_tsc arch_perfmon pebs bts rep_good nopl xtopology nonstop_tsc cpuid aperfmperf pni pclmulqdq dtes64 monitor ds_cpl vmx smx est tm2 ssse3 sdbg fma cx16 xtpr pdcm pcid sse4_1 sse4_2 x2apic movbe popcnt tsc_deadline_timer aes xsave avx f16c rdrand lahf_lm abm cpuid_fault epb pti ssbd ibrs ibpb stibp tpr_shadow flexpriority ept vpid ept_ad fsgsbase tsc_adjust bmi1 avx2 smep bmi2 erms invpcid xsaveopt dtherm arat pln pts vnmi md_clear flush_l1d
vmx flags	: vnmi preemption_timer invvpid ept_x_only ept_ad ept_1gb flexpriority tsc_offset vtpr mtf vapic ept vpid unrestricted_guest ple shadow_vmcs
bugs		: cpu_meltdown spectre_v1 spectre_v2 spec_store_bypass l1tf mds swapgs itlb_multihit srbds mmio_unknown
bogomips	: 7183.70
clflush size	: 64
cache_alignment	: 64
address sizes	: 39 bits physical, 48 bits virtual
power management:

processor	: 7
vendor_id	: GenuineIntel
cpu family	: 6
model		: 60
model name	: Intel(R) Core(TM) i7-4790 CPU @ 3.60GHz
stepping	: 3
microcode	: 0x28
cpu MHz		: 2195.030
cache size	: 8192 KB
physical id	: 0
siblings	: 8
core id		: 3
cpu cores	: 4
apicid		: 7
initial apicid	: 7
fpu		: yes
fpu_exception	: yes
cpuid level	: 13
wp		: yes
flags		: fpu vme de pse tsc msr pae mce cx8 apic sep mtrr pge mca cmov pat pse36 clflush dts acpi mmx fxsr sse sse2 ss ht tm pbe syscall nx pdpe1gb rdtscp lm constant_tsc arch_perfmon pebs bts rep_good nopl xtopology nonstop_tsc cpuid aperfmperf pni pclmulqdq dtes64 monitor ds_cpl vmx smx est tm2 ssse3 sdbg fma cx16 xtpr pdcm pcid sse4_1 sse4_2 x2apic movbe popcnt tsc_deadline_timer aes xsave avx f16c rdrand lahf_lm abm cpuid_fault epb pti ssbd ibrs ibpb stibp tpr_shadow flexpriority ept vpid ept_ad fsgsbase tsc_adjust bmi1 avx2 smep bmi2 erms invpcid xsaveopt dtherm arat pln pts vnmi md_clear flush_l1d
vmx flags	: vnmi preemption_timer invvpid ept_x_only ept_ad ept_1gb flexpriority tsc_offset vtpr mtf vapic ept vpid unrestricted_guest ple shadow_vmcs
bugs		: cpu_meltdown spectre_v1 spectre_v2 spec_store_bypass l1tf mds swapgs itlb_multihit srbds mmio_unknown
bogomips	: 7183.70
clflush size	: 64
cache_alignment	: 64
address sizes	: 39 bits physical, 48 bits virtual
power management:



Memory: 4k page, physical 16300228k(1054024k free), swap 16300352k(14700352k free)

vm_info: Java HotSpot(TM) 64-Bit Server VM (25.202-b08) for linux-amd64 JRE (1.8.0_202-b08), built on Dec 15 2018 12:40:22 by "java_re" with gcc 7.3.0

time: Sun Jul 19 13:01:27 2026
timezone: -03
elapsed time: 82 seconds (0d 0h 1m 22s)

